trans_num,trans_date_trans_time,amt,merchant,category,is_fraud,rule_flags,rule_triggered,anomaly,anomaly_score,predicted_fraud,fraud_probability,risk_score,risk_level
sim_2043d949-71ec-40e3-97aa-85d7ca4471c0,2024-01-25 00:20:54,133.8000,fraud_Wilkinson PLC,kids_pets,0,RULE_VIOLATION:LOCATION_FAR_FROM_HOME (4612km > 500km),1,0.0000,0.0000,0.0000,0.0000,0.3000,Low
sim_35dffddd-41f0-4f9c-bb70-df18b763b463,2024-01-25 05:28:22,46.5700,fraud_Nolan-Williamson,kids_pets,0,RULE_VIOLATION:LOCATION_FAR_FROM_HOME (5286km > 500km),1,0.0000,0.0000,0.0000,0.0000,0.3000,Low
sim_e98d4158-1c38-47f5-9514-a54818b6adba,2024-01-25 08:27:45,50.0000,"fraud_Pouros, Walker and Spencer",kids_pets,0,RULE_VIOLATION:LOCATION_FAR_FROM_HOME (3631km > 500km),1,0.0000,0.0000,0.0000,0.0000,0.3000,Low
sim_89a2c3be-af9d-4c53-a5b3-90739757d493,2024-01-25 09:53:54,54.9700,fraud_Harber Inc,gas_transport,0,RULE_VIOLATION:LOCATION_FAR_FROM_HOME (5317km > 500km),1,0.0000,0.0000,0.0000,0.0000,0.3000,Low
sim_29e6a157-97b6-4063-a299-f1bdb1cd5a4e,2024-01-25 14:54:44,80.0300,"fraud_Streich, Hansen and Veum",gas_transport,0,RULE_VIOLATION:LOCATION_FAR_FROM_HOME (4012km > 500km),1,0.0000,0.0000,0.0000,0.0000,0.3000,Low
sim_24684620-8372-48cb-974d-0dc687ce5ebb,2024-01-25 15:46:52,17.5600,"fraud_Bins, Balistreri and Beatty",shopping_pos,0,RULE_VIOLATION:LOCATION_FAR_FROM_HOME (4057km > 500km); RULE_VIOLATION:HIGH_VELOCITY_RECENT_ACCOUNT (6 trans in 24h > 5),1,0.0000,0.0000,0.0000,0.0000,0.3000,Low
sim_313e88f7-cb7f-457b-9da2-3eb2683e68f4,2024-01-25 16:12:49,4.4800,fraud_Heaney-Marquardt,entertainment,0,RULE_VIOLATION:LOCATION_FAR_FROM_HOME (5179km > 500km); RULE_VIOLATION:HIGH_VELOCITY_RECENT_ACCOUNT (7 trans in 24h > 5),1,0.0000,0.0000,0.0000,0.0000,0.3000,Low
sim_0966c55e-26df-4894-8cf4-2563cff15bf7,2024-01-25 20:03:42,70.1100,"fraud_Olson, Becker and Koch",gas_transport,0,RULE_VIOLATION:LOCATION_FAR_FROM_HOME (3790km > 500km); RULE_VIOLATION:HIGH_VELOCITY_RECENT_ACCOUNT (8 trans in 24h > 5),1,0.0000,0.0000,0.0000,0.0000,0.3000,Low
sim_929ec1f0-88dd-4b72-b445-15024bbdbd34,2024-01-25 21:46:56,5.4700,fraud_Terry-Huel,shopping_net,0,RULE_VIOLATION:LOCATION_FAR_FROM_HOME (5327km > 500km); RULE_VIOLATION:HIGH_VELOCITY_RECENT_ACCOUNT (9 trans in 24h > 5),1,0.0000,0.0000,0.0000,0.0000,0.3000,Low
sim_d4151093-e52c-4ab4-8324-9cc1be8524f4,2024-01-26 01:06:01,73.5000,"fraud_O'Reilly, Mohr and Purdy",home,0,RULE_VIOLATION:LOCATION_FAR_FROM_HOME (3754km > 500km); RULE_VIOLATION:HIGH_VELOCITY_RECENT_ACCOUNT (9 trans in 24h > 5),1,0.0000,0.0000,0.0000,0.0000,0.3000,Low
sim_8a23008c-c356-4b6b-9551-979ef5f5d9a8,2024-01-26 02:39:04,72.8500,"fraud_Prosacco, Kreiger and Kovacek",home,0,RULE_VIOLATION:LOCATION_FAR_FROM_HOME (4366km > 500km); RULE_VIOLATION:HIGH_VELOCITY_RECENT_ACCOUNT (10 trans in 24h > 5),1,0.0000,0.0000,0.0000,0.0000,0.3000,Low
sim_e360e31c-ae32-4571-8c03-681e6985c58b,2024-01-26 05:05:15,4.4900,fraud_Friesen Inc,shopping_pos,0,RULE_VIOLATION:LOCATION_FAR_FROM_HOME (2282km > 500km); RULE_VIOLATION:HIGH_VELOCITY_RECENT_ACCOUNT (11 trans in 24h > 5),1,0.0000,0.0000,0.0000,0.0000,0.3000,Low
sim_3a2c8ce6-ad0a-404f-8cac-4d41d42c35e3,2024-01-26 07:23:58,70.8000,fraud_Romaguera Ltd,health_fitness,0,RULE_VIOLATION:LOCATION_FAR_FROM_HOME (5075km > 500km); RULE_VIOLATION:HIGH_VELOCITY_RECENT_ACCOUNT (11 trans in 24h > 5),1,0.0000,0.0000,0.0000,0.0000,0.3000,Low
sim_7500070c-46a4-42f3-ab8e-d051964f1089,2024-01-26 12:59:55,7.0900,"fraud_Reichert, Huels and Hoppe",shopping_net,0,RULE_VIOLATION:LOCATION_FAR_FROM_HOME (4559km > 500km); RULE_VIOLATION:HIGH_VELOCITY_RECENT_ACCOUNT (10 trans in 24h > 5),1,0.0000,0.0000,0.0000,0.0000,0.3000,Low
sim_7b305014-3151-4f01-a81f-dd2ca1da022c,2024-01-26 15:17:47,54.8700,"fraud_Olson, Becker and Koch",gas_transport,0,RULE_VIOLATION:LOCATION_FAR_FROM_HOME (4156km > 500km); RULE_VIOLATION:HIGH_VELOCITY_RECENT_ACCOUNT (10 trans in 24h > 5),1,0.0000,0.0000,0.0000,0.0000,0.3000,Low
sim_ac718797-acec-4be5-b2ae-48641460bd8d,2024-01-26 15:25:46,8.8100,fraud_Schimmel-Olson,kids_pets,0,RULE_VIOLATION:LOCATION_FAR_FROM_HOME (3694km > 500km); RULE_VIOLATION:HIGH_VELOCITY_RECENT_ACCOUNT (11 trans in 24h > 5),1,0.0000,0.0000,0.0000,0.0000,0.3000,Low
sim_937ffc22-107a-4fa6-8bf2-4d59e5537a0c,2024-01-26 17:05:24,1.4100,"fraud_Cole, Hills and Jewess",home,0,RULE_VIOLATION:LOCATION_FAR_FROM_HOME (3114km > 500km); RULE_VIOLATION:HIGH_VELOCITY_RECENT_ACCOUNT (10 trans in 24h > 5),1,0.0000,0.0000,0.0000,0.0000,0.3000,Low
sim_e3da7b7e-8301-48cb-9f13-4531a34e5dd0,2024-01-26 18:28:05,14.7200,fraud_Wiza LLC,misc_pos,0,RULE_VIOLATION:LOCATION_FAR_FROM_HOME (5120km > 500km); RULE_VIOLATION:HIGH_VELOCITY_RECENT_ACCOUNT (11 trans in 24h > 5),1,0.0000,0.0000,0.0000,0.0000,0.3000,Low
sim_3c654ba2-6dfa-436a-883f-c89e1da426ba,2024-01-26 19:47:55,135.7100,fraud_Dooley Inc,shopping_pos,0,RULE_VIOLATION:LOCATION_FAR_FROM_HOME (3676km > 500km); RULE_VIOLATION:HIGH_VELOCITY_RECENT_ACCOUNT (12 trans in 24h > 5),1,0.0000,0.0000,0.0000,0.0000,0.3000,Low
sim_3fbaede8-8157-407c-8ee5-c1453c3141b1,2024-01-26 20:31:47,36.9700,"fraud_Roberts, Daniel and Macejkovic",kids_pets,0,RULE_VIOLATION:LOCATION_FAR_FROM_HOME (2025km > 500km); RULE_VIOLATION:HIGH_VELOCITY_RECENT_ACCOUNT (12 trans in 24h > 5),1,0.0000,0.0000,0.0000,0.0000,0.3000,Low
sim_84c67da7-e45e-4cb5-b694-baca33bf0448,2024-01-26 21:12:07,65.5900,fraud_Zboncak LLC,food_dining,0,RULE_VIOLATION:LOCATION_FAR_FROM_HOME (3518km > 500km); RULE_VIOLATION:HIGH_VELOCITY_RECENT_ACCOUNT (13 trans in 24h > 5),1,0.0000,0.0000,0.0000,0.0000,0.3000,Low
sim_10238fec-7c35-4328-b61d-194065f80dd6,2024-01-26 21:25:03,146.0700,"fraud_Rowe, Batz and Goodwin",grocery_pos,0,RULE_VIOLATION:LOCATION_FAR_FROM_HOME (3493km > 500km); RULE_VIOLATION:HIGH_VELOCITY_RECENT_ACCOUNT (14 trans in 24h > 5),1,0.0000,0.0000,0.0000,0.0000,0.3000,Low
sim_2ca50d9e-b769-48dc-be51-8911e4caca71,2024-01-26 23:22:03,31.8700,"fraud_Cormier, Stracke and Thiel",entertainment,0,RULE_VIOLATION:LOCATION_FAR_FROM_HOME (4402km > 500km); RULE_VIOLATION:HIGH_VELOCITY_RECENT_ACCOUNT (14 trans in 24h > 5),1,0.0000,0.0000,0.0000,0.0000,0.3000,Low
sim_2f78b469-32e1-4db0-a516-4ea2aa96767f,2024-01-27 03:28:57,58.1600,fraud_Schuppe-Schuppe,food_dining,0,RULE_VIOLATION:LOCATION_FAR_FROM_HOME (4001km > 500km); RULE_VIOLATION:HIGH_VELOCITY_RECENT_ACCOUNT (13 trans in 24h > 5),1,0.0000,0.0000,0.0000,0.0000,0.3000,Low
sim_ea4f4c91-c93d-4d08-ac77-a35d80bd3f12,2024-01-27 06:03:58,3.6400,"fraud_Reichert, Huels and Hoppe",shopping_net,0,RULE_VIOLATION:LOCATION_FAR_FROM_HOME (4893km > 500km); RULE_VIOLATION:HIGH_VELOCITY_RECENT_ACCOUNT (13 trans in 24h > 5),1,0.0000,0.0000,0.0000,0.0000,0.3000,Low
sim_e239dd1f-7d44-4723-bfc8-758625f72215,2024-01-27 08:38:50,54.2400,fraud_Haag-Blanda,food_dining,0,RULE_VIOLATION:LOCATION_FAR_FROM_HOME (4271km > 500km); RULE_VIOLATION:HIGH_VELOCITY_RECENT_ACCOUNT (13 trans in 24h > 5),1,0.0000,0.0000,0.0000,0.0000,0.3000,Low
sim_0d46d187-924c-4536-b324-531472a1f423,2024-01-27 10:20:21,2.8300,fraud_Medhurst PLC,shopping_net,0,RULE_VIOLATION:LOCATION_FAR_FROM_HOME (4581km > 500km); RULE_VIOLATION:HIGH_VELOCITY_RECENT_ACCOUNT (14 trans in 24h > 5),1,0.0000,0.0000,0.0000,0.0000,0.3000,Low
sim_c5885eca-b2d1-419c-9396-a1ab528bc96d,2024-01-27 12:38:19,56.7600,fraud_Sporer Inc,gas_transport,0,RULE_VIOLATION:LOCATION_FAR_FROM_HOME (1332km > 500km); RULE_VIOLATION:HIGH_VELOCITY_RECENT_ACCOUNT (15 trans in 24h > 5),1,0.0000,0.0000,0.0000,0.0000,0.3000,Low
sim_57b0a019-e508-4aa0-8a7a-d0ea2736a15d,2024-01-27 12:39:56,173.6300,fraud_Bauch-Raynor,grocery_pos,0,RULE_VIOLATION:LOCATION_FAR_FROM_HOME (5365km > 500km); RULE_VIOLATION:HIGH_VELOCITY_RECENT_ACCOUNT (16 trans in 24h > 5),1,0.0000,0.0000,0.0000,0.0000,0.3000,Low
sim_43cc3a59-872c-4e8c-8264-e125bdde0475,2024-01-27 14:49:53,42.5700,fraud_Gottlieb-Hansen,personal_care,0,RULE_VIOLATION:LOCATION_FAR_FROM_HOME (3838km > 500km); RULE_VIOLATION:HIGH_VELOCITY_RECENT_ACCOUNT (16 trans in 24h > 5),1,0.0000,0.0000,0.0000,0.0000,0.3000,Low
sim_57876935-15a7-475f-ab3a-4cf73b447e0b,2024-01-27 18:01:01,185.0200,"fraud_Baumbach, Strosin and Nicolas",shopping_pos,0,RULE_VIOLATION:LOCATION_FAR_FROM_HOME (4766km > 500km); RULE_VIOLATION:HIGH_VELOCITY_RECENT_ACCOUNT (14 trans in 24h > 5),1,0.0000,0.0000,0.0000,0.0000,0.3000,Low
sim_d625d69a-dda1-46e2-b7f3-92571ab49bc5,2024-01-27 18:43:53,271.3700,"fraud_Towne, Greenholt and Koepp",shopping_net,0,RULE_VIOLATION:LOCATION_FAR_FROM_HOME (4501km > 500km); RULE_VIOLATION:HIGH_VELOCITY_RECENT_ACCOUNT (14 trans in 24h > 5),1,0.0000,0.0000,0.0000,0.0000,0.3000,Low
sim_49afc46b-f5c8-4cde-860b-8b156e54ee0c,2024-01-27 20:04:17,8.4100,fraud_Lynch Ltd,shopping_pos,0,RULE_VIOLATION:LOCATION_FAR_FROM_HOME (4788km > 500km); RULE_VIOLATION:HIGH_VELOCITY_RECENT_ACCOUNT (14 trans in 24h > 5),1,0.0000,0.0000,0.0000,0.0000,0.3000,Low
sim_8f40220d-e2d9-4f44-8951-fb9c154e1ecd,2024-01-27 21:31:49,157.7100,fraud_Beer-Jast,kids_pets,0,RULE_VIOLATION:LOCATION_FAR_FROM_HOME (1475km > 500km); RULE_VIOLATION:HIGH_VELOCITY_RECENT_ACCOUNT (12 trans in 24h > 5),1,0.0000,0.0000,0.0000,0.0000,0.3000,Low
sim_d330caca-9085-45d0-a884-915149e8a5f2,2024-01-28 01:47:34,66.7700,"fraud_Gutmann, McLaughlin and Wiza",home,0,RULE_VIOLATION:LOCATION_FAR_FROM_HOME (4445km > 500km); RULE_VIOLATION:HIGH_VELOCITY_RECENT_ACCOUNT (12 trans in 24h > 5),1,0.0000,0.0000,0.0000,0.0000,0.3000,Low
sim_d84c9bb6-2219-4a74-bc49-a6b9e095d2c9,2024-01-28 02:35:45,2.0500,fraud_Barrows PLC,shopping_pos,0,RULE_VIOLATION:LOCATION_FAR_FROM_HOME (5383km > 500km); RULE_VIOLATION:HIGH_VELOCITY_RECENT_ACCOUNT (13 trans in 24h > 5),1,0.0000,0.0000,0.0000,0.0000,0.3000,Low
sim_8c6ce531-bc39-4f89-800d-5a900fd4c833,2024-01-28 06:05:39,9.8800,fraud_Bednar Inc,travel,0,RULE_VIOLATION:LOCATION_FAR_FROM_HOME (5408km > 500km); RULE_VIOLATION:HIGH_VELOCITY_RECENT_ACCOUNT (12 trans in 24h > 5),1,0.0000,0.0000,0.0000,0.0000,0.3000,Low
sim_e9e4130a-82cf-475e-9664-dc8def528cbc,2024-01-28 07:30:38,18.1000,fraud_White and Sons,home,0,RULE_VIOLATION:LOCATION_FAR_FROM_HOME (4491km > 500km); RULE_VIOLATION:HIGH_VELOCITY_RECENT_ACCOUNT (13 trans in 24h > 5),1,0.0000,0.0000,0.0000,0.0000,0.3000,Low
sim_563298c8-db1d-4f4f-a437-982fbbc7fb2f,2024-01-28 07:46:42,131.0400,"fraud_Schiller, Blanda and Johnson",home,0,RULE_VIOLATION:LOCATION_FAR_FROM_HOME (4331km > 500km); RULE_VIOLATION:HIGH_VELOCITY_RECENT_ACCOUNT (14 trans in 24h > 5),1,0.0000,0.0000,0.0000,0.0000,0.3000,Low
sim_b02aa0cf-6bdb-4197-ab14-c77b5c03ce12,2024-01-28 08:56:41,6.6200,"fraud_O'Reilly, Mohr and Purdy",home,0,RULE_VIOLATION:LOCATION_FAR_FROM_HOME (4413km > 500km); RULE_VIOLATION:HIGH_VELOCITY_RECENT_ACCOUNT (14 trans in 24h > 5),1,0.0000,0.0000,0.0000,0.0000,0.3000,Low
sim_f9560382-ac8c-4803-ba2d-e3f97375030a,2024-01-28 13:48:42,22.4300,fraud_Cormier LLC,health_fitness,0,RULE_VIOLATION:LOCATION_FAR_FROM_HOME (3949km > 500km); RULE_VIOLATION:HIGH_VELOCITY_RECENT_ACCOUNT (12 trans in 24h > 5),1,0.0000,0.0000,0.0000,0.0000,0.3000,Low
sim_33646ca8-4697-4d8a-a9ba-acdd30a1d15d,2024-01-28 15:59:10,3.4000,fraud_Kessler Group,travel,0,RULE_VIOLATION:LOCATION_FAR_FROM_HOME (4077km > 500km); RULE_VIOLATION:HIGH_VELOCITY_RECENT_ACCOUNT (12 trans in 24h > 5),1,0.0000,0.0000,0.0000,0.0000,0.3000,Low
sim_88687e96-7133-4d8d-bf23-88d4e09abdb7,2024-01-28 21:53:55,38.4000,fraud_Erdman-Durgan,health_fitness,0,RULE_VIOLATION:LOCATION_FAR_FROM_HOME (4337km > 500km),1,0.0000,0.0000,0.0000,0.0000,0.3000,Low
sim_69cb7659-f8fa-477b-8fa8-ad4648fff7c9,2024-01-29 02:20:58,3.9200,"fraud_Feil, Hilpert and Koss",food_dining,0,RULE_VIOLATION:LOCATION_FAR_FROM_HOME (4881km > 500km),1,0.0000,0.0000,0.0000,0.0000,0.3000,Low
sim_f4cc7b45-99ae-46a5-a13a-8b907c324a6d,2024-01-29 08:14:46,350.7500,"fraud_Wiza, Schaden and Stark",misc_pos,0,RULE_VIOLATION:LOCATION_FAR_FROM_HOME (4191km > 500km),1,0.0000,0.0000,0.0000,0.0000,0.3000,Low
sim_f853581c-03fb-4e39-8b68-d38ff52fb1f3,2024-01-29 13:34:22,67.3600,fraud_Cummings LLC,gas_transport,0,RULE_VIOLATION:LOCATION_FAR_FROM_HOME (5394km > 500km),1,0.0000,0.0000,0.0000,0.0000,0.3000,Low
sim_49d2689a-6e72-4c7e-b616-ad9e81ef19dd,2024-01-29 13:41:56,83.4200,"fraud_Johnson, Runolfsdottir and Mayer",misc_net,0,RULE_VIOLATION:LOCATION_FAR_FROM_HOME (4997km > 500km),1,0.0000,0.0000,0.0000,0.0000,0.3000,Low
sim_2cc0d590-2bcf-4dc1-b1c0-42c8efaa598d,2024-01-29 18:24:06,34.7600,"fraud_Schaefer, Fay and Hilll",entertainment,0,RULE_VIOLATION:LOCATION_FAR_FROM_HOME (4562km > 500km),1,0.0000,0.0000,0.0000,0.0000,0.3000,Low
sim_62b4f9f3-0ab8-4a29-aa3a-eac84523146d,2024-01-29 21:52:37,67.2100,fraud_Quitzon-Goyette,home,0,RULE_VIOLATION:LOCATION_FAR_FROM_HOME (4068km > 500km),1,0.0000,0.0000,0.0000,0.0000,0.3000,Low
sim_04884648-9c3e-422c-95de-b103699efadd,2024-01-29 22:58:13,95.3600,"fraud_Medhurst, Cartwright and Ebert",personal_care,0,RULE_VIOLATION:LOCATION_FAR_FROM_HOME (5072km > 500km),1,0.0000,0.0000,0.0000,0.0000,0.3000,Low
sim_57edc188-3922-4edf-9f96-33606e0a817c,2024-01-30 02:25:02,1.2700,fraud_Gerlach Inc,shopping_net,0,RULE_VIOLATION:LOCATION_FAR_FROM_HOME (4730km > 500km),1,0.0000,0.0000,0.0000,0.0000,0.3000,Low
sim_cd4c6fc8-6711-4d2a-a4f1-352477330a8a,2024-01-30 04:36:53,99.3100,fraud_Vandervort-Funk,grocery_pos,0,RULE_VIOLATION:LOCATION_FAR_FROM_HOME (4298km > 500km),1,0.0000,0.0000,0.0000,0.0000,0.3000,Low
sim_cfb2dc13-e8c4-4c75-b88b-5405de6e9a20,2024-01-30 07:48:17,12.4800,fraud_Kub-Heaney,health_fitness,0,RULE_VIOLATION:LOCATION_FAR_FROM_HOME (4337km > 500km),1,0.0000,0.0000,0.0000,0.0000,0.3000,Low
sim_36ffbd67-3719-471b-8e8d-61321a7a1eaf,2024-01-30 07:51:34,13.3400,fraud_Barrows PLC,shopping_pos,0,RULE_VIOLATION:LOCATION_FAR_FROM_HOME (1794km > 500km),1,0.0000,0.0000,0.0000,0.0000,0.3000,Low
sim_d5fbfb0f-2983-4b7d-b2c2-0a836574f4b0,2024-01-30 12:06:43,39.0900,fraud_Erdman-Durgan,health_fitness,0,RULE_VIOLATION:LOCATION_FAR_FROM_HOME (4671km > 500km),1,0.0000,0.0000,0.0000,0.0000,0.3000,Low
sim_81f0ac90-ac41-46b6-901f-cc09f902f45d,2024-01-30 13:56:39,3.1600,fraud_Turcotte-Halvorson,misc_pos,0,RULE_VIOLATION:LOCATION_FAR_FROM_HOME (4979km > 500km),1,0.0000,0.0000,0.0000,0.0000,0.3000,Low
sim_dbe5ede7-4f36-4ac2-b650-1a92783b9eeb,2024-01-30 19:04:52,48.0100,fraud_Torp-Labadie,gas_transport,0,RULE_VIOLATION:LOCATION_FAR_FROM_HOME (4578km > 500km),1,0.0000,0.0000,0.0000,0.0000,0.3000,Low
sim_a80f8d33-ccc1-46b8-a1c0-3d2b6e9a143b,2024-01-30 19:43:53,54.3100,"fraud_Dare, Fritsch and Zboncak",health_fitness,0,RULE_VIOLATION:LOCATION_FAR_FROM_HOME (4825km > 500km),1,0.0000,0.0000,0.0000,0.0000,0.3000,Low
sim_594888bb-395a-4645-a4f3-071f77c3e82b,2024-01-31 00:33:38,9.0900,"fraud_Bins, Balistreri and Beatty",shopping_pos,0,RULE_VIOLATION:LOCATION_FAR_FROM_HOME (5192km > 500km),1,0.0000,0.0000,0.0000,0.0000,0.3000,Low
sim_ff6af2db-1891-41a1-b08e-0e4260164d9a,2024-01-31 05:32:21,8.3200,"fraud_Koss, McLaughlin and Mayer",food_dining,0,RULE_VIOLATION:LOCATION_FAR_FROM_HOME (3982km > 500km),1,0.0000,0.0000,0.0000,0.0000,0.3000,Low
sim_2922a7c6-70af-40b2-a77b-9bcc8cec4132,2024-01-31 07:10:51,73.3500,fraud_Huels-Hahn,gas_transport,0,RULE_VIOLATION:LOCATION_FAR_FROM_HOME (5045km > 500km),1,0.0000,0.0000,0.0000,0.0000,0.3000,Low
sim_267f33dc-26c1-47bd-8e78-05bef1b49222,2024-01-31 12:01:30,3.6900,"fraud_Conroy, Balistreri and Gorczany",health_fitness,0,RULE_VIOLATION:LOCATION_FAR_FROM_HOME (4170km > 500km),1,0.0000,0.0000,0.0000,0.0000,0.3000,Low
sim_a0e48326-15f5-4700-9f9b-f4a3f5970688,2024-01-31 15:23:11,73.2400,fraud_Morissette-Schaefer,personal_care,0,RULE_VIOLATION:LOCATION_FAR_FROM_HOME (4875km > 500km),1,0.0000,0.0000,0.0000,0.0000,0.3000,Low
sim_b702f300-eee8-47fd-91c4-9b8372bbb0c1,2024-01-31 20:06:39,98.3100,fraud_Wilkinson PLC,kids_pets,0,RULE_VIOLATION:LOCATION_FAR_FROM_HOME (5070km > 500km),1,0.0000,0.0000,0.0000,0.0000,0.3000,Low
sim_41d29dc5-c843-488b-989c-b6222e7f6dd3,2024-01-31 20:54:47,121.0200,fraud_Doyle Ltd,grocery_pos,0,RULE_VIOLATION:LOCATION_FAR_FROM_HOME (3348km > 500km),1,0.0000,0.0000,0.0000,0.0000,0.3000,Low
sim_1bcd215a-a79a-42f7-8794-f6560644c74f,2024-02-01 01:56:14,84.7200,fraud_Jakubowski Inc,home,0,RULE_VIOLATION:LOCATION_FAR_FROM_HOME (4651km > 500km),1,0.0000,0.0000,0.0000,0.0000,0.3000,Low
sim_b26f4561-1cec-4813-b637-13dab3e752ac,2024-02-01 04:38:22,5.8800,fraud_Klein Group,entertainment,0,RULE_VIOLATION:LOCATION_FAR_FROM_HOME (3943km > 500km),1,0.0000,0.0000,0.0000,0.0000,0.3000,Low
sim_1c5f968d-5712-4ece-8e35-065dc99ea32c,2024-02-01 09:14:30,6.5700,fraud_Kuphal-Predovic,misc_net,0,RULE_VIOLATION:LOCATION_FAR_FROM_HOME (3593km > 500km),1,0.0000,0.0000,0.0000,0.0000,0.3000,Low
sim_e7aaa5d6-3b35-4b35-8262-db9f9a6c2c73,2024-02-01 09:57:03,3.1400,"fraud_Greenholt, O'Hara and Balistreri",shopping_net,0,RULE_VIOLATION:LOCATION_FAR_FROM_HOME (3717km > 500km),1,0.0000,0.0000,0.0000,0.0000,0.3000,Low
sim_280830f6-0049-4423-8719-9056378741e1,2024-02-01 10:20:23,7.7800,"fraud_Haley, Jewess and Bechtelar",shopping_pos,0,RULE_VIOLATION:LOCATION_FAR_FROM_HOME (5010km > 500km),1,0.0000,0.0000,0.0000,0.0000,0.3000,Low
sim_d157da31-b10d-4561-94c0-fbda416a1577,2024-02-01 15:32:21,348.3700,"fraud_Okuneva, Schneider and Rau",shopping_pos,0,RULE_VIOLATION:LOCATION_FAR_FROM_HOME (4250km > 500km),1,0.0000,0.0000,0.0000,0.0000,0.3000,Low
sim_2c9518ad-3dab-4e90-9dd7-38aadd7edf98,2024-02-01 20:12:31,26.9500,fraud_Altenwerth-Kilback,home,0,RULE_VIOLATION:LOCATION_FAR_FROM_HOME (5388km > 500km),1,0.0000,0.0000,0.0000,0.0000,0.3000,Low
sim_73a7b5b5-9ae3-4dee-b27d-bfef2c7fb72d,2024-02-02 01:17:00,1.4700,"fraud_Hyatt, Russel and Gleichner",health_fitness,0,RULE_VIOLATION:LOCATION_FAR_FROM_HOME (5543km > 500km),1,0.0000,0.0000,0.0000,0.0000,0.3000,Low
sim_2a2b3bdc-203a-44bc-b5b5-e01967a06367,2024-02-02 05:22:47,15.3300,"fraud_Nienow, Barrows and Romaguera",personal_care,0,RULE_VIOLATION:LOCATION_FAR_FROM_HOME (3739km > 500km),1,0.0000,0.0000,0.0000,0.0000,0.3000,Low
sim_e8cec5db-2279-4eae-b863-c9d516eb5f01,2024-02-02 07:49:49,9.3100,fraud_Reynolds-Schinner,misc_pos,0,RULE_VIOLATION:LOCATION_FAR_FROM_HOME (5137km > 500km),1,0.0000,0.0000,0.0000,0.0000,0.3000,Low
sim_cbf5d513-9e07-4203-8dcc-14b52e56bfef,2024-02-02 13:03:12,36.1900,fraud_Maggio-Fahey,misc_pos,0,RULE_VIOLATION:LOCATION_FAR_FROM_HOME (3891km > 500km),1,0.0000,0.0000,0.0000,0.0000,0.3000,Low
sim_c5306675-a0b0-4eef-8f4f-86b6a6a6b9c8,2024-02-02 17:20:57,211.7800,fraud_Koepp-Witting,grocery_pos,0,RULE_VIOLATION:LOCATION_FAR_FROM_HOME (4478km > 500km),1,0.0000,0.0000,0.0000,0.0000,0.3000,Low
sim_348108de-df13-44a4-bf2f-25926b615bbd,2024-02-02 21:46:43,60.4300,"fraud_Olson, Becker and Koch",gas_transport,0,RULE_VIOLATION:LOCATION_FAR_FROM_HOME (4364km > 500km),1,0.0000,0.0000,0.0000,0.0000,0.3000,Low
sim_da97baa4-98b7-4dfc-8ead-ae169f473489,2024-02-03 01:02:03,64.6000,fraud_Daugherty LLC,kids_pets,0,RULE_VIOLATION:LOCATION_FAR_FROM_HOME (4733km > 500km),1,0.0000,0.0000,0.0000,0.0000,0.3000,Low
sim_310ebc68-bce1-4565-999b-fdedb1c4799c,2024-02-03 01:07:26,134.0400,fraud_Barton Inc,grocery_pos,0,RULE_VIOLATION:LOCATION_FAR_FROM_HOME (1515km > 500km),1,0.0000,0.0000,0.0000,0.0000,0.3000,Low
sim_7e5bf034-4687-4a1f-9687-b9e1573ded5e,2024-02-03 03:35:22,73.3000,fraud_McDermott-Weimann,grocery_pos,0,RULE_VIOLATION:LOCATION_FAR_FROM_HOME (3513km > 500km),1,0.0000,0.0000,0.0000,0.0000,0.3000,Low
sim_1ac10cdc-13b0-4c01-90b3-a7c39c77f647,2024-02-03 08:19:30,12.5900,fraud_Kozey-Kuhlman,personal_care,0,RULE_VIOLATION:LOCATION_FAR_FROM_HOME (1372km > 500km),1,0.0000,0.0000,0.0000,0.0000,0.3000,Low
sim_3e506faa-3240-495d-9918-b7f0a85d5660,2024-02-03 12:05:57,36.8200,"fraud_Bernier, Streich and Jewess",grocery_net,0,RULE_VIOLATION:LOCATION_FAR_FROM_HOME (4953km > 500km),1,0.0000,0.0000,0.0000,0.0000,0.3000,Low
sim_f940e032-1010-40db-9fe6-32a827dc1248,2024-02-03 14:47:45,161.0200,fraud_McKenzie-Huels,food_dining,0,RULE_VIOLATION:LOCATION_FAR_FROM_HOME (5000km > 500km),1,0.0000,0.0000,0.0000,0.0000,0.3000,Low
sim_9d2e7352-1001-40b2-a736-82325c55bcc3,2024-02-03 18:52:37,6.5700,fraud_Denesik and Sons,shopping_pos,0,RULE_VIOLATION:LOCATION_FAR_FROM_HOME (5165km > 500km),1,0.0000,0.0000,0.0000,0.0000,0.3000,Low
sim_7685a418-e7c0-4a69-a42f-f08d7adc6374,2024-02-03 23:13:56,118.9300,fraud_Spinka-Welch,grocery_net,0,RULE_VIOLATION:LOCATION_FAR_FROM_HOME (4984km > 500km),1,0.0000,0.0000,0.0000,0.0000,0.3000,Low
sim_f119a409-9c5e-4685-8339-ce2b79914d9b,2024-02-04 04:41:38,48.5300,fraud_Weber and Sons,food_dining,0,RULE_VIOLATION:LOCATION_FAR_FROM_HOME (3741km > 500km),1,0.0000,0.0000,0.0000,0.0000,0.3000,Low
sim_3d5dc794-7003-424a-8bae-44a23816c229,2024-02-04 09:02:34,105.5800,fraud_Cartwright PLC,kids_pets,0,RULE_VIOLATION:LOCATION_FAR_FROM_HOME (5331km > 500km),1,0.0000,0.0000,0.0000,0.0000,0.3000,Low
sim_6cbf63a1-3569-4450-9584-aa7c20048d05,2024-02-04 15:01:14,4.2900,"fraud_Wintheiser, Dietrich and Schimmel",misc_pos,0,RULE_VIOLATION:LOCATION_FAR_FROM_HOME (4380km > 500km),1,0.0000,0.0000,0.0000,0.0000,0.3000,Low
sim_5446121d-4932-490d-b9ff-9a12d139560c,2024-02-04 16:16:42,170.4500,fraud_Kunze Inc,grocery_pos,0,RULE_VIOLATION:LOCATION_FAR_FROM_HOME (4763km > 500km),1,0.0000,0.0000,0.0000,0.0000,0.3000,Low
sim_965850fc-821d-49d1-9ce1-5865b1a1a645,2024-02-04 19:32:46,140.1800,fraud_Kiehn-Emmerich,grocery_pos,0,RULE_VIOLATION:LOCATION_FAR_FROM_HOME (2288km > 500km),1,0.0000,0.0000,0.0000,0.0000,0.3000,Low
sim_bffb7d38-4312-4f15-9b94-74fb5a0d10a6,2024-02-05 00:10:59,28.3800,fraud_Stark-Koss,home,0,RULE_VIOLATION:LOCATION_FAR_FROM_HOME (4160km > 500km),1,0.0000,0.0000,0.0000,0.0000,0.3000,Low
sim_75fec05c-e628-45e0-ad69-9ad9690f3fcd,2024-02-05 05:08:51,72.3200,fraud_Botsford and Sons,home,0,RULE_VIOLATION:LOCATION_FAR_FROM_HOME (2998km > 500km),1,0.0000,0.0000,0.0000,0.0000,0.3000,Low
sim_9c37ff25-79e7-4a7f-9615-9004e5b57055,2024-02-05 11:04:19,35.1200,fraud_Kozey-Kuhlman,personal_care,0,RULE_VIOLATION:LOCATION_FAR_FROM_HOME (3164km > 500km),1,0.0000,0.0000,0.0000,0.0000,0.3000,Low
sim_95c89fff-2211-47e4-b4b1-eae04151460e,2024-02-05 15:25:00,4.8100,fraud_Rempel Inc,shopping_net,0,RULE_VIOLATION:LOCATION_FAR_FROM_HOME (4345km > 500km),1,0.0000,0.0000,0.0000,0.0000,0.3000,Low
sim_ee7f8f14-dc9a-4d06-8231-2efdf1b674ba,2024-02-05 20:59:57,3.0700,fraud_Keeling-Crist,misc_pos,0,RULE_VIOLATION:LOCATION_FAR_FROM_HOME (4369km > 500km),1,0.0000,0.0000,0.0000,0.0000,0.3000,Low
sim_3073bed0-fe15-466e-9f6b-8df8c00ac960,2024-02-05 22:24:30,1.9200,fraud_Towne LLC,misc_pos,0,RULE_VIOLATION:LOCATION_FAR_FROM_HOME (5089km > 500km),1,0.0000,0.0000,0.0000,0.0000,0.3000,Low
sim_8e2beb78-00d7-4385-844b-49508f1c7ca3,2024-02-06 03:14:11,104.9200,fraud_Adams-Barrows,health_fitness,0,RULE_VIOLATION:LOCATION_FAR_FROM_HOME (3655km > 500km),1,0.0000,0.0000,0.0000,0.0000,0.3000,Low
sim_d73e4495-a319-4691-9b41-4d450b9f9bf6,2024-02-06 06:42:05,69.2300,fraud_Jakubowski Group,food_dining,0,RULE_VIOLATION:LOCATION_FAR_FROM_HOME (5409km > 500km),1,0.0000,0.0000,0.0000,0.0000,0.3000,Low
sim_84d0b629-4805-4b95-a203-ab1f776f50c1,2024-02-06 08:58:58,3.7100,"fraud_Fadel, Mertz and Rippin",entertainment,0,RULE_VIOLATION:LOCATION_FAR_FROM_HOME (3131km > 500km),1,0.0000,0.0000,0.0000,0.0000,0.3000,Low
sim_59e1026f-4daf-4f19-ac98-523522f1eecf,2024-02-06 10:24:18,58.0900,fraud_Lubowitz-Walter,kids_pets,0,RULE_VIOLATION:LOCATION_FAR_FROM_HOME (3641km > 500km),1,0.0000,0.0000,0.0000,0.0000,0.3000,Low
sim_2f688e9e-decf-4d7e-a054-6b390bfcf884,2024-02-06 12:46:16,187.5200,fraud_Doyle Ltd,grocery_pos,0,RULE_VIOLATION:LOCATION_FAR_FROM_HOME (4804km > 500km),1,0.0000,0.0000,0.0000,0.0000,0.3000,Low
sim_ba5b8a04-bd21-4402-98ec-569ab8016cfd,2024-02-06 15:48:06,4.8200,"fraud_Monahan, Hermann and Johns",travel,0,RULE_VIOLATION:LOCATION_FAR_FROM_HOME (4601km > 500km),1,0.0000,0.0000,0.0000,0.0000,0.3000,Low
sim_76f5a669-1105-4b18-9252-09b3074798e9,2024-02-06 18:18:59,1.8900,fraud_Towne LLC,misc_pos,0,RULE_VIOLATION:LOCATION_FAR_FROM_HOME (3718km > 500km),1,0.0000,0.0000,0.0000,0.0000,0.3000,Low
sim_feab622e-5853-4fb2-b40e-8d3799868fd0,2024-02-06 20:18:02,14.2700,"fraud_Schiller, Blanda and Johnson",home,0,RULE_VIOLATION:LOCATION_FAR_FROM_HOME (5474km > 500km),1,0.0000,0.0000,0.0000,0.0000,0.3000,Low
sim_d4695ea7-ccd1-4344-b206-f34806aed32c,2024-02-07 00:28:42,74.0000,"fraud_Bahringer, Bergnaum and Quitzon",home,0,RULE_VIOLATION:LOCATION_FAR_FROM_HOME (2495km > 500km),1,0.0000,0.0000,0.0000,0.0000,0.3000,Low
sim_1862577e-80cc-461c-8d70-85fccb29db17,2024-02-07 02:44:07,32.5200,fraud_Williamson LLC,misc_pos,0,RULE_VIOLATION:LOCATION_FAR_FROM_HOME (5271km > 500km),1,0.0000,0.0000,0.0000,0.0000,0.3000,Low
sim_57c13416-689d-4e56-a5ac-7ac5209a5d32,2024-02-07 03:00:08,9.9500,fraud_Hickle Group,shopping_pos,0,RULE_VIOLATION:LOCATION_FAR_FROM_HOME (5293km > 500km),1,0.0000,0.0000,0.0000,0.0000,0.3000,Low
sim_3b2bf05c-9f4b-4867-80cb-8accdc5d5e55,2024-02-07 07:20:06,68.2200,"fraud_Torp, Muller and Borer",health_fitness,0,RULE_VIOLATION:LOCATION_FAR_FROM_HOME (3984km > 500km),1,0.0000,0.0000,0.0000,0.0000,0.3000,Low
sim_d1cc760b-8408-4c15-b1d5-4905b6c82a23,2024-02-07 08:40:20,12.4900,fraud_Bahringer-Streich,food_dining,0,RULE_VIOLATION:LOCATION_FAR_FROM_HOME (4183km > 500km),1,0.0000,0.0000,0.0000,0.0000,0.3000,Low
sim_67fc7761-5456-4732-a1f1-895be14238e4,2024-02-07 11:07:38,9.3200,fraud_Durgan-Auer,misc_net,0,RULE_VIOLATION:LOCATION_FAR_FROM_HOME (5133km > 500km),1,0.0000,0.0000,0.0000,0.0000,0.3000,Low
sim_2f9ffe91-3838-4707-b797-e5430412ecd7,2024-02-07 13:31:08,80.8000,fraud_Johns-Hoeger,entertainment,0,RULE_VIOLATION:LOCATION_FAR_FROM_HOME (3176km > 500km),1,0.0000,0.0000,0.0000,0.0000,0.3000,Low
sim_04f5bf45-e216-4a31-9871-d9481a166561,2024-02-07 17:33:34,11.3100,fraud_Adams-Barrows,health_fitness,0,RULE_VIOLATION:LOCATION_FAR_FROM_HOME (3682km > 500km),1,0.0000,0.0000,0.0000,0.0000,0.3000,Low
sim_62237a28-eed0-4808-bb93-87e9916cc713,2024-02-07 20:27:08,9.4000,"fraud_Rodriguez, Yost and Jenkins",misc_net,0,RULE_VIOLATION:LOCATION_FAR_FROM_HOME (4457km > 500km),1,0.0000,0.0000,0.0000,0.0000,0.3000,Low
sim_fc9d0606-03fc-48ef-914d-0a0473d2f23d,2024-02-07 20:42:14,3.0800,"fraud_Kutch, Steuber and Gerhold",food_dining,0,RULE_VIOLATION:LOCATION_FAR_FROM_HOME (1969km > 500km),1,0.0000,0.0000,0.0000,0.0000,0.3000,Low
sim_726c7ecc-6af7-4e63-9b7a-1fc130a93024,2024-02-07 21:45:11,1.1600,fraud_Bechtelar-Rippin,food_dining,0,RULE_VIOLATION:LOCATION_FAR_FROM_HOME (4183km > 500km),1,0.0000,0.0000,0.0000,0.0000,0.3000,Low
sim_0cd11bd3-d91b-4558-b171-67385b6d162b,2024-02-08 01:07:29,4.2600,fraud_Mohr-Bayer,shopping_net,0,RULE_VIOLATION:LOCATION_FAR_FROM_HOME (2991km > 500km),1,0.0000,0.0000,0.0000,0.0000,0.3000,Low
sim_7d5b62f6-8483-4a7a-984b-02f1b9b45c0c,2024-02-08 03:54:48,100.8800,"fraud_Feil, Hilpert and Koss",food_dining,0,RULE_VIOLATION:LOCATION_FAR_FROM_HOME (4283km > 500km),1,0.0000,0.0000,0.0000,0.0000,0.3000,Low
sim_922d28ef-5a59-4778-8fd7-c4bc4b960a51,2024-02-08 05:24:10,87.0900,fraud_Torp-Labadie,gas_transport,0,RULE_VIOLATION:LOCATION_FAR_FROM_HOME (4671km > 500km),1,0.0000,0.0000,0.0000,0.0000,0.3000,Low
sim_64fe987e-f663-4e6f-8376-d5f68a5e52c2,2024-02-08 06:07:26,50.2200,fraud_Emard Inc,gas_transport,0,RULE_VIOLATION:LOCATION_FAR_FROM_HOME (5414km > 500km),1,0.0000,0.0000,0.0000,0.0000,0.3000,Low
sim_40cee8e5-51c2-497b-a697-1229d498dfd2,2024-02-08 10:17:31,166.5000,"fraud_Tillman, Fritsch and Schmitt",misc_net,0,RULE_VIOLATION:LOCATION_FAR_FROM_HOME (4821km > 500km),1,0.0000,0.0000,0.0000,0.0000,0.3000,Low
sim_b7deab06-c530-4292-ba3f-edb0e452d1ac,2024-02-08 15:14:45,55.9000,fraud_Harris Inc,gas_transport,0,RULE_VIOLATION:LOCATION_FAR_FROM_HOME (3291km > 500km),1,0.0000,0.0000,0.0000,0.0000,0.3000,Low
sim_d94ffecf-8a02-4cc5-a6a0-d523fa65bb4e,2024-02-08 18:30:18,71.9600,fraud_Brekke and Sons,gas_transport,0,RULE_VIOLATION:LOCATION_FAR_FROM_HOME (5600km > 500km),1,0.0000,0.0000,0.0000,0.0000,0.3000,Low
sim_2d779b44-5198-4e14-8c95-155d7f4c5dd6,2024-02-08 21:52:57,55.5100,fraud_Watsica LLC,personal_care,0,RULE_VIOLATION:LOCATION_FAR_FROM_HOME (4204km > 500km),1,0.0000,0.0000,0.0000,0.0000,0.3000,Low
sim_32b4536d-df0c-4425-887c-f7e18fa406bc,2024-02-08 23:24:08,2.9400,"fraud_Labadie, Treutel and Bode",shopping_net,0,RULE_VIOLATION:LOCATION_FAR_FROM_HOME (2064km > 500km),1,0.0000,0.0000,0.0000,0.0000,0.3000,Low
sim_cb9c0882-abff-4667-bb61-3224375f88bc,2024-02-09 01:45:39,7.5900,"fraud_Parisian, Schiller and Altenwerth",misc_net,0,RULE_VIOLATION:LOCATION_FAR_FROM_HOME (3422km > 500km),1,0.0000,0.0000,0.0000,0.0000,0.3000,Low
sim_1dc5dd02-91ad-432d-b5d7-559478574dc7,2024-02-09 04:08:28,2.6300,fraud_Barrows PLC,shopping_pos,0,RULE_VIOLATION:LOCATION_FAR_FROM_HOME (2268km > 500km),1,0.0000,0.0000,0.0000,0.0000,0.3000,Low
sim_c55d82eb-35d8-4319-bdb0-fda2165f971c,2024-02-09 08:07:39,44.8300,"fraud_Tillman, Dickinson and Labadie",gas_transport,0,RULE_VIOLATION:LOCATION_FAR_FROM_HOME (4585km > 500km),1,0.0000,0.0000,0.0000,0.0000,0.3000,Low
sim_260fca2c-843d-4c46-9004-88c75a656931,2024-02-09 10:37:40,9.0700,"fraud_Effertz, Welch and Schowalter",entertainment,0,RULE_VIOLATION:LOCATION_FAR_FROM_HOME (3726km > 500km),1,0.0000,0.0000,0.0000,0.0000,0.3000,Low
sim_505b58c5-9a2f-48a4-b2eb-45f0e5c728d1,2024-02-09 14:33:46,3.5800,fraud_Schiller Ltd,personal_care,0,RULE_VIOLATION:LOCATION_FAR_FROM_HOME (4563km > 500km),1,0.0000,0.0000,0.0000,0.0000,0.3000,Low
sim_506118b7-4fba-46d9-a7e1-5aec40ee11b0,2024-02-09 16:50:23,470.2900,fraud_Spencer-Runolfsson,misc_pos,0,RULE_VIOLATION:LOCATION_FAR_FROM_HOME (4921km > 500km),1,0.0000,0.0000,0.0000,0.0000,0.3000,Low
sim_2ff7ecc4-86e6-44d2-89fa-a091e1c13520,2024-02-09 20:14:00,71.5100,"fraud_Robel, Cummerata and Prosacco",gas_transport,0,RULE_VIOLATION:LOCATION_FAR_FROM_HOME (5237km > 500km),1,0.0000,0.0000,0.0000,0.0000,0.3000,Low
sim_414159a9-4187-45ef-98ba-955fba556e05,2024-02-09 22:59:23,60.5100,fraud_Jaskolski-Dibbert,grocery_net,0,RULE_VIOLATION:LOCATION_FAR_FROM_HOME (3932km > 500km),1,0.0000,0.0000,0.0000,0.0000,0.3000,Low
sim_2919aec5-4347-4062-b1a6-2f58a8c37f7b,2024-02-10 03:17:11,120.0800,"fraud_Witting, Beer and Ernser",home,0,RULE_VIOLATION:LOCATION_FAR_FROM_HOME (4509km > 500km),1,0.0000,0.0000,0.0000,0.0000,0.3000,Low
sim_965c75db-40f0-428a-b157-ad942ce2c1ea,2024-02-10 07:32:43,7.1000,fraud_Kihn Inc,shopping_pos,0,RULE_VIOLATION:LOCATION_FAR_FROM_HOME (4431km > 500km),1,0.0000,0.0000,0.0000,0.0000,0.3000,Low
sim_bfcace07-a8c0-43fe-9321-b85f217fb209,2024-02-10 10:43:48,3.9100,"fraud_Greenholt, O'Hara and Balistreri",shopping_net,0,RULE_VIOLATION:LOCATION_FAR_FROM_HOME (1610km > 500km),1,0.0000,0.0000,0.0000,0.0000,0.3000,Low
sim_06ff7999-de92-43bb-b318-fdc21758791b,2024-02-10 12:23:04,61.1400,fraud_Torphy-Kertzmann,health_fitness,0,RULE_VIOLATION:LOCATION_FAR_FROM_HOME (4103km > 500km),1,0.0000,0.0000,0.0000,0.0000,0.3000,Low
sim_bbac9106-db17-4238-8c70-ddad06fc2692,2024-02-10 14:07:06,121.8000,"fraud_Parker, Nolan and Trantow",entertainment,0,RULE_VIOLATION:LOCATION_FAR_FROM_HOME (3946km > 500km),1,0.0000,0.0000,0.0000,0.0000,0.3000,Low
sim_59a05089-b80d-41f3-8fa4-231b2efe523d,2024-02-10 16:10:09,80.0800,fraud_Bartoletti-Wunsch,gas_transport,0,RULE_VIOLATION:LOCATION_FAR_FROM_HOME (3813km > 500km),1,0.0000,0.0000,0.0000,0.0000,0.3000,Low
sim_ae70661e-5382-4dd9-bc59-2355a1066c9f,2024-02-10 16:59:11,55.0800,fraud_Koss and Sons,gas_transport,0,RULE_VIOLATION:LOCATION_FAR_FROM_HOME (1299km > 500km),1,0.0000,0.0000,0.0000,0.0000,0.3000,Low
sim_c827d34a-cc08-4882-b042-870da19e58c0,2024-02-10 18:57:20,105.8600,fraud_Vandervort-Funk,grocery_pos,0,RULE_VIOLATION:LOCATION_FAR_FROM_HOME (3618km > 500km),1,0.0000,0.0000,0.0000,0.0000,0.3000,Low
sim_21855c90-2505-4cc2-b55a-1d80b7c30344,2024-02-10 20:01:23,22.2700,fraud_Paucek-Wiza,grocery_net,0,RULE_VIOLATION:LOCATION_FAR_FROM_HOME (3818km > 500km),1,0.0000,0.0000,0.0000,0.0000,0.3000,Low
sim_cb95bda1-4aba-4b49-98c2-b384db268cf4,2024-02-10 21:00:13,6.0100,fraud_Jakubowski Group,food_dining,0,RULE_VIOLATION:LOCATION_FAR_FROM_HOME (5608km > 500km),1,0.0000,0.0000,0.0000,0.0000,0.3000,Low
sim_e4c6c2c4-4fab-4bf7-89ca-262b693eeae3,2024-02-10 23:19:35,10.8800,fraud_Little Ltd,kids_pets,0,RULE_VIOLATION:LOCATION_FAR_FROM_HOME (3620km > 500km),1,0.0000,0.0000,0.0000,0.0000,0.3000,Low
sim_028b470b-29fe-47e6-af2c-29a8d2f9fb87,2024-02-11 04:56:42,11.1300,"fraud_Konopelski, Schneider and Hartmann",food_dining,0,RULE_VIOLATION:LOCATION_FAR_FROM_HOME (3745km > 500km),1,0.0000,0.0000,0.0000,0.0000,0.3000,Low
sim_3c8087cb-1347-400f-9da4-d6d2a60610e7,2024-02-11 09:02:31,55.9000,fraud_Gottlieb Group,kids_pets,0,RULE_VIOLATION:LOCATION_FAR_FROM_HOME (4013km > 500km),1,0.0000,0.0000,0.0000,0.0000,0.3000,Low
sim_40668a12-ae8b-40d7-9023-3db8a5c868f9,2024-02-11 13:28:22,71.0000,fraud_Collier LLC,home,0,RULE_VIOLATION:LOCATION_FAR_FROM_HOME (4414km > 500km),1,0.0000,0.0000,0.0000,0.0000,0.3000,Low
sim_05af2507-0c10-42b8-8957-68a5900a7d8b,2024-02-11 18:06:51,147.6000,fraud_Kuhic Inc,grocery_pos,0,RULE_VIOLATION:LOCATION_FAR_FROM_HOME (3703km > 500km),1,0.0000,0.0000,0.0000,0.0000,0.3000,Low
sim_e26e3126-3699-4b14-880a-ef8779a696c9,2024-02-11 22:43:16,6.4800,fraud_Hermann and Sons,shopping_pos,0,RULE_VIOLATION:LOCATION_FAR_FROM_HOME (5032km > 500km),1,0.0000,0.0000,0.0000,0.0000,0.3000,Low
sim_fce13f69-efae-430a-a734-e9cfd9bcfb15,2024-02-12 02:32:38,59.3500,"fraud_O'Reilly, Mohr and Purdy",home,0,RULE_VIOLATION:LOCATION_FAR_FROM_HOME (3714km > 500km),1,0.0000,0.0000,0.0000,0.0000,0.3000,Low
sim_0dc63c3f-9a67-4eb3-817c-07a7e1af1adb,2024-02-12 08:18:24,11.8400,fraud_Nienow PLC,entertainment,0,RULE_VIOLATION:LOCATION_FAR_FROM_HOME (4561km > 500km),1,0.0000,0.0000,0.0000,0.0000,0.3000,Low
sim_b3ca47af-5385-4b4f-885a-92bc7e8866c1,2024-02-12 12:49:10,73.7800,fraud_Rodriguez Group,gas_transport,0,RULE_VIOLATION:LOCATION_FAR_FROM_HOME (5572km > 500km),1,0.0000,0.0000,0.0000,0.0000,0.3000,Low
sim_a710a714-95fa-4a3a-812e-269de837624e,2024-02-12 17:29:25,1.0700,fraud_Baumbach Ltd,personal_care,0,RULE_VIOLATION:LOCATION_FAR_FROM_HOME (4688km > 500km),1,0.0000,0.0000,0.0000,0.0000,0.3000,Low
sim_236cabcd-2dc3-475f-96ab-e3faa60ff4b7,2024-02-12 21:23:40,19.7800,"fraud_Bernhard, Grant and Langworth",shopping_pos,0,RULE_VIOLATION:LOCATION_FAR_FROM_HOME (3656km > 500km),1,0.0000,0.0000,0.0000,0.0000,0.3000,Low
sim_0a008de5-94ed-4acb-87f2-da3ee7b0170d,2024-02-12 21:59:15,49.8200,"fraud_Baumbach, Hodkiewicz and Walsh",shopping_pos,0,RULE_VIOLATION:LOCATION_FAR_FROM_HOME (5336km > 500km),1,0.0000,0.0000,0.0000,0.0000,0.3000,Low
sim_bd4137a2-a53e-43a3-8fcb-5cf9d6bfc7fb,2024-02-13 01:06:16,39.9900,fraud_Simonis-Prohaska,misc_pos,0,RULE_VIOLATION:LOCATION_FAR_FROM_HOME (3051km > 500km),1,0.0000,0.0000,0.0000,0.0000,0.3000,Low
sim_5f86718f-395d-45a6-8d72-05cd36fc0e37,2024-02-13 01:45:49,2.1400,fraud_Thiel Ltd,travel,0,RULE_VIOLATION:LOCATION_FAR_FROM_HOME (5433km > 500km),1,0.0000,0.0000,0.0000,0.0000,0.3000,Low
sim_83ff1fc6-99ce-42b1-b0f2-3af7c7215139,2024-02-13 02:44:37,106.8300,fraud_Medhurst Inc,home,0,RULE_VIOLATION:LOCATION_FAR_FROM_HOME (4797km > 500km),1,0.0000,0.0000,0.0000,0.0000,0.3000,Low
sim_aacc1424-66e0-4da1-8d97-6d15d878c13d,2024-02-13 06:17:16,100.0500,"fraud_Schultz, Simonis and Little",grocery_pos,0,RULE_VIOLATION:LOCATION_FAR_FROM_HOME (3859km > 500km),1,0.0000,0.0000,0.0000,0.0000,0.3000,Low
sim_57a41a8f-26d8-4d06-a14d-308a62cae15c,2024-02-13 11:16:30,8.8200,"fraud_Yost, Schamberger and Windler",kids_pets,0,RULE_VIOLATION:LOCATION_FAR_FROM_HOME (5000km > 500km),1,0.0000,0.0000,0.0000,0.0000,0.3000,Low
sim_3bfbc8eb-5ded-40b8-9c90-de733570a836,2024-02-13 11:34:21,156.5100,fraud_Kuhn LLC,shopping_pos,0,RULE_VIOLATION:LOCATION_FAR_FROM_HOME (4618km > 500km),1,0.0000,0.0000,0.0000,0.0000,0.3000,Low
sim_f245cbab-4ec1-4529-bca2-a20c7b20c2ff,2024-02-13 12:55:43,39.6000,fraud_Kuphal-Toy,food_dining,0,RULE_VIOLATION:LOCATION_FAR_FROM_HOME (3783km > 500km),1,0.0000,0.0000,0.0000,0.0000,0.3000,Low
sim_de049fd0-24f5-4995-8af7-a01f0029a7ae,2024-02-13 16:57:59,58.7400,"fraud_Schoen, Kuphal and Nitzsche",grocery_pos,0,RULE_VIOLATION:LOCATION_FAR_FROM_HOME (2348km > 500km),1,0.0000,0.0000,0.0000,0.0000,0.3000,Low
sim_8e9520d5-bd30-4c69-b843-286e8dd86e30,2024-02-13 18:22:39,4.9300,"fraud_Towne, Greenholt and Koepp",shopping_net,0,RULE_VIOLATION:LOCATION_FAR_FROM_HOME (2351km > 500km),1,0.0000,0.0000,0.0000,0.0000,0.3000,Low
sim_ed00a2e8-d1f4-47b9-bc4f-ebc93f4f29fd,2024-02-13 19:22:30,70.0200,"fraud_Olson, Becker and Koch",gas_transport,0,RULE_VIOLATION:LOCATION_FAR_FROM_HOME (5211km > 500km),1,0.0000,0.0000,0.0000,0.0000,0.3000,Low
sim_65b02c9e-90c3-48a4-9990-3dee56e43c0a,2024-02-13 20:45:13,3.5900,fraud_Block-Hauck,travel,0,RULE_VIOLATION:LOCATION_FAR_FROM_HOME (5622km > 500km),1,0.0000,0.0000,0.0000,0.0000,0.3000,Low
sim_78c289f1-5c54-456f-a4db-3137f425a19c,2024-02-14 01:07:18,7.9700,fraud_Eichmann-Kilback,home,0,RULE_VIOLATION:LOCATION_FAR_FROM_HOME (4725km > 500km),1,0.0000,0.0000,0.0000,0.0000,0.3000,Low
sim_c8ab32c4-93d8-43c3-a557-040549b08e0d,2024-02-14 03:45:27,15.9200,fraud_Ernser-Feest,home,0,RULE_VIOLATION:LOCATION_FAR_FROM_HOME (3288km > 500km),1,0.0000,0.0000,0.0000,0.0000,0.3000,Low
sim_11626cf8-8427-4940-802e-5dc47c04155b,2024-02-14 05:33:18,75.8700,fraud_Medhurst Inc,home,0,RULE_VIOLATION:LOCATION_FAR_FROM_HOME (3846km > 500km),1,0.0000,0.0000,0.0000,0.0000,0.3000,Low
sim_5547f7b4-0ae1-45af-bb30-695549708cd1,2024-02-14 10:08:26,134.0400,"fraud_Roberts, Ryan and Smith",personal_care,0,RULE_VIOLATION:LOCATION_FAR_FROM_HOME (4953km > 500km),1,0.0000,0.0000,0.0000,0.0000,0.3000,Low
sim_f4e58afa-559d-44ab-9e7d-d8c96fe3e4e9,2024-02-14 12:39:51,9.0500,"fraud_Goyette, Howell and Collier",shopping_pos,0,RULE_VIOLATION:LOCATION_FAR_FROM_HOME (3642km > 500km),1,0.0000,0.0000,0.0000,0.0000,0.3000,Low
sim_130b1829-22ef-471f-81ef-6d8468e33fc8,2024-02-14 16:23:37,57.0200,fraud_McDermott-Weimann,grocery_pos,0,RULE_VIOLATION:LOCATION_FAR_FROM_HOME (1392km > 500km),1,0.0000,0.0000,0.0000,0.0000,0.3000,Low
sim_a3027271-a24c-4bfa-b2e3-a4f38f386c43,2024-02-14 17:01:24,10.2500,fraud_Schuppe-Schuppe,food_dining,0,RULE_VIOLATION:LOCATION_FAR_FROM_HOME (5146km > 500km),1,0.0000,0.0000,0.0000,0.0000,0.3000,Low
sim_80021648-4a94-4b86-88d9-f5ed104dfb4d,2024-02-14 22:28:07,137.7800,fraud_Murray-Smitham,grocery_pos,0,RULE_VIOLATION:LOCATION_FAR_FROM_HOME (4980km > 500km),1,0.0000,0.0000,0.0000,0.0000,0.3000,Low
sim_af2e4c28-098a-4416-b9c1-1c20a2552837,2024-02-15 02:50:11,412.1000,fraud_Kihn Inc,shopping_pos,0,RULE_VIOLATION:LOCATION_FAR_FROM_HOME (4343km > 500km),1,0.0000,0.0000,0.0000,0.0000,0.3000,Low
sim_b9f506f2-1709-4925-8042-99aa94a01e1f,2024-02-15 07:46:50,137.8300,"fraud_Rippin, Kub and Mann",misc_net,0,RULE_VIOLATION:LOCATION_FAR_FROM_HOME (4118km > 500km),1,0.0000,0.0000,0.0000,0.0000,0.3000,Low
sim_2154c0f5-0ce5-4cfa-bd8c-c6c54ed221a1,2024-02-15 08:35:39,88.0900,"fraud_Metz, Russel and Metz",kids_pets,0,RULE_VIOLATION:LOCATION_FAR_FROM_HOME (4078km > 500km),1,0.0000,0.0000,0.0000,0.0000,0.3000,Low
sim_72d7fd6c-374c-49f7-b5db-8f2fcef0bb93,2024-02-15 12:42:06,52.4100,"fraud_Kutch, Hermiston and Farrell",gas_transport,0,RULE_VIOLATION:LOCATION_FAR_FROM_HOME (4343km > 500km),1,0.0000,0.0000,0.0000,0.0000,0.3000,Low
sim_22c0978a-f0e1-4452-8c62-8e8cf981e214,2024-02-15 18:40:29,1.7900,fraud_Ankunding-Carroll,travel,0,RULE_VIOLATION:LOCATION_FAR_FROM_HOME (4746km > 500km),1,0.0000,0.0000,0.0000,0.0000,0.3000,Low
sim_5e0db758-23bc-4268-90c5-ffb9dbda804e,2024-02-15 20:01:22,8.9400,fraud_Ernser-Lynch,food_dining,0,RULE_VIOLATION:LOCATION_FAR_FROM_HOME (4696km > 500km),1,0.0000,0.0000,0.0000,0.0000,0.3000,Low
sim_6ad5f254-6b17-4414-8365-fcc8a804e059,2024-02-15 21:19:21,33.7000,fraud_Hintz-Bruen,grocery_net,0,RULE_VIOLATION:LOCATION_FAR_FROM_HOME (4597km > 500km),1,0.0000,0.0000,0.0000,0.0000,0.3000,Low
sim_3ccaab95-2fbc-42a7-bfe8-5ca5168fd067,2024-02-15 21:42:21,49.0000,"fraud_Raynor, Reinger and Hagenes",gas_transport,0,RULE_VIOLATION:LOCATION_FAR_FROM_HOME (5347km > 500km),1,0.0000,0.0000,0.0000,0.0000,0.3000,Low
sim_c35e096b-d4fa-43b0-b76f-e59817539ecf,2024-02-15 23:47:36,1.7300,fraud_Waelchi-Wolf,kids_pets,0,RULE_VIOLATION:LOCATION_FAR_FROM_HOME (4734km > 500km),1,0.0000,0.0000,0.0000,0.0000,0.3000,Low
sim_5b52f417-9723-406f-aed7-226772f55f7b,2024-02-16 04:12:08,2.8400,"fraud_Roob, Conn and Tremblay",shopping_pos,0,RULE_VIOLATION:LOCATION_FAR_FROM_HOME (4838km > 500km),1,0.0000,0.0000,0.0000,0.0000,0.3000,Low
sim_fe401539-1c80-4326-85bb-c3396ca74094,2024-02-16 07:19:56,14.5600,fraud_Miller-Harris,misc_net,0,RULE_VIOLATION:LOCATION_FAR_FROM_HOME (5590km > 500km),1,0.0000,0.0000,0.0000,0.0000,0.3000,Low
sim_6c01064d-7404-4632-b7e0-9ed2e5338854,2024-02-16 08:53:28,2.8400,fraud_Durgan-Auer,misc_net,0,RULE_VIOLATION:LOCATION_FAR_FROM_HOME (4693km > 500km),1,0.0000,0.0000,0.0000,0.0000,0.3000,Low
sim_9e01e5f6-7f3f-4876-8d21-f1fcac659046,2024-02-16 14:15:18,24.6100,fraud_Johns-Hoeger,entertainment,0,RULE_VIOLATION:LOCATION_FAR_FROM_HOME (4038km > 500km),1,0.0000,0.0000,0.0000,0.0000,0.3000,Low
sim_5468f38f-3e88-430d-a8a5-92127adae2b7,2024-02-16 16:15:21,101.9600,fraud_Wilkinson Ltd,entertainment,0,RULE_VIOLATION:LOCATION_FAR_FROM_HOME (4891km > 500km),1,0.0000,0.0000,0.0000,0.0000,0.3000,Low
sim_6d92e6f2-1e98-4b9f-812b-bcf769afad46,2024-02-16 16:33:11,816.6200,"fraud_Bernhard, Grant and Langworth",shopping_pos,1,RULE_VIOLATION:LOCATION_FAR_FROM_HOME (4244km > 500km),1,0.0000,0.0000,0.0000,0.0000,0.3000,Low
sim_612776c6-d353-4dca-8caf-91dcbe8ffd7f,2024-02-16 19:12:23,2.0100,fraud_Botsford and Sons,home,0,RULE_VIOLATION:LOCATION_FAR_FROM_HOME (3974km > 500km),1,0.0000,0.0000,0.0000,0.0000,0.3000,Low
sim_dba3304c-656d-4612-b601-118bbd5dc897,2024-02-16 19:39:28,72.2000,fraud_Schmitt Ltd,misc_net,0,RULE_VIOLATION:LOCATION_FAR_FROM_HOME (1798km > 500km),1,0.0000,0.0000,0.0000,0.0000,0.3000,Low
sim_e449426e-9671-4a42-a10f-6245a9313f98,2024-02-16 19:50:04,40.4900,fraud_Daugherty-Thompson,food_dining,0,RULE_VIOLATION:LOCATION_FAR_FROM_HOME (1650km > 500km),1,0.0000,0.0000,0.0000,0.0000,0.3000,Low
sim_6bceb0c3-8713-4eed-a49d-716a67cee9a4,2024-02-16 21:09:50,72.3400,"fraud_Koss, Hansen and Lueilwitz",home,0,RULE_VIOLATION:LOCATION_FAR_FROM_HOME (4489km > 500km),1,0.0000,0.0000,0.0000,0.0000,0.3000,Low
sim_67d2a1b6-bccc-4a25-8de3-8898fe15df0b,2024-02-16 22:32:56,38.5700,"fraud_Ledner, Hartmann and Feest",health_fitness,0,RULE_VIOLATION:LOCATION_FAR_FROM_HOME (4696km > 500km),1,0.0000,0.0000,0.0000,0.0000,0.3000,Low
sim_0f9e2725-0389-4de4-9fb3-9fd573836240,2024-02-17 00:58:39,115.1600,fraud_Pacocha-O'Reilly,grocery_pos,0,RULE_VIOLATION:LOCATION_FAR_FROM_HOME (2707km > 500km),1,0.0000,0.0000,0.0000,0.0000,0.3000,Low
sim_34d393c1-20a9-4ca0-9cf5-f8743f690477,2024-02-17 01:44:05,44.9000,fraud_Wilkinson Ltd,entertainment,0,RULE_VIOLATION:LOCATION_FAR_FROM_HOME (5397km > 500km),1,0.0000,0.0000,0.0000,0.0000,0.3000,Low
sim_c6e9d2e7-3234-4a24-aaec-8212e1ae6b58,2024-02-17 06:52:34,52.2700,fraud_Collier Inc,grocery_net,0,RULE_VIOLATION:LOCATION_FAR_FROM_HOME (3768km > 500km),1,0.0000,0.0000,0.0000,0.0000,0.3000,Low
sim_f30214fc-1499-481d-bea8-63fd105bc892,2024-02-17 07:58:06,9.0700,"fraud_Douglas, DuBuque and McKenzie",travel,0,RULE_VIOLATION:LOCATION_FAR_FROM_HOME (5507km > 500km),1,0.0000,0.0000,0.0000,0.0000,0.3000,Low
sim_0c9c3661-8f0d-4d3d-bb0c-23e0c1669601,2024-02-17 12:21:29,16.0500,fraud_Homenick LLC,personal_care,0,RULE_VIOLATION:LOCATION_FAR_FROM_HOME (5115km > 500km),1,0.0000,0.0000,0.0000,0.0000,0.3000,Low
sim_d5304259-0d2d-4793-bde3-2e34cf0de821,2024-02-17 14:34:44,8.6200,fraud_Mosciski Group,travel,0,RULE_VIOLATION:LOCATION_FAR_FROM_HOME (3978km > 500km),1,0.0000,0.0000,0.0000,0.0000,0.3000,Low
sim_fbf01b99-2b6a-4add-ab1a-2675d61df0f8,2024-02-17 15:12:05,58.7600,fraud_Marks Inc,gas_transport,0,RULE_VIOLATION:LOCATION_FAR_FROM_HOME (5485km > 500km),1,0.0000,0.0000,0.0000,0.0000,0.3000,Low
sim_329515d9-cda5-428d-a5e8-1a4040bd3fa6,2024-02-17 17:37:51,53.3300,fraud_Kutch LLC,gas_transport,0,RULE_VIOLATION:LOCATION_FAR_FROM_HOME (2364km > 500km),1,0.0000,0.0000,0.0000,0.0000,0.3000,Low
sim_fc4ba323-f215-45d0-8ea6-ac06f2c45c8e,2024-02-17 21:37:37,34.6700,fraud_Baumbach Ltd,personal_care,0,RULE_VIOLATION:LOCATION_FAR_FROM_HOME (3560km > 500km),1,0.0000,0.0000,0.0000,0.0000,0.3000,Low
sim_ee955cb7-399b-4674-bc3f-b62a887afdbb,2024-02-18 00:45:29,58.0300,fraud_Kuvalis Ltd,gas_transport,0,RULE_VIOLATION:LOCATION_FAR_FROM_HOME (5716km > 500km),1,0.0000,0.0000,0.0000,0.0000,0.3000,Low
sim_793a1f7a-4688-40e1-b280-85d6acb3287f,2024-02-18 01:59:41,13.5100,fraud_Hirthe-Beier,health_fitness,0,RULE_VIOLATION:LOCATION_FAR_FROM_HOME (4705km > 500km),1,0.0000,0.0000,0.0000,0.0000,0.3000,Low
sim_326eb11e-5972-44d4-adc1-6adaedd76483,2024-02-18 04:57:10,230.7500,"fraud_Hettinger, McCullough and Fay",home,0,RULE_VIOLATION:LOCATION_FAR_FROM_HOME (4852km > 500km),1,0.0000,0.0000,0.0000,0.0000,0.3000,Low
sim_b4ffd5ac-de7b-4136-adfa-c614ff56f4d5,2024-02-18 09:34:16,38.3100,fraud_Murray Ltd,grocery_net,0,RULE_VIOLATION:LOCATION_FAR_FROM_HOME (5192km > 500km),1,0.0000,0.0000,0.0000,0.0000,0.3000,Low
sim_fe715ce2-fc1e-4ac4-8829-449e690abfb6,2024-02-18 09:35:39,76.8800,fraud_Medhurst Inc,home,0,RULE_VIOLATION:LOCATION_FAR_FROM_HOME (3553km > 500km),1,0.0000,0.0000,0.0000,0.0000,0.3000,Low
sim_4e0bbed0-0e5b-47bd-8c71-0bd9e1dc040e,2024-02-18 15:34:35,133.6000,fraud_Bradtke PLC,grocery_pos,0,RULE_VIOLATION:LOCATION_FAR_FROM_HOME (3337km > 500km),1,0.0000,0.0000,0.0000,0.0000,0.3000,Low
sim_a3aeda69-fef3-4d00-a4c6-2312655ca289,2024-02-18 18:06:21,8.0400,fraud_Kihn Inc,shopping_pos,0,RULE_VIOLATION:LOCATION_FAR_FROM_HOME (4894km > 500km),1,0.0000,0.0000,0.0000,0.0000,0.3000,Low
sim_89964cca-bca8-420d-b830-72a4171efc4e,2024-02-18 22:32:56,206.9400,fraud_Kunze Inc,grocery_pos,0,RULE_VIOLATION:LOCATION_FAR_FROM_HOME (5549km > 500km),1,0.0000,0.0000,0.0000,0.0000,0.3000,Low
sim_f62316ee-ba7c-4bc5-8d11-4eae4c99c02a,2024-02-18 23:02:56,155.4300,fraud_Vandervort-Funk,grocery_pos,0,RULE_VIOLATION:LOCATION_FAR_FROM_HOME (5306km > 500km),1,0.0000,0.0000,0.0000,0.0000,0.3000,Low
sim_8f81b7af-b1c4-4c8c-bf46-f07a9c3dc74e,2024-02-19 02:05:10,101.1900,fraud_Schuppe LLC,entertainment,0,RULE_VIOLATION:LOCATION_FAR_FROM_HOME (3619km > 500km),1,0.0000,0.0000,0.0000,0.0000,0.3000,Low
sim_f7832675-242d-40fd-a01d-f932acce53cf,2024-02-19 03:38:43,74.0600,fraud_Jakubowski Group,food_dining,0,RULE_VIOLATION:LOCATION_FAR_FROM_HOME (5332km > 500km),1,0.0000,0.0000,0.0000,0.0000,0.3000,Low
sim_48868a0d-2159-405b-ac0a-5240a9ce7e20,2024-02-19 09:14:06,8.6400,fraud_Rempel Inc,shopping_net,0,RULE_VIOLATION:LOCATION_FAR_FROM_HOME (4497km > 500km),1,0.0000,0.0000,0.0000,0.0000,0.3000,Low
sim_2abce205-884c-4f0d-9ca1-d9b3a6d79bfc,2024-02-19 10:28:30,28.4400,fraud_Pfeffer LLC,grocery_net,0,RULE_VIOLATION:LOCATION_FAR_FROM_HOME (1433km > 500km),1,0.0000,0.0000,0.0000,0.0000,0.3000,Low
sim_48d9d1bb-ffe6-47d8-b996-5d907c830739,2024-02-19 12:02:20,54.8500,fraud_Stamm-Rodriguez,misc_pos,0,RULE_VIOLATION:LOCATION_FAR_FROM_HOME (5173km > 500km),1,0.0000,0.0000,0.0000,0.0000,0.3000,Low
sim_8edfee7f-c689-4f1f-b631-a1401b3329c2,2024-02-19 17:06:52,60.8500,fraud_Schmitt Inc,gas_transport,0,RULE_VIOLATION:LOCATION_FAR_FROM_HOME (3323km > 500km),1,0.0000,0.0000,0.0000,0.0000,0.3000,Low
sim_3d8f4730-a3d7-4ac9-8016-dae21759ed59,2024-02-19 17:47:44,5.4100,fraud_Dare-Marvin,entertainment,0,RULE_VIOLATION:LOCATION_FAR_FROM_HOME (4633km > 500km),1,0.0000,0.0000,0.0000,0.0000,0.3000,Low
sim_26e93393-4e07-44b0-a855-0017dadc5225,2024-02-19 18:02:57,79.5300,fraud_Goodwin-Nitzsche,grocery_pos,0,RULE_VIOLATION:LOCATION_FAR_FROM_HOME (5349km > 500km),1,0.0000,0.0000,0.0000,0.0000,0.3000,Low
sim_a628594b-8bfa-4b16-81cf-badbe9ab881f,2024-02-19 20:50:02,73.7500,"fraud_Raynor, Feest and Miller",gas_transport,0,RULE_VIOLATION:LOCATION_FAR_FROM_HOME (3051km > 500km),1,0.0000,0.0000,0.0000,0.0000,0.3000,Low
sim_b5075bd1-7651-4ae1-bdbf-85637ed9c475,2024-02-19 20:57:07,51.3500,fraud_Skiles-Ankunding,grocery_net,0,RULE_VIOLATION:LOCATION_FAR_FROM_HOME (4863km > 500km),1,0.0000,0.0000,0.0000,0.0000,0.3000,Low
sim_c68d401a-b5fe-45b9-adbf-906f685c9376,2024-02-20 00:37:17,33.1800,fraud_Kulas Group,health_fitness,0,RULE_VIOLATION:LOCATION_FAR_FROM_HOME (5371km > 500km),1,0.0000,0.0000,0.0000,0.0000,0.3000,Low
sim_37237994-d031-4f80-b798-57d0486231b8,2024-02-20 05:30:35,55.2000,fraud_Kling-Grant,grocery_net,0,RULE_VIOLATION:LOCATION_FAR_FROM_HOME (4954km > 500km),1,0.0000,0.0000,0.0000,0.0000,0.3000,Low
sim_4dca6a61-014e-46ea-84c9-ddb2931ad89c,2024-02-20 11:05:41,16.5600,fraud_Huel Ltd,misc_net,0,RULE_VIOLATION:LOCATION_FAR_FROM_HOME (3334km > 500km),1,0.0000,0.0000,0.0000,0.0000,0.3000,Low
sim_d85cc34c-d451-4dce-8c07-dd104b293684,2024-02-20 14:31:22,62.6000,fraud_Kemmer-Reinger,grocery_net,0,RULE_VIOLATION:LOCATION_FAR_FROM_HOME (5400km > 500km),1,0.0000,0.0000,0.0000,0.0000,0.3000,Low
sim_53878e53-ff5f-4300-8a92-14eb1b8df3c6,2024-02-20 16:22:31,139.3000,fraud_Crooks and Sons,personal_care,0,RULE_VIOLATION:LOCATION_FAR_FROM_HOME (3698km > 500km),1,0.0000,0.0000,0.0000,0.0000,0.3000,Low
sim_2232ffe5-2a00-41ce-8223-4870f5712825,2024-02-20 19:19:03,50.6900,"fraud_Kovacek, Dibbert and Ondricka",grocery_pos,0,RULE_VIOLATION:LOCATION_FAR_FROM_HOME (5370km > 500km),1,0.0000,0.0000,0.0000,0.0000,0.3000,Low
sim_4c0cb540-73e8-44f6-8e41-241ffd6a2a54,2024-02-20 23:42:25,33.3900,"fraud_Crist, Jakubowski and Littel",home,0,RULE_VIOLATION:LOCATION_FAR_FROM_HOME (4270km > 500km),1,0.0000,0.0000,0.0000,0.0000,0.3000,Low
sim_0fce5d30-14da-42ac-aba7-8b59cc91fd9c,2024-02-21 02:22:13,40.3600,"fraud_Hahn, Bahringer and McLaughlin",personal_care,0,RULE_VIOLATION:LOCATION_FAR_FROM_HOME (3656km > 500km),1,0.0000,0.0000,0.0000,0.0000,0.3000,Low
sim_9d05b417-7970-4aa9-b11b-773435e6854d,2024-02-21 07:20:43,56.1800,fraud_Huels-Nolan,gas_transport,0,RULE_VIOLATION:LOCATION_FAR_FROM_HOME (1571km > 500km),1,0.0000,0.0000,0.0000,0.0000,0.3000,Low
sim_30dc9239-3c9d-42b3-97fe-0c83b8566e26,2024-02-21 12:04:10,3.3800,fraud_Bahringer Group,health_fitness,0,RULE_VIOLATION:LOCATION_FAR_FROM_HOME (3371km > 500km),1,0.0000,0.0000,0.0000,0.0000,0.3000,Low
sim_5563febf-d6f6-4fa7-8d01-240698543c5d,2024-02-21 17:41:45,4.9200,"fraud_Monahan, Hermann and Johns",travel,0,RULE_VIOLATION:LOCATION_FAR_FROM_HOME (5400km > 500km),1,0.0000,0.0000,0.0000,0.0000,0.3000,Low
sim_43489018-fcfe-4da9-8dec-8508ab8d7229,2024-02-21 23:21:52,18.1600,fraud_Thompson-Gleason,health_fitness,0,RULE_VIOLATION:LOCATION_FAR_FROM_HOME (3615km > 500km),1,0.0000,0.0000,0.0000,0.0000,0.3000,Low
sim_63c5627a-9b26-4150-a71e-3902371dd149,2024-02-22 05:15:29,32.8900,fraud_Windler LLC,kids_pets,0,RULE_VIOLATION:LOCATION_FAR_FROM_HOME (4289km > 500km),1,0.0000,0.0000,0.0000,0.0000,0.3000,Low
sim_c4cdaaca-4a28-482c-9821-3345d2eaf162,2024-02-22 09:11:40,68.4700,fraud_Heller-Langosh,gas_transport,0,RULE_VIOLATION:LOCATION_FAR_FROM_HOME (3614km > 500km),1,0.0000,0.0000,0.0000,0.0000,0.3000,Low
sim_f05c9f2b-6675-435e-bf20-5510a7bbe90f,2024-02-22 09:29:14,105.4900,fraud_Adams-Barrows,health_fitness,0,RULE_VIOLATION:LOCATION_FAR_FROM_HOME (5128km > 500km),1,0.0000,0.0000,0.0000,0.0000,0.3000,Low
sim_f879bd68-3dbe-4bb8-8653-473a34fd6919,2024-02-22 13:58:24,30.5500,fraud_Rippin-VonRueden,health_fitness,0,RULE_VIOLATION:LOCATION_FAR_FROM_HOME (3729km > 500km),1,0.0000,0.0000,0.0000,0.0000,0.3000,Low
sim_61dac372-9028-487b-ab02-3d67b9a6ad24,2024-02-22 19:43:50,65.8700,fraud_Cummings LLC,gas_transport,0,RULE_VIOLATION:LOCATION_FAR_FROM_HOME (5238km > 500km),1,0.0000,0.0000,0.0000,0.0000,0.3000,Low
sim_001736e1-328c-42ae-9987-7f40ef08b569,2024-02-23 01:41:24,84.4600,fraud_Emard Inc,gas_transport,0,RULE_VIOLATION:LOCATION_FAR_FROM_HOME (4629km > 500km),1,0.0000,0.0000,0.0000,0.0000,0.3000,Low
sim_25bb3cf2-f9d6-47b3-adf8-b549d414f9a1,2024-02-23 07:21:49,5.9600,fraud_Christiansen-Gusikowski,misc_pos,0,RULE_VIOLATION:LOCATION_FAR_FROM_HOME (4486km > 500km),1,0.0000,0.0000,0.0000,0.0000,0.3000,Low
sim_72865986-849b-4e5a-b2d3-2877d96f414f,2024-02-23 11:45:32,2.9000,fraud_Waters-Cruickshank,health_fitness,0,RULE_VIOLATION:LOCATION_FAR_FROM_HOME (4898km > 500km),1,0.0000,0.0000,0.0000,0.0000,0.3000,Low
sim_d94a3752-9cfe-4795-9df7-200709f8aa2f,2024-02-23 11:48:48,4.6600,fraud_Gutmann-Upton,misc_pos,0,RULE_VIOLATION:LOCATION_FAR_FROM_HOME (5302km > 500km),1,0.0000,0.0000,0.0000,0.0000,0.3000,Low
sim_4ff1ec7f-9ef5-416a-a15b-cd03e8e92ea3,2024-02-23 13:04:50,74.4900,fraud_Auer-Mosciski,grocery_pos,0,RULE_VIOLATION:LOCATION_FAR_FROM_HOME (4694km > 500km),1,0.0000,0.0000,0.0000,0.0000,0.3000,Low
sim_57630354-2fd4-40a7-8a6e-ba31ab58b823,2024-02-23 16:47:53,78.2000,fraud_Hills-Boyer,personal_care,0,RULE_VIOLATION:LOCATION_FAR_FROM_HOME (4456km > 500km),1,0.0000,0.0000,0.0000,0.0000,0.3000,Low
sim_206c3691-49a7-4830-85ab-30b383657f12,2024-02-23 18:05:10,142.3600,fraud_Botsford Ltd,shopping_pos,0,RULE_VIOLATION:LOCATION_FAR_FROM_HOME (4939km > 500km),1,0.0000,0.0000,0.0000,0.0000,0.3000,Low
sim_ebdda22c-f3c4-4502-8285-d5dd984fbb43,2024-02-23 19:50:57,81.3200,"fraud_Reilly, Heaney and Cole",gas_transport,0,RULE_VIOLATION:LOCATION_FAR_FROM_HOME (5122km > 500km),1,0.0000,0.0000,0.0000,0.0000,0.3000,Low
sim_99d815ac-58b7-486a-97cd-a45b6f962b61,2024-02-24 00:00:18,53.0300,fraud_Wuckert-Goldner,home,0,RULE_VIOLATION:LOCATION_FAR_FROM_HOME (4950km > 500km),1,0.0000,0.0000,0.0000,0.0000,0.3000,Low
sim_da9dfb25-42cb-48d6-9790-c1c6c76c0e95,2024-02-24 04:13:00,3.4000,fraud_Kessler Inc,travel,0,RULE_VIOLATION:LOCATION_FAR_FROM_HOME (4310km > 500km),1,0.0000,0.0000,0.0000,0.0000,0.3000,Low
sim_a97ea035-4af8-49d3-929e-75441c97f5e8,2024-02-24 05:18:12,3.7200,fraud_Torp-Lemke,misc_pos,0,RULE_VIOLATION:LOCATION_FAR_FROM_HOME (5441km > 500km),1,0.0000,0.0000,0.0000,0.0000,0.3000,Low
sim_bf38b58c-e53d-4d0b-b659-da79e625fdc6,2024-02-24 11:05:01,77.5100,fraud_Morissette-Schaefer,personal_care,0,RULE_VIOLATION:LOCATION_FAR_FROM_HOME (5021km > 500km),1,0.0000,0.0000,0.0000,0.0000,0.3000,Low
sim_1209fe57-4efe-48b1-94f1-e86335b5362c,2024-02-24 11:20:45,60.9100,fraud_Kuphal-Toy,food_dining,0,RULE_VIOLATION:LOCATION_FAR_FROM_HOME (5564km > 500km),1,0.0000,0.0000,0.0000,0.0000,0.3000,Low
sim_a6a4d961-6f73-4d4f-9c76-82eb64a223f0,2024-02-24 15:07:22,34.0300,fraud_Cartwright PLC,kids_pets,0,RULE_VIOLATION:LOCATION_FAR_FROM_HOME (4161km > 500km),1,0.0000,0.0000,0.0000,0.0000,0.3000,Low
sim_37226984-ce3a-482a-9fe3-dc89af1b17ce,2024-02-24 15:20:27,46.7100,fraud_Schuppe-Schuppe,food_dining,0,RULE_VIOLATION:LOCATION_FAR_FROM_HOME (3563km > 500km),1,0.0000,0.0000,0.0000,0.0000,0.3000,Low
sim_5b075294-aa41-4e81-967a-024e88379ed0,2024-02-24 16:38:08,61.8800,fraud_Huels-Hahn,gas_transport,0,RULE_VIOLATION:LOCATION_FAR_FROM_HOME (3794km > 500km),1,0.0000,0.0000,0.0000,0.0000,0.3000,Low
sim_de11239f-3bc9-457a-9110-2b7077c89cde,2024-02-24 18:13:23,4.9900,fraud_Reynolds-Schinner,misc_pos,0,RULE_VIOLATION:LOCATION_FAR_FROM_HOME (5172km > 500km),1,0.0000,0.0000,0.0000,0.0000,0.3000,Low
sim_ec126acf-e995-42bb-998b-f54ab6e97cbf,2024-02-24 23:12:59,1.1500,fraud_Kerluke PLC,misc_net,0,RULE_VIOLATION:LOCATION_FAR_FROM_HOME (2409km > 500km),1,0.0000,0.0000,0.0000,0.0000,0.3000,Low
sim_9188b7d5-ecfa-48b0-8fae-a7ca85be8803,2024-02-24 23:57:35,30.3100,fraud_Schumm PLC,shopping_net,0,RULE_VIOLATION:LOCATION_FAR_FROM_HOME (4785km > 500km),1,0.0000,0.0000,0.0000,0.0000,0.3000,Low
sim_c6c1d113-e36c-476e-8fe8-2a72a239d6ed,2024-02-25 05:21:20,77.5000,"fraud_Schoen, Kuphal and Nitzsche",grocery_pos,0,RULE_VIOLATION:LOCATION_FAR_FROM_HOME (4788km > 500km),1,0.0000,0.0000,0.0000,0.0000,0.3000,Low
sim_86a033dc-19b9-47fc-9181-bed946c32405,2024-02-25 08:53:50,174.4200,fraud_Pagac LLC,shopping_pos,0,RULE_VIOLATION:LOCATION_FAR_FROM_HOME (4293km > 500km),1,0.0000,0.0000,0.0000,0.0000,0.3000,Low
sim_2a3d615f-f46b-45ca-9cc6-27398b95feda,2024-02-25 13:01:48,3.9200,"fraud_Kilback, Nitzsche and Leffler",travel,0,RULE_VIOLATION:LOCATION_FAR_FROM_HOME (1538km > 500km),1,0.0000,0.0000,0.0000,0.0000,0.3000,Low
sim_56cb3ea3-ad31-42e6-8c73-732efe866c3a,2024-02-25 15:25:26,114.5300,"fraud_Moen, Reinger and Murphy",grocery_pos,0,RULE_VIOLATION:LOCATION_FAR_FROM_HOME (4732km > 500km),1,0.0000,0.0000,0.0000,0.0000,0.3000,Low
sim_5d8eb3e9-a811-43fb-8b6d-02842d6921a0,2024-02-25 15:26:16,140.6800,fraud_Kuhic Inc,grocery_pos,0,RULE_VIOLATION:LOCATION_FAR_FROM_HOME (5288km > 500km),1,0.0000,0.0000,0.0000,0.0000,0.3000,Low
sim_61765988-b966-4fb9-9596-d0fc85da4102,2024-02-25 21:22:32,9.1100,fraud_Bruen-Yost,misc_pos,0,RULE_VIOLATION:LOCATION_FAR_FROM_HOME (4037km > 500km),1,0.0000,0.0000,0.0000,0.0000,0.3000,Low
sim_6003b6b8-ac23-42bd-9a1c-f1de740c5621,2024-02-26 00:23:16,46.0500,"fraud_Lakin, Ferry and Beatty",food_dining,0,RULE_VIOLATION:LOCATION_FAR_FROM_HOME (2320km > 500km),1,0.0000,0.0000,0.0000,0.0000,0.3000,Low
sim_154093d4-9266-41be-ab20-a5a88b1831f2,2024-02-26 01:56:37,8.7900,fraud_Connelly-Carter,home,0,RULE_VIOLATION:LOCATION_FAR_FROM_HOME (5241km > 500km),1,0.0000,0.0000,0.0000,0.0000,0.3000,Low
sim_885e2cfe-b7a8-48ee-8d29-21258a47a1e1,2024-02-26 07:23:41,110.4300,fraud_Zboncak Ltd,food_dining,0,RULE_VIOLATION:LOCATION_FAR_FROM_HOME (5369km > 500km),1,0.0000,0.0000,0.0000,0.0000,0.3000,Low
sim_1ca4499e-eba4-437d-8aae-fb484b388bb5,2024-02-26 08:22:54,80.9100,fraud_White and Sons,home,0,RULE_VIOLATION:LOCATION_FAR_FROM_HOME (5129km > 500km),1,0.0000,0.0000,0.0000,0.0000,0.3000,Low
sim_4c2c07a7-2377-4087-b64d-d9da281efd47,2024-02-26 10:39:54,76.2400,fraud_Heller-Langosh,gas_transport,0,RULE_VIOLATION:LOCATION_FAR_FROM_HOME (1868km > 500km),1,0.0000,0.0000,0.0000,0.0000,0.3000,Low
sim_45bd0eb7-4eaf-4bfd-a399-e4c5a8346860,2024-02-26 16:36:56,3.5600,"fraud_Turcotte, McKenzie and Koss",entertainment,0,RULE_VIOLATION:LOCATION_FAR_FROM_HOME (1712km > 500km),1,0.0000,0.0000,0.0000,0.0000,0.3000,Low
sim_07461f4c-e3df-47b2-a3cd-f90d4a73a40b,2024-02-26 17:37:44,56.1700,"fraud_Kohler, Lindgren and Koelpin",grocery_net,0,RULE_VIOLATION:LOCATION_FAR_FROM_HOME (4833km > 500km),1,0.0000,0.0000,0.0000,0.0000,0.3000,Low
sim_44551f24-34f5-41fa-9adf-c955c7ffecbb,2024-02-26 23:31:01,31.9300,fraud_Renner Ltd,home,0,RULE_VIOLATION:LOCATION_FAR_FROM_HOME (4990km > 500km),1,0.0000,0.0000,0.0000,0.0000,0.3000,Low
sim_8fceefd3-e1b7-4574-9914-3f54ef0219e9,2024-02-27 00:34:08,61.2900,fraud_Schuppe LLC,entertainment,0,RULE_VIOLATION:LOCATION_FAR_FROM_HOME (4841km > 500km),1,0.0000,0.0000,0.0000,0.0000,0.3000,Low
sim_e84f3447-f341-4cc4-bfee-3bbe6dcc3f7e,2024-02-27 04:39:41,8.1300,fraud_Balistreri-Nader,misc_pos,0,RULE_VIOLATION:LOCATION_FAR_FROM_HOME (5340km > 500km),1,0.0000,0.0000,0.0000,0.0000,0.3000,Low
sim_d1fbd19b-b155-4be6-90cc-5bf9d1720b74,2024-02-27 05:23:58,235.4000,fraud_Bogisich Inc,grocery_pos,0,RULE_VIOLATION:LOCATION_FAR_FROM_HOME (5255km > 500km),1,0.0000,0.0000,0.0000,0.0000,0.3000,Low
sim_379f210f-f440-45a3-94a4-46676145e0e3,2024-02-27 09:21:01,3.6900,fraud_Flatley-Durgan,misc_net,0,RULE_VIOLATION:LOCATION_FAR_FROM_HOME (4179km > 500km),1,0.0000,0.0000,0.0000,0.0000,0.3000,Low
sim_b99b1106-ead6-4c3e-a8a3-6e15aea5c56d,2024-02-27 15:15:22,40.5400,fraud_Hilpert-Conroy,kids_pets,0,RULE_VIOLATION:LOCATION_FAR_FROM_HOME (4668km > 500km),1,0.0000,0.0000,0.0000,0.0000,0.3000,Low
sim_52318d2d-ccd4-4985-b8b8-e6e050aae794,2024-02-27 18:02:02,22.6900,fraud_Leannon-Ward,food_dining,0,RULE_VIOLATION:LOCATION_FAR_FROM_HOME (4191km > 500km),1,0.0000,0.0000,0.0000,0.0000,0.3000,Low
sim_14fb8c1d-32b8-4e39-b8e3-f72f342214c8,2024-02-27 21:06:24,13.3700,fraud_Crona and Sons,kids_pets,0,RULE_VIOLATION:LOCATION_FAR_FROM_HOME (2773km > 500km),1,0.0000,0.0000,0.0000,0.0000,0.3000,Low
sim_523a858d-048a-4cd7-b6fb-c18883f924c2,2024-02-27 23:02:48,1.4400,fraud_Morissette-Schaefer,personal_care,0,RULE_VIOLATION:LOCATION_FAR_FROM_HOME (4216km > 500km),1,0.0000,0.0000,0.0000,0.0000,0.3000,Low
sim_34454b3e-0053-4ba8-a041-bea6c7eb4cb3,2024-02-28 02:47:37,127.7500,fraud_Dooley Inc,shopping_pos,0,RULE_VIOLATION:LOCATION_FAR_FROM_HOME (4875km > 500km),1,0.0000,0.0000,0.0000,0.0000,0.3000,Low
sim_8aeedb9c-6e1f-46e6-b780-cc5c61d1b2c3,2024-02-28 05:56:30,98.8400,fraud_Hoppe-Parisian,kids_pets,0,RULE_VIOLATION:LOCATION_FAR_FROM_HOME (2419km > 500km),1,0.0000,0.0000,0.0000,0.0000,0.3000,Low
sim_eef5d254-264f-4878-adfe-d986ca5e48b6,2024-02-28 11:30:13,114.0000,"fraud_Bernhard, Grant and Langworth",shopping_pos,0,RULE_VIOLATION:LOCATION_FAR_FROM_HOME (1782km > 500km),1,0.0000,0.0000,0.0000,0.0000,0.3000,Low
sim_1ff61019-dd34-4921-9767-d2b0e9948184,2024-02-28 13:43:52,247.5200,"fraud_Lehner, Reichert and Mills",misc_pos,0,RULE_VIOLATION:LOCATION_FAR_FROM_HOME (4362km > 500km),1,0.0000,0.0000,0.0000,0.0000,0.3000,Low
sim_2a39ff50-d5e4-4a07-913c-21e5387a2905,2024-02-28 16:58:21,41.0100,fraud_Little Ltd,kids_pets,0,RULE_VIOLATION:LOCATION_FAR_FROM_HOME (2837km > 500km),1,0.0000,0.0000,0.0000,0.0000,0.3000,Low
sim_b49976d2-79df-4a9d-a334-ce16f1e6dfd3,2024-02-28 21:16:04,1.1400,fraud_Turcotte-Halvorson,misc_pos,0,RULE_VIOLATION:LOCATION_FAR_FROM_HOME (4372km > 500km),1,0.0000,0.0000,0.0000,0.0000,0.3000,Low
sim_fa08641e-2595-4831-b975-6bd56edd93c4,2024-02-29 03:12:26,46.5700,fraud_Gaylord-Powlowski,home,0,RULE_VIOLATION:LOCATION_FAR_FROM_HOME (2923km > 500km),1,0.0000,0.0000,0.0000,0.0000,0.3000,Low
sim_7658d9ed-6652-451e-9eeb-d13a68b0c4a0,2024-02-29 05:08:38,59.0900,"fraud_Turcotte, Batz and Buckridge",health_fitness,0,RULE_VIOLATION:LOCATION_FAR_FROM_HOME (2991km > 500km),1,0.0000,0.0000,0.0000,0.0000,0.3000,Low
sim_e3fdf8d2-6c4a-4da0-9038-d7944980fbad,2024-02-29 10:31:17,6.2300,"fraud_Langosh, Wintheiser and Hyatt",food_dining,0,RULE_VIOLATION:LOCATION_FAR_FROM_HOME (3838km > 500km),1,0.0000,0.0000,0.0000,0.0000,0.3000,Low
sim_d8adea41-dfaf-4e8d-8c06-a0cba4d98ee1,2024-02-29 14:18:32,991.3400,fraud_Goyette Inc,shopping_net,0,RULE_VIOLATION:LOCATION_FAR_FROM_HOME (3682km > 500km),1,0.0000,0.0000,0.0000,0.0000,0.3000,Low
sim_71450874-bee0-431d-92fb-c2f32050c38e,2024-02-29 18:54:56,6.5900,fraud_Hermann and Sons,shopping_pos,0,RULE_VIOLATION:LOCATION_FAR_FROM_HOME (5489km > 500km),1,0.0000,0.0000,0.0000,0.0000,0.3000,Low
sim_497df8a1-342a-4f72-938a-cb5545563f52,2024-02-29 21:40:21,83.6700,"fraud_Pouros, Walker and Spencer",kids_pets,0,RULE_VIOLATION:LOCATION_FAR_FROM_HOME (4364km > 500km),1,0.0000,0.0000,0.0000,0.0000,0.3000,Low
sim_5cd4ad02-4969-4c30-8813-9a24d794112a,2024-03-01 00:49:38,127.8000,"fraud_Moen, Reinger and Murphy",grocery_pos,0,RULE_VIOLATION:LOCATION_FAR_FROM_HOME (3789km > 500km),1,0.0000,0.0000,0.0000,0.0000,0.3000,Low
sim_e9ffc751-e01e-48c4-8143-5dad440600c1,2024-03-01 02:11:44,5.4100,"fraud_Schuppe, Nolan and Hoeger",shopping_pos,0,RULE_VIOLATION:LOCATION_FAR_FROM_HOME (2007km > 500km),1,0.0000,0.0000,0.0000,0.0000,0.3000,Low
sim_dd5776be-1e91-4fe2-81be-c740e66aa684,2024-03-01 03:15:49,24.1400,"fraud_Johnson, Runolfsdottir and Mayer",misc_net,0,RULE_VIOLATION:LOCATION_FAR_FROM_HOME (4937km > 500km),1,0.0000,0.0000,0.0000,0.0000,0.3000,Low
sim_b4369235-bd1f-474b-9957-52f83eeb43b5,2024-03-01 03:35:24,4.6300,fraud_Erdman-Ebert,personal_care,0,RULE_VIOLATION:LOCATION_FAR_FROM_HOME (2823km > 500km),1,0.0000,0.0000,0.0000,0.0000,0.3000,Low
sim_38d5ad82-2f73-4810-a392-7329098ebec5,2024-03-01 07:02:04,9.2400,fraud_Lynch Ltd,shopping_pos,0,RULE_VIOLATION:LOCATION_FAR_FROM_HOME (4390km > 500km),1,0.0000,0.0000,0.0000,0.0000,0.3000,Low
sim_7f4b1898-fa4d-4d37-901c-a7c0f5a89eb6,2024-03-01 11:13:41,124.2500,fraud_Cole PLC,grocery_pos,0,RULE_VIOLATION:LOCATION_FAR_FROM_HOME (1798km > 500km),1,0.0000,0.0000,0.0000,0.0000,0.3000,Low
sim_8d790f10-45f0-47b0-b88a-a124d4272610,2024-03-01 15:24:32,186.2300,fraud_Klein Group,entertainment,0,RULE_VIOLATION:LOCATION_FAR_FROM_HOME (4413km > 500km),1,0.0000,0.0000,0.0000,0.0000,0.3000,Low
sim_5d2c5d47-ddb6-46d7-a384-2905ee8612b7,2024-03-01 17:03:35,3.3500,"fraud_Kunze, Larkin and Mayert",travel,0,RULE_VIOLATION:LOCATION_FAR_FROM_HOME (2795km > 500km),1,0.0000,0.0000,0.0000,0.0000,0.3000,Low
sim_a2072a0e-af0c-4fd4-a98c-1638ab0a3b2f,2024-03-01 19:39:39,7.7800,"fraud_Eichmann, Hayes and Treutel",travel,0,RULE_VIOLATION:LOCATION_FAR_FROM_HOME (4621km > 500km),1,0.0000,0.0000,0.0000,0.0000,0.3000,Low
sim_5c66fd9e-a9f6-450d-a0a2-949540e8848d,2024-03-01 20:29:23,98.6600,fraud_Altenwerth-Kilback,home,0,RULE_VIOLATION:LOCATION_FAR_FROM_HOME (3231km > 500km),1,0.0000,0.0000,0.0000,0.0000,0.3000,Low
sim_ce6f1706-2932-4c4a-b155-eef67e04ee80,2024-03-02 02:09:43,189.0000,fraud_Sawayn PLC,shopping_pos,0,RULE_VIOLATION:LOCATION_FAR_FROM_HOME (2179km > 500km),1,0.0000,0.0000,0.0000,0.0000,0.3000,Low
sim_c5d76da1-698b-498f-ba66-4ffd6c178248,2024-03-02 03:57:00,61.4300,fraud_Cruickshank-Mills,entertainment,0,RULE_VIOLATION:LOCATION_FAR_FROM_HOME (4015km > 500km),1,0.0000,0.0000,0.0000,0.0000,0.3000,Low
sim_ee5bebac-0b40-4894-b728-b91d4ac441d2,2024-03-02 07:24:23,48.4800,fraud_Goyette-Gerhold,kids_pets,0,RULE_VIOLATION:LOCATION_FAR_FROM_HOME (5499km > 500km),1,0.0000,0.0000,0.0000,0.0000,0.3000,Low
sim_09639884-faf1-4756-9b09-17df957a81fd,2024-03-02 09:40:36,55.9100,"fraud_Hettinger, McCullough and Fay",home,0,RULE_VIOLATION:LOCATION_FAR_FROM_HOME (5069km > 500km),1,0.0000,0.0000,0.0000,0.0000,0.3000,Low
sim_6e2b9bb4-585e-425a-8219-2f7e161c2398,2024-03-02 12:37:15,7.7100,"fraud_Heathcote, Yost and Kertzmann",shopping_net,0,RULE_VIOLATION:LOCATION_FAR_FROM_HOME (4929km > 500km),1,0.0000,0.0000,0.0000,0.0000,0.3000,Low
sim_9b6c817b-fccd-40d6-a1b4-7a7ebdac8851,2024-03-02 13:23:18,30.7000,fraud_Bahringer-Larson,grocery_net,0,RULE_VIOLATION:LOCATION_FAR_FROM_HOME (4100km > 500km),1,0.0000,0.0000,0.0000,0.0000,0.3000,Low
sim_b98d6268-5a97-4f18-a798-644a110402bc,2024-03-02 16:38:55,72.9100,fraud_Bernier and Sons,kids_pets,0,RULE_VIOLATION:LOCATION_FAR_FROM_HOME (2976km > 500km),1,0.0000,0.0000,0.0000,0.0000,0.3000,Low
sim_357eeb2e-74e0-4cb2-91d6-1878cf97413b,2024-03-02 21:03:15,88.5200,fraud_Erdman-Kertzmann,gas_transport,0,RULE_VIOLATION:LOCATION_FAR_FROM_HOME (3590km > 500km),1,0.0000,0.0000,0.0000,0.0000,0.3000,Low
sim_74dd4dc0-d919-4cf8-92e5-29ac154f260a,2024-03-02 22:17:15,1.4000,fraud_Veum-Koelpin,travel,0,RULE_VIOLATION:LOCATION_FAR_FROM_HOME (3651km > 500km),1,0.0000,0.0000,0.0000,0.0000,0.3000,Low
sim_8e86c349-b446-4cf4-bd55-3732c7c21c2c,2024-03-03 03:46:52,39.0200,"fraud_Haley, Batz and Auer",health_fitness,0,RULE_VIOLATION:LOCATION_FAR_FROM_HOME (3461km > 500km),1,0.0000,0.0000,0.0000,0.0000,0.3000,Low
sim_554de86e-a303-466c-8941-c060c99ad713,2024-03-03 05:37:32,30.4800,fraud_Cummerata-Hilpert,entertainment,0,RULE_VIOLATION:LOCATION_FAR_FROM_HOME (5289km > 500km),1,0.0000,0.0000,0.0000,0.0000,0.3000,Low
sim_43e2aac5-aee4-4ce7-baba-b4915a850365,2024-03-03 08:28:59,58.7500,"fraud_Eichmann, Bogan and Rodriguez",gas_transport,0,RULE_VIOLATION:LOCATION_FAR_FROM_HOME (4722km > 500km),1,0.0000,0.0000,0.0000,0.0000,0.3000,Low
sim_9f08099f-0a89-4b9e-9a86-cb630d6ce10b,2024-03-03 08:53:00,6.9100,fraud_Hammes-Beatty,kids_pets,0,RULE_VIOLATION:LOCATION_FAR_FROM_HOME (4439km > 500km),1,0.0000,0.0000,0.0000,0.0000,0.3000,Low
sim_5584ffa8-b9cf-45aa-a824-d3e43260a53c,2024-03-03 10:00:29,107.2600,fraud_Hilpert-Conroy,kids_pets,0,RULE_VIOLATION:LOCATION_FAR_FROM_HOME (5280km > 500km),1,0.0000,0.0000,0.0000,0.0000,0.3000,Low
sim_656a86be-9bf8-42c0-ae98-bc5c88ae89f9,2024-03-03 13:21:47,482.5000,fraud_Keeling-Crist,misc_pos,0,RULE_VIOLATION:LOCATION_FAR_FROM_HOME (3721km > 500km),1,0.0000,0.0000,0.0000,0.0000,0.3000,Low
sim_3c1c3307-87fc-487b-a4b0-fbb993abfe39,2024-03-03 16:22:41,27.1200,"fraud_Reichert, Shanahan and Hayes",shopping_net,0,RULE_VIOLATION:LOCATION_FAR_FROM_HOME (2072km > 500km),1,0.0000,0.0000,0.0000,0.0000,0.3000,Low
sim_40d64dec-bbf7-4584-af43-022ea8d09bd7,2024-03-03 18:23:51,19.8300,fraud_Waelchi Inc,kids_pets,1,RULE_VIOLATION:LOCATION_FAR_FROM_HOME (3682km > 500km),1,0.0000,0.0000,0.0000,0.0000,0.3000,Low
sim_782331a2-b3c8-45c0-b817-a261341e56ae,2024-03-03 23:18:50,3038.5200,fraud_Hills-Witting,shopping_net,0,RULE_VIOLATION:LOCATION_FAR_FROM_HOME (5139km > 500km); RULE_VIOLATION:HIGH_AMOUNT ($3038.52 > $1000),1,0.0000,0.0000,0.0000,0.0000,0.3000,Low
sim_f3102fff-63e4-4df8-a295-11a7fd751429,2024-03-04 04:04:52,97.5200,"fraud_Goldner, Kovacek and Abbott",grocery_pos,0,RULE_VIOLATION:LOCATION_FAR_FROM_HOME (5163km > 500km),1,0.0000,0.0000,0.0000,0.0000,0.3000,Low
sim_5f9a1a91-1e38-4a06-8b52-8562ecae8137,2024-03-04 05:29:06,106.4700,"fraud_Casper, Hand and Zulauf",grocery_pos,0,RULE_VIOLATION:LOCATION_FAR_FROM_HOME (5255km > 500km),1,0.0000,0.0000,0.0000,0.0000,0.3000,Low
sim_27a5fce9-b93e-4622-8caf-e6f81648c3fb,2024-03-04 05:50:44,68.6400,"fraud_Turcotte, McKenzie and Koss",entertainment,0,RULE_VIOLATION:LOCATION_FAR_FROM_HOME (3372km > 500km),1,0.0000,0.0000,0.0000,0.0000,0.3000,Low
sim_84e37ca7-0f6d-418c-8079-0bc0cb04ea06,2024-03-04 07:52:45,97.2400,"fraud_Streich, Rolfson and Wilderman",kids_pets,0,RULE_VIOLATION:LOCATION_FAR_FROM_HOME (4991km > 500km),1,0.0000,0.0000,0.0000,0.0000,0.3000,Low
sim_0aadbbed-3120-4be6-b63d-587f99d555f8,2024-03-04 10:00:05,1.8200,fraud_Grimes LLC,entertainment,0,RULE_VIOLATION:LOCATION_FAR_FROM_HOME (3711km > 500km),1,0.0000,0.0000,0.0000,0.0000,0.3000,Low
sim_ccf43fd1-8f81-4a37-8a42-0481c4e1b2fd,2024-03-04 10:16:14,2.8000,fraud_Gislason Group,misc_pos,0,RULE_VIOLATION:LOCATION_FAR_FROM_HOME (5264km > 500km),1,0.0000,0.0000,0.0000,0.0000,0.3000,Low
sim_5eb64fc2-2210-4934-badf-ca4e02d866be,2024-03-04 14:50:37,19.9100,fraud_Wilkinson LLC,personal_care,0,RULE_VIOLATION:LOCATION_FAR_FROM_HOME (5058km > 500km),1,0.0000,0.0000,0.0000,0.0000,0.3000,Low
sim_d8cf58b8-2abe-47ce-b4bc-a9f17ac53c70,2024-03-04 20:19:43,34.1500,fraud_Pacocha-O'Reilly,grocery_pos,0,RULE_VIOLATION:LOCATION_FAR_FROM_HOME (5185km > 500km),1,0.0000,0.0000,0.0000,0.0000,0.3000,Low
sim_8053a812-acf5-415d-9be3-8bcbedc3d53e,2024-03-05 00:00:50,99.8200,fraud_Padberg-Welch,grocery_pos,0,RULE_VIOLATION:LOCATION_FAR_FROM_HOME (4655km > 500km),1,0.0000,0.0000,0.0000,0.0000,0.3000,Low
sim_ff9eb33b-884f-4517-b0bf-2567f6bb56db,2024-03-05 05:52:10,77.3000,"fraud_Connelly, Reichert and Fritsch",gas_transport,0,RULE_VIOLATION:LOCATION_FAR_FROM_HOME (5282km > 500km),1,0.0000,0.0000,0.0000,0.0000,0.3000,Low
sim_7075536e-5a20-43ed-b901-c06e2f954fc1,2024-03-05 09:04:16,31.7400,fraud_Lockman Ltd,grocery_pos,0,RULE_VIOLATION:LOCATION_FAR_FROM_HOME (5223km > 500km),1,0.0000,0.0000,0.0000,0.0000,0.3000,Low
sim_dab9f256-4062-407a-8735-d484e6acbb75,2024-03-05 12:34:10,64.2800,"fraud_Streich, Hansen and Veum",gas_transport,0,RULE_VIOLATION:LOCATION_FAR_FROM_HOME (3949km > 500km),1,0.0000,0.0000,0.0000,0.0000,0.3000,Low
sim_25315f16-cba8-471b-8c48-948066296797,2024-03-05 17:04:44,8.7300,fraud_Kerluke Inc,misc_net,0,RULE_VIOLATION:LOCATION_FAR_FROM_HOME (2383km > 500km),1,0.0000,0.0000,0.0000,0.0000,0.3000,Low
sim_cdcae6bf-0cfb-4dbb-8af6-7a6d49faab2f,2024-03-05 18:40:40,147.9000,fraud_Zboncak LLC,food_dining,0,RULE_VIOLATION:LOCATION_FAR_FROM_HOME (5323km > 500km),1,0.0000,0.0000,0.0000,0.0000,0.3000,Low
sim_d05b5a8a-713f-46f3-aeee-5dbeef8915af,2024-03-05 23:07:50,3.8000,fraud_Bahringer Group,health_fitness,0,RULE_VIOLATION:LOCATION_FAR_FROM_HOME (3830km > 500km),1,0.0000,0.0000,0.0000,0.0000,0.3000,Low
sim_3652adcd-abb1-4762-9da2-fc35f91c8fdd,2024-03-06 01:46:25,1.3900,fraud_Goyette Inc,shopping_net,0,RULE_VIOLATION:LOCATION_FAR_FROM_HOME (3937km > 500km),1,0.0000,0.0000,0.0000,0.0000,0.3000,Low
sim_1bba350c-b542-4063-8f08-a056c1f0e34b,2024-03-06 04:31:08,34.8000,"fraud_Schroeder, Hauck and Treutel",entertainment,0,RULE_VIOLATION:LOCATION_FAR_FROM_HOME (3986km > 500km),1,0.0000,0.0000,0.0000,0.0000,0.3000,Low
sim_e419efb5-1c76-4fe8-9e28-cddb18f0ece5,2024-03-06 06:28:22,7.7100,"fraud_Graham, Hegmann and Hammes",food_dining,0,RULE_VIOLATION:LOCATION_FAR_FROM_HOME (5368km > 500km),1,0.0000,0.0000,0.0000,0.0000,0.3000,Low
sim_8e4d89d1-f869-43aa-9b83-6946d442f504,2024-03-06 06:45:27,9.5800,fraud_Dietrich-Fadel,health_fitness,0,RULE_VIOLATION:LOCATION_FAR_FROM_HOME (1739km > 500km),1,0.0000,0.0000,0.0000,0.0000,0.3000,Low
sim_02ef8e8d-6d13-4645-9b1f-7c3f0cf4cce4,2024-03-06 12:14:40,12.4800,"fraud_Kling, Howe and Schneider",home,0,RULE_VIOLATION:LOCATION_FAR_FROM_HOME (4545km > 500km),1,0.0000,0.0000,0.0000,0.0000,0.3000,Low
sim_e34f8344-eaf4-404d-9d15-42aafbc0e83b,2024-03-06 17:33:19,121.9100,fraud_Schoen Ltd,kids_pets,0,RULE_VIOLATION:LOCATION_FAR_FROM_HOME (5288km > 500km),1,0.0000,0.0000,0.0000,0.0000,0.3000,Low
sim_e83ca483-3222-46b0-87b0-17cb813be1b8,2024-03-06 21:24:45,1.7100,"fraud_Turcotte, McKenzie and Koss",entertainment,0,RULE_VIOLATION:LOCATION_FAR_FROM_HOME (1320km > 500km),1,0.0000,0.0000,0.0000,0.0000,0.3000,Low
sim_20850b5b-e7ec-4eb4-a4dc-8241593ed187,2024-03-07 03:14:32,225.2300,fraud_Bogisich Inc,grocery_pos,0,RULE_VIOLATION:LOCATION_FAR_FROM_HOME (4283km > 500km),1,0.0000,0.0000,0.0000,0.0000,0.3000,Low
sim_4841ab03-72be-4570-843d-3a8584519c41,2024-03-07 06:09:50,27.4300,fraud_Emmerich-Rau,personal_care,0,RULE_VIOLATION:LOCATION_FAR_FROM_HOME (1358km > 500km),1,0.0000,0.0000,0.0000,0.0000,0.3000,Low
sim_22d5e85f-ed56-4465-af08-3d149a6ece4c,2024-03-07 11:29:43,51.3700,fraud_Stiedemann Ltd,food_dining,0,RULE_VIOLATION:LOCATION_FAR_FROM_HOME (3139km > 500km),1,0.0000,0.0000,0.0000,0.0000,0.3000,Low
sim_0d77276a-a402-4ae3-a31c-ef7a2da20449,2024-03-07 15:06:47,49.2900,fraud_Kling Inc,gas_transport,0,RULE_VIOLATION:LOCATION_FAR_FROM_HOME (4174km > 500km),1,0.0000,0.0000,0.0000,0.0000,0.3000,Low
sim_b26acda3-1952-4525-a89c-31ec515c1958,2024-03-07 15:37:12,2.6400,fraud_Howe Ltd,misc_pos,0,RULE_VIOLATION:LOCATION_FAR_FROM_HOME (3858km > 500km),1,0.0000,0.0000,0.0000,0.0000,0.3000,Low
sim_f1545fb9-a77e-4d44-b520-56cbc0388f89,2024-03-07 20:08:38,4.9200,fraud_Spencer-Runolfsson,misc_pos,0,RULE_VIOLATION:LOCATION_FAR_FROM_HOME (3345km > 500km),1,0.0000,0.0000,0.0000,0.0000,0.3000,Low
sim_1e4027d1-2234-4b6b-8729-746654c767e0,2024-03-08 01:01:04,1.1200,fraud_Mohr Inc,shopping_pos,0,RULE_VIOLATION:LOCATION_FAR_FROM_HOME (5220km > 500km),1,0.0000,0.0000,0.0000,0.0000,0.3000,Low
sim_b06daa8b-7cd7-49a3-88ed-fe139befe662,2024-03-08 01:09:51,41.6900,fraud_Graham and Sons,health_fitness,0,RULE_VIOLATION:LOCATION_FAR_FROM_HOME (4111km > 500km),1,0.0000,0.0000,0.0000,0.0000,0.3000,Low
sim_9dfd74f7-c757-4b53-a616-730c6e24ae28,2024-03-08 06:17:34,62.6600,fraud_Harris Inc,gas_transport,0,RULE_VIOLATION:LOCATION_FAR_FROM_HOME (5390km > 500km),1,0.0000,0.0000,0.0000,0.0000,0.3000,Low
sim_456fcd44-4cb1-40fd-b71a-a20cd279991c,2024-03-08 09:11:33,6.3800,fraud_Kilback LLC,food_dining,0,RULE_VIOLATION:LOCATION_FAR_FROM_HOME (5357km > 500km),1,0.0000,0.0000,0.0000,0.0000,0.3000,Low
sim_28bfa482-b267-474f-b62d-6e936b233a71,2024-03-08 13:41:34,67.1800,fraud_Stracke-Lemke,grocery_pos,0,RULE_VIOLATION:LOCATION_FAR_FROM_HOME (4372km > 500km),1,0.0000,0.0000,0.0000,0.0000,0.3000,Low
sim_39203ff1-3744-4231-9f59-ce47a1895044,2024-03-08 15:42:34,67.0600,fraud_Schoen Ltd,kids_pets,0,RULE_VIOLATION:LOCATION_FAR_FROM_HOME (4434km > 500km),1,0.0000,0.0000,0.0000,0.0000,0.3000,Low
sim_59eb9012-184c-4a7a-a694-70fe0bc8c764,2024-03-08 16:08:28,55.8600,fraud_Erdman-Kertzmann,gas_transport,0,RULE_VIOLATION:LOCATION_FAR_FROM_HOME (4090km > 500km),1,0.0000,0.0000,0.0000,0.0000,0.3000,Low
sim_c172537c-617b-4f93-b1fd-0996656582b0,2024-03-08 20:47:39,63.7500,fraud_Friesen-D'Amore,gas_transport,0,RULE_VIOLATION:LOCATION_FAR_FROM_HOME (5492km > 500km),1,0.0000,0.0000,0.0000,0.0000,0.3000,Low
sim_cae12198-96cd-444d-98d2-0e4d7d78f96a,2024-03-08 23:14:59,202.5100,"fraud_Schoen, Kuphal and Nitzsche",grocery_pos,0,RULE_VIOLATION:LOCATION_FAR_FROM_HOME (4176km > 500km),1,0.0000,0.0000,0.0000,0.0000,0.3000,Low
sim_75c79419-2add-4ccf-8070-08b052abb0a5,2024-03-09 01:27:15,2.6300,"fraud_Hills, Hegmann and Schaefer",health_fitness,0,RULE_VIOLATION:LOCATION_FAR_FROM_HOME (3564km > 500km),1,0.0000,0.0000,0.0000,0.0000,0.3000,Low
sim_89a2f5fb-8962-4fce-acf3-7da6cca57cca,2024-03-09 04:19:44,102.5800,"fraud_Schoen, Kuphal and Nitzsche",grocery_pos,0,RULE_VIOLATION:LOCATION_FAR_FROM_HOME (3768km > 500km),1,0.0000,0.0000,0.0000,0.0000,0.3000,Low
sim_2a05b3ec-c279-430a-8ea6-d06fabf9558f,2024-03-09 09:57:19,10.2100,fraud_Beer-Jast,kids_pets,0,RULE_VIOLATION:LOCATION_FAR_FROM_HOME (4122km > 500km),1,0.0000,0.0000,0.0000,0.0000,0.3000,Low
sim_38575a44-dbc7-47bf-9e08-b1475adea3a1,2024-03-09 13:17:36,2.9900,fraud_Terry-Huel,shopping_net,0,RULE_VIOLATION:LOCATION_FAR_FROM_HOME (4946km > 500km),1,0.0000,0.0000,0.0000,0.0000,0.3000,Low
sim_8a63a3bb-9bef-4943-bc51-5c14d2a0682a,2024-03-09 14:00:52,63.9200,"fraud_Nienow, Barrows and Romaguera",personal_care,0,RULE_VIOLATION:LOCATION_FAR_FROM_HOME (3701km > 500km),1,0.0000,0.0000,0.0000,0.0000,0.3000,Low
sim_2a93d608-cdca-4127-8644-ab2f8f0634e9,2024-03-09 16:37:04,29.5900,fraud_Pfeffer and Sons,shopping_pos,0,RULE_VIOLATION:LOCATION_FAR_FROM_HOME (5379km > 500km),1,0.0000,0.0000,0.0000,0.0000,0.3000,Low
sim_e6cb69bd-cad9-4bfe-9fb1-898096bf5154,2024-03-09 19:33:59,104.4900,fraud_Heidenreich PLC,grocery_pos,0,RULE_VIOLATION:LOCATION_FAR_FROM_HOME (2724km > 500km),1,0.0000,0.0000,0.0000,0.0000,0.3000,Low
sim_7a6ae541-a310-4804-a818-f736e2afcf9a,2024-03-09 19:59:29,35.3800,"fraud_Bahringer, Bergnaum and Quitzon",home,0,RULE_VIOLATION:LOCATION_FAR_FROM_HOME (5538km > 500km),1,0.0000,0.0000,0.0000,0.0000,0.3000,Low
sim_13159fd6-1b0d-4640-bc4b-3af1b3be81db,2024-03-09 21:02:48,116.0600,fraud_Schmidt-Larkin,home,0,RULE_VIOLATION:LOCATION_FAR_FROM_HOME (4713km > 500km),1,0.0000,0.0000,0.0000,0.0000,0.3000,Low
sim_8232ab53-44d1-4c9b-83c7-0e28efe439a0,2024-03-10 02:47:09,14.7000,"fraud_Witting, Beer and Ernser",home,0,RULE_VIOLATION:LOCATION_FAR_FROM_HOME (5125km > 500km),1,0.0000,0.0000,0.0000,0.0000,0.3000,Low
sim_206b30ef-1690-4c29-8ef4-ca677e07dce1,2024-03-10 05:28:13,5.5600,"fraud_Reichert, Rowe and Mraz",shopping_net,0,RULE_VIOLATION:LOCATION_FAR_FROM_HOME (2849km > 500km),1,0.0000,0.0000,0.0000,0.0000,0.3000,Low
sim_30cd3d71-f8a8-406c-943e-949d5b2429bb,2024-03-10 06:29:08,39.0200,fraud_Prohaska-Murray,gas_transport,0,RULE_VIOLATION:LOCATION_FAR_FROM_HOME (4811km > 500km),1,0.0000,0.0000,0.0000,0.0000,0.3000,Low
sim_41ae1b46-61bc-4891-9152-bb8352fd861c,2024-03-10 12:15:44,116.4300,fraud_Reilly LLC,home,0,RULE_VIOLATION:LOCATION_FAR_FROM_HOME (5112km > 500km),1,0.0000,0.0000,0.0000,0.0000,0.3000,Low
sim_4cbf181b-d89d-4c45-8edc-14e6e7fa0aa9,2024-03-10 17:42:37,17.3200,fraud_Christiansen-Gusikowski,misc_pos,0,RULE_VIOLATION:LOCATION_FAR_FROM_HOME (5088km > 500km),1,0.0000,0.0000,0.0000,0.0000,0.3000,Low
sim_ccb732c5-071c-434f-a7d0-b3c7aa17f983,2024-03-10 23:37:11,184.8000,fraud_Grimes LLC,entertainment,0,RULE_VIOLATION:LOCATION_FAR_FROM_HOME (4720km > 500km),1,0.0000,0.0000,0.0000,0.0000,0.3000,Low
sim_536bbc46-3c6e-401d-a431-83cc975ab881,2024-03-11 04:57:47,148.1100,fraud_Barton LLC,kids_pets,0,RULE_VIOLATION:LOCATION_FAR_FROM_HOME (4278km > 500km),1,0.0000,0.0000,0.0000,0.0000,0.3000,Low
sim_825c0fc3-6318-448f-9a24-f5e083937878,2024-03-11 08:01:13,61.2100,"fraud_Kutch, Hermiston and Farrell",gas_transport,0,RULE_VIOLATION:LOCATION_FAR_FROM_HOME (5165km > 500km),1,0.0000,0.0000,0.0000,0.0000,0.3000,Low
sim_dcd2901e-fe15-436c-be05-7752daff65d0,2024-03-11 10:13:19,2.9500,fraud_Hickle Group,shopping_pos,0,RULE_VIOLATION:LOCATION_FAR_FROM_HOME (3924km > 500km),1,0.0000,0.0000,0.0000,0.0000,0.3000,Low
sim_bae14422-3727-400d-99c7-2f99ef2387b7,2024-03-11 14:54:41,5.2900,fraud_Berge-Ullrich,home,0,RULE_VIOLATION:LOCATION_FAR_FROM_HOME (3921km > 500km),1,0.0000,0.0000,0.0000,0.0000,0.3000,Low
sim_7f438985-ab0f-4d49-a018-c889abfd8e86,2024-03-11 15:54:47,1.6000,"fraud_Jones, Sawayn and Romaguera",misc_net,0,RULE_VIOLATION:LOCATION_FAR_FROM_HOME (4561km > 500km),1,0.0000,0.0000,0.0000,0.0000,0.3000,Low
sim_5e2d442e-1ea8-4e90-a2f1-fb4789763a10,2024-03-11 20:56:07,70.1200,fraud_Bernhard-Lesch,food_dining,0,RULE_VIOLATION:LOCATION_FAR_FROM_HOME (4749km > 500km),1,0.0000,0.0000,0.0000,0.0000,0.3000,Low
sim_9cc19889-90e0-4dd3-b8ab-d30883b8df91,2024-03-12 00:13:07,85.0900,fraud_Reichel Inc,entertainment,0,RULE_VIOLATION:LOCATION_FAR_FROM_HOME (3152km > 500km),1,0.0000,0.0000,0.0000,0.0000,0.3000,Low
sim_aae84d99-6da9-4144-ab1d-be6cf4ab3d2b,2024-03-12 04:50:04,104.8000,"fraud_Schultz, Simonis and Little",grocery_pos,0,RULE_VIOLATION:LOCATION_FAR_FROM_HOME (4567km > 500km),1,0.0000,0.0000,0.0000,0.0000,0.3000,Low
sim_7b00eeea-b357-4c4a-b5d9-dd746d880bb5,2024-03-12 05:38:27,30.6300,"fraud_Runolfsdottir, Mueller and Hand",entertainment,0,RULE_VIOLATION:LOCATION_FAR_FROM_HOME (5350km > 500km),1,0.0000,0.0000,0.0000,0.0000,0.3000,Low
sim_8899e778-80e7-4712-bbf1-fcf60298961e,2024-03-12 06:53:49,1.1400,fraud_Kuphal-Predovic,misc_net,0,RULE_VIOLATION:LOCATION_FAR_FROM_HOME (4661km > 500km),1,0.0000,0.0000,0.0000,0.0000,0.3000,Low
sim_c37ca02b-f7e9-40cf-bcc1-854c544dd4ac,2024-03-12 08:42:15,63.2000,fraud_Bernier and Sons,kids_pets,0,RULE_VIOLATION:LOCATION_FAR_FROM_HOME (2569km > 500km),1,0.0000,0.0000,0.0000,0.0000,0.3000,Low
sim_0b26be46-0490-4ff6-a1e4-b8a73360505d,2024-03-12 11:58:48,43.5000,fraud_Waters-Cruickshank,health_fitness,0,RULE_VIOLATION:LOCATION_FAR_FROM_HOME (4268km > 500km),1,0.0000,0.0000,0.0000,0.0000,0.3000,Low
sim_4f8d36f1-872e-49e8-9159-7c312c6ab88a,2024-03-12 17:25:43,33.4500,fraud_Skiles LLC,home,0,RULE_VIOLATION:LOCATION_FAR_FROM_HOME (3924km > 500km),1,0.0000,0.0000,0.0000,0.0000,0.3000,Low
sim_b8ef0c54-1b4e-4174-854c-f47e4933d6ee,2024-03-12 22:50:03,3.5900,fraud_Williamson LLC,misc_pos,0,RULE_VIOLATION:LOCATION_FAR_FROM_HOME (4482km > 500km),1,0.0000,0.0000,0.0000,0.0000,0.3000,Low
sim_f2727461-1c71-47eb-9a75-7bea09731764,2024-03-13 02:40:39,46.8100,"fraud_Yost, Block and Koepp",misc_pos,0,RULE_VIOLATION:LOCATION_FAR_FROM_HOME (5486km > 500km),1,0.0000,0.0000,0.0000,0.0000,0.3000,Low
sim_f184a39b-7978-4faa-a869-ecb5c971b5cc,2024-03-13 05:04:15,3.8000,fraud_Pagac LLC,shopping_pos,0,RULE_VIOLATION:LOCATION_FAR_FROM_HOME (4540km > 500km),1,0.0000,0.0000,0.0000,0.0000,0.3000,Low
sim_fa8ddc5b-c7d3-493f-b2f7-2552edfc1c15,2024-03-13 08:04:52,40.6200,fraud_Zulauf LLC,personal_care,0,RULE_VIOLATION:LOCATION_FAR_FROM_HOME (4316km > 500km),1,0.0000,0.0000,0.0000,0.0000,0.3000,Low
sim_d337425b-8bcd-444c-ac1a-da3c91c2dc1b,2024-03-13 09:47:50,61.3100,fraud_Thiel-Thiel,entertainment,0,RULE_VIOLATION:LOCATION_FAR_FROM_HOME (4347km > 500km),1,0.0000,0.0000,0.0000,0.0000,0.3000,Low
sim_3b70367d-235a-409e-b7c4-34f848d043c6,2024-03-13 14:45:15,4.4100,"fraud_Hagenes, Kohler and Hoppe",food_dining,0,RULE_VIOLATION:LOCATION_FAR_FROM_HOME (2813km > 500km),1,0.0000,0.0000,0.0000,0.0000,0.3000,Low
sim_e259713c-9b33-49ec-8f58-adb9517054f6,2024-03-13 15:33:17,49.8600,fraud_Connelly-Carter,home,0,RULE_VIOLATION:LOCATION_FAR_FROM_HOME (4524km > 500km),1,0.0000,0.0000,0.0000,0.0000,0.3000,Low
sim_2c48b6ff-4ace-4b3d-8cd9-ab192414d334,2024-03-13 18:41:32,19.1300,"fraud_Nienow, Barrows and Romaguera",personal_care,0,RULE_VIOLATION:LOCATION_FAR_FROM_HOME (5253km > 500km),1,0.0000,0.0000,0.0000,0.0000,0.3000,Low
sim_d60d3af5-637c-424f-a860-488075c02c33,2024-03-13 22:25:23,72.6400,fraud_Bartoletti-Wunsch,gas_transport,0,RULE_VIOLATION:LOCATION_FAR_FROM_HOME (4870km > 500km),1,0.0000,0.0000,0.0000,0.0000,0.3000,Low
sim_0d1b598e-b14f-4662-8f6c-f15633488490,2024-03-14 01:37:00,70.7900,fraud_Connelly-Carter,home,0,RULE_VIOLATION:LOCATION_FAR_FROM_HOME (1225km > 500km),1,0.0000,0.0000,0.0000,0.0000,0.3000,Low
sim_20fd88b4-a568-4423-b22c-477d05ca8204,2024-03-14 04:27:59,1.1500,fraud_Stamm-Witting,shopping_net,0,RULE_VIOLATION:LOCATION_FAR_FROM_HOME (3406km > 500km),1,0.0000,0.0000,0.0000,0.0000,0.3000,Low
sim_c27dcd97-1518-41f7-8d94-c64ec403f46a,2024-03-14 07:39:07,25.2800,fraud_Crooks and Sons,personal_care,0,RULE_VIOLATION:LOCATION_FAR_FROM_HOME (5499km > 500km),1,0.0000,0.0000,0.0000,0.0000,0.3000,Low
sim_6e666f4e-5752-4059-a4b9-0c29fa031c87,2024-03-14 11:57:49,54.1000,"fraud_Greenfelder, Bartoletti and Davis",misc_net,0,RULE_VIOLATION:LOCATION_FAR_FROM_HOME (5267km > 500km),1,0.0000,0.0000,0.0000,0.0000,0.3000,Low
sim_14f199b1-8c86-4864-a49d-6bca0b182e95,2024-03-14 16:43:26,105.9300,fraud_Rutherford-Mertz,grocery_pos,0,RULE_VIOLATION:LOCATION_FAR_FROM_HOME (4236km > 500km),1,0.0000,0.0000,0.0000,0.0000,0.3000,Low
sim_276735ff-782f-4270-9364-d87410d438a9,2024-03-14 18:12:45,84.5500,fraud_Berge-Ullrich,home,0,RULE_VIOLATION:LOCATION_FAR_FROM_HOME (1884km > 500km),1,0.0000,0.0000,0.0000,0.0000,0.3000,Low
sim_a4a63edb-2449-4a47-8102-b0b6b44fa705,2024-03-14 18:34:04,53.8900,"fraud_Brown, Homenick and Lesch",health_fitness,0,RULE_VIOLATION:LOCATION_FAR_FROM_HOME (3769km > 500km),1,0.0000,0.0000,0.0000,0.0000,0.3000,Low
sim_1b239341-4106-4a27-9a0b-58de9679dfe4,2024-03-14 19:53:31,6.5800,"fraud_Douglas, Schneider and Turner",shopping_pos,0,RULE_VIOLATION:LOCATION_FAR_FROM_HOME (2271km > 500km),1,0.0000,0.0000,0.0000,0.0000,0.3000,Low
sim_43b9f1ea-f7d7-416f-a3b6-9b373a63769b,2024-03-14 21:50:14,6.0800,"fraud_Douglas, Schneider and Turner",shopping_pos,0,RULE_VIOLATION:LOCATION_FAR_FROM_HOME (5229km > 500km),1,0.0000,0.0000,0.0000,0.0000,0.3000,Low
sim_16cdf413-99f2-4a28-bffa-626c0b6aa1c5,2024-03-15 00:36:54,11.0000,fraud_Bode-Rempel,kids_pets,0,RULE_VIOLATION:LOCATION_FAR_FROM_HOME (4286km > 500km),1,0.0000,0.0000,0.0000,0.0000,0.3000,Low
sim_18159cf2-fa50-4b39-93b0-3d45ec903a36,2024-03-15 04:35:41,37.7400,"fraud_Rutherford, Homenick and Bergstrom",grocery_net,0,RULE_VIOLATION:LOCATION_FAR_FROM_HOME (4552km > 500km),1,0.0000,0.0000,0.0000,0.0000,0.3000,Low
sim_8a03e4b7-971d-4833-87ec-63a2c3960d78,2024-03-15 04:39:52,78.6700,"fraud_Fadel, Mertz and Rippin",entertainment,0,RULE_VIOLATION:LOCATION_FAR_FROM_HOME (5359km > 500km),1,0.0000,0.0000,0.0000,0.0000,0.3000,Low
sim_56e44df8-dc0c-497b-9978-03ead2078fd7,2024-03-15 09:34:01,9.1600,fraud_Mohr Inc,shopping_pos,0,RULE_VIOLATION:LOCATION_FAR_FROM_HOME (3810km > 500km),1,0.0000,0.0000,0.0000,0.0000,0.3000,Low
sim_349e89c9-6971-44b7-9feb-497b749e1188,2024-03-15 15:21:44,118.4200,fraud_Kuhn LLC,shopping_pos,0,RULE_VIOLATION:LOCATION_FAR_FROM_HOME (4093km > 500km),1,0.0000,0.0000,0.0000,0.0000,0.3000,Low
sim_0ebb685a-2eaa-4a98-9d63-ee4994f4b58c,2024-03-15 17:18:39,65.3300,fraud_Cummerata-Jones,gas_transport,0,RULE_VIOLATION:LOCATION_FAR_FROM_HOME (5601km > 500km),1,0.0000,0.0000,0.0000,0.0000,0.3000,Low
sim_ce8255e1-26bf-4424-aec9-54b624ed1e92,2024-03-15 18:16:46,58.8900,fraud_Kling Inc,gas_transport,0,RULE_VIOLATION:LOCATION_FAR_FROM_HOME (1170km > 500km),1,0.0000,0.0000,0.0000,0.0000,0.3000,Low
sim_fb9a27af-b1b1-4ff6-a468-e0b270d0824d,2024-03-15 23:24:18,56.8700,"fraud_Olson, Becker and Koch",gas_transport,0,RULE_VIOLATION:LOCATION_FAR_FROM_HOME (4876km > 500km),1,0.0000,0.0000,0.0000,0.0000,0.3000,Low
sim_1a1854ad-8d28-4ea6-9b0d-6227db8cc86b,2024-03-16 00:13:18,155.5700,fraud_Schulist Ltd,food_dining,0,RULE_VIOLATION:LOCATION_FAR_FROM_HOME (2322km > 500km),1,0.0000,0.0000,0.0000,0.0000,0.3000,Low
sim_a49b17ed-5c8b-4c27-98fe-481da888865f,2024-03-16 01:37:48,2.7600,fraud_Price Inc,shopping_net,0,RULE_VIOLATION:LOCATION_FAR_FROM_HOME (4331km > 500km),1,0.0000,0.0000,0.0000,0.0000,0.3000,Low
sim_10d567cb-7660-4aa3-9f71-0665602aaf6a,2024-03-16 07:30:15,94.5000,fraud_Johns Inc,entertainment,0,RULE_VIOLATION:LOCATION_FAR_FROM_HOME (1266km > 500km),1,0.0000,0.0000,0.0000,0.0000,0.3000,Low
sim_7bf653cd-7668-492a-a17c-04bdb129ad6b,2024-03-16 09:20:05,6.1700,fraud_Pouros-Conroy,shopping_pos,0,RULE_VIOLATION:LOCATION_FAR_FROM_HOME (5439km > 500km),1,0.0000,0.0000,0.0000,0.0000,0.3000,Low
sim_3d5cb3f9-80ff-4396-976d-894d26aa4365,2024-03-16 09:24:17,20.4800,fraud_O'Hara-Wilderman,food_dining,0,RULE_VIOLATION:LOCATION_FAR_FROM_HOME (4044km > 500km),1,0.0000,0.0000,0.0000,0.0000,0.3000,Low
sim_4161c843-9b3d-4e4a-834d-d6664cd21dbf,2024-03-16 11:04:54,139.2600,fraud_Hackett-Lueilwitz,grocery_pos,0,RULE_VIOLATION:LOCATION_FAR_FROM_HOME (1422km > 500km),1,0.0000,0.0000,0.0000,0.0000,0.3000,Low
sim_3cfd2f09-d43b-45de-a115-bd5e6072df09,2024-03-16 12:16:57,65.4100,"fraud_Connelly, Reichert and Fritsch",gas_transport,0,RULE_VIOLATION:LOCATION_FAR_FROM_HOME (2366km > 500km),1,0.0000,0.0000,0.0000,0.0000,0.3000,Low
sim_75e1f223-04e3-4797-8f17-f80bc3b2ee03,2024-03-16 15:49:34,42.7800,fraud_Little Ltd,kids_pets,0,RULE_VIOLATION:LOCATION_FAR_FROM_HOME (2417km > 500km),1,0.0000,0.0000,0.0000,0.0000,0.3000,Low
sim_267cc53c-9f0a-4b8d-bcc9-1d97421b9cb4,2024-03-16 21:45:07,52.9900,"fraud_Effertz, Welch and Schowalter",entertainment,0,RULE_VIOLATION:LOCATION_FAR_FROM_HOME (5055km > 500km),1,0.0000,0.0000,0.0000,0.0000,0.3000,Low
sim_872e9260-8e5c-48c4-9dd0-eaeff00460c8,2024-03-17 01:36:31,26.3100,fraud_Morissette-Schaefer,personal_care,0,RULE_VIOLATION:LOCATION_FAR_FROM_HOME (2735km > 500km),1,0.0000,0.0000,0.0000,0.0000,0.3000,Low
sim_71a6f9ac-32db-4d2f-89ea-99e986351e44,2024-03-17 06:39:36,22.4500,fraud_Reilly and Sons,health_fitness,0,RULE_VIOLATION:LOCATION_FAR_FROM_HOME (3140km > 500km),1,0.0000,0.0000,0.0000,0.0000,0.3000,Low
sim_260e3ba7-5a98-4281-a8d0-a135af115b99,2024-03-17 08:10:07,6.9200,fraud_Bode-Rempel,kids_pets,0,RULE_VIOLATION:LOCATION_FAR_FROM_HOME (4283km > 500km),1,0.0000,0.0000,0.0000,0.0000,0.3000,Low
sim_5bb0fe2c-3288-48af-970c-19a692ddcb16,2024-03-17 13:27:24,63.9700,fraud_Will Ltd,food_dining,0,RULE_VIOLATION:LOCATION_FAR_FROM_HOME (1879km > 500km),1,0.0000,0.0000,0.0000,0.0000,0.3000,Low
sim_6fa8e9a7-aedb-455c-80dd-b91755fa16c0,2024-03-17 17:39:23,7.8100,fraud_Predovic Inc,shopping_net,0,RULE_VIOLATION:LOCATION_FAR_FROM_HOME (4408km > 500km),1,0.0000,0.0000,0.0000,0.0000,0.3000,Low
sim_8596b804-a925-40e7-bb9f-cc43b2905be7,2024-03-17 19:30:58,94.5700,fraud_Mohr-Bayer,shopping_net,0,RULE_VIOLATION:LOCATION_FAR_FROM_HOME (5283km > 500km),1,0.0000,0.0000,0.0000,0.0000,0.3000,Low
sim_a8bea6da-43aa-41c9-8c6f-804e7cf13594,2024-03-17 20:39:43,131.5400,"fraud_Lockman, West and Runte",grocery_pos,0,RULE_VIOLATION:LOCATION_FAR_FROM_HOME (3508km > 500km),1,0.0000,0.0000,0.0000,0.0000,0.3000,Low
sim_6c99243d-4414-4420-8cac-c6eae3e64d90,2024-03-17 23:46:05,153.7500,fraud_Gerhold LLC,home,0,RULE_VIOLATION:LOCATION_FAR_FROM_HOME (3658km > 500km),1,0.0000,0.0000,0.0000,0.0000,0.3000,Low
sim_ffad91fa-4bea-4d02-8e49-bbd60b4cd028,2024-03-18 05:20:42,104.0500,fraud_Berge-Hills,kids_pets,0,RULE_VIOLATION:LOCATION_FAR_FROM_HOME (5406km > 500km),1,0.0000,0.0000,0.0000,0.0000,0.3000,Low
sim_d3a83be2-bbc3-4446-b96c-811e2257b937,2024-03-18 07:23:43,83.4400,fraud_Runolfsson and Sons,grocery_net,0,RULE_VIOLATION:LOCATION_FAR_FROM_HOME (3903km > 500km),1,0.0000,0.0000,0.0000,0.0000,0.3000,Low
sim_0e8c555c-a4a7-4886-a061-9e01ffbf7eaa,2024-03-18 11:07:34,3.5100,"fraud_Kihn, Abernathy and Douglas",shopping_net,0,RULE_VIOLATION:LOCATION_FAR_FROM_HOME (4668km > 500km),1,0.0000,0.0000,0.0000,0.0000,0.3000,Low
sim_7c726501-52a7-4df7-9b4b-baa2000638f5,2024-03-18 14:33:12,97.9800,fraud_Homenick LLC,personal_care,0,RULE_VIOLATION:LOCATION_FAR_FROM_HOME (4286km > 500km),1,0.0000,0.0000,0.0000,0.0000,0.3000,Low
sim_10f26153-7f31-47af-b01b-a70ea6847a5e,2024-03-18 17:27:05,136.7300,"fraud_Rowe, Batz and Goodwin",grocery_pos,0,RULE_VIOLATION:LOCATION_FAR_FROM_HOME (4358km > 500km),1,0.0000,0.0000,0.0000,0.0000,0.3000,Low
sim_68d57e98-59c6-41fd-adfc-98e4b20fa9eb,2024-03-18 23:17:07,68.0500,fraud_Marks Inc,gas_transport,0,RULE_VIOLATION:LOCATION_FAR_FROM_HOME (4576km > 500km),1,0.0000,0.0000,0.0000,0.0000,0.3000,Low
sim_abd68fdd-5f35-4d70-8b81-7f514bf88507,2024-03-19 03:02:27,554.2600,"fraud_Labadie, Treutel and Bode",shopping_net,0,RULE_VIOLATION:LOCATION_FAR_FROM_HOME (4428km > 500km),1,0.0000,0.0000,0.0000,0.0000,0.3000,Low
sim_8d4b38fe-6fb3-495d-95bd-1a7782292e33,2024-03-19 05:42:33,125.5800,"fraud_Cole, Hills and Jewess",home,0,RULE_VIOLATION:LOCATION_FAR_FROM_HOME (1589km > 500km),1,0.0000,0.0000,0.0000,0.0000,0.3000,Low
sim_d427fd45-f283-4154-bba0-595113685eaa,2024-03-19 09:10:49,82.0600,fraud_Gerhold LLC,home,0,RULE_VIOLATION:LOCATION_FAR_FROM_HOME (3366km > 500km),1,0.0000,0.0000,0.0000,0.0000,0.3000,Low
sim_97aa734b-2a03-4ab0-bada-18d9578b3577,2024-03-19 10:16:33,2.7200,fraud_Bahringer-Streich,food_dining,0,RULE_VIOLATION:LOCATION_FAR_FROM_HOME (3950km > 500km),1,0.0000,0.0000,0.0000,0.0000,0.3000,Low
sim_ae123ac2-48f9-4bd4-9b8f-c4b4e10d423c,2024-03-19 14:36:03,95.5500,"fraud_Rodriguez, Yost and Jenkins",misc_net,0,RULE_VIOLATION:LOCATION_FAR_FROM_HOME (3935km > 500km),1,0.0000,0.0000,0.0000,0.0000,0.3000,Low
sim_16812e68-e136-4a4b-a0ef-3e717dda3efe,2024-03-19 17:38:25,32.7700,fraud_Ernser-Feest,home,0,RULE_VIOLATION:LOCATION_FAR_FROM_HOME (4157km > 500km),1,0.0000,0.0000,0.0000,0.0000,0.3000,Low
sim_aa518051-03e0-4651-8135-fca0819d17a5,2024-03-19 20:08:10,331.3700,fraud_Gulgowski LLC,home,0,RULE_VIOLATION:LOCATION_FAR_FROM_HOME (3828km > 500km),1,0.0000,0.0000,0.0000,0.0000,0.3000,Low
sim_5ab4ffbf-fcee-4ad3-b139-569828970def,2024-03-19 23:53:16,22.5100,fraud_Hudson-Grady,shopping_pos,0,RULE_VIOLATION:LOCATION_FAR_FROM_HOME (5078km > 500km),1,0.0000,0.0000,0.0000,0.0000,0.3000,Low
sim_7b2045b6-c7cc-4bd2-b0b1-262129d61d9c,2024-03-20 02:14:41,50.8100,fraud_Harris Group,food_dining,0,RULE_VIOLATION:LOCATION_FAR_FROM_HOME (2897km > 500km),1,0.0000,0.0000,0.0000,0.0000,0.3000,Low
sim_b33d5bb0-8232-468c-9535-f636ef8895d5,2024-03-20 07:23:00,149.1700,"fraud_Kovacek, Dibbert and Ondricka",grocery_pos,0,RULE_VIOLATION:LOCATION_FAR_FROM_HOME (4870km > 500km),1,0.0000,0.0000,0.0000,0.0000,0.3000,Low
sim_614a6c5a-845b-47ba-95b9-1b43b9ae00c0,2024-03-20 07:37:45,33.2500,"fraud_O'Reilly, Mohr and Purdy",home,0,RULE_VIOLATION:LOCATION_FAR_FROM_HOME (1780km > 500km),1,0.0000,0.0000,0.0000,0.0000,0.3000,Low
sim_49333e23-b336-4dc9-b450-45a57abbc36d,2024-03-20 08:32:25,68.1500,fraud_Harris Inc,gas_transport,0,RULE_VIOLATION:LOCATION_FAR_FROM_HOME (1853km > 500km),1,0.0000,0.0000,0.0000,0.0000,0.3000,Low
sim_483fa077-ba8c-4b67-8b86-1b4cc8ce096f,2024-03-20 11:26:12,37.0400,fraud_Jaskolski-Dibbert,grocery_net,0,RULE_VIOLATION:LOCATION_FAR_FROM_HOME (2548km > 500km),1,0.0000,0.0000,0.0000,0.0000,0.3000,Low
sim_eedb78bb-3616-4892-b2e3-09cc0941ec0b,2024-03-20 15:24:51,18.1700,fraud_Abbott-Rogahn,entertainment,0,RULE_VIOLATION:LOCATION_FAR_FROM_HOME (4313km > 500km),1,0.0000,0.0000,0.0000,0.0000,0.3000,Low
sim_47386656-e8d3-460c-abcd-7a665a6cb1ad,2024-03-20 16:13:16,105.4100,"fraud_Gottlieb, Considine and Schultz",shopping_net,0,RULE_VIOLATION:LOCATION_FAR_FROM_HOME (4693km > 500km),1,0.0000,0.0000,0.0000,0.0000,0.3000,Low
sim_301a374a-f344-462b-bb39-7fe1b6c77620,2024-03-20 17:14:31,13.1700,"fraud_Armstrong, Walter and Gottlieb",food_dining,0,RULE_VIOLATION:LOCATION_FAR_FROM_HOME (1821km > 500km),1,0.0000,0.0000,0.0000,0.0000,0.3000,Low
sim_9461ffd4-f8c1-4c3a-95c0-470a0cc996b4,2024-03-20 17:27:55,4.1700,"fraud_Lehner, Mosciski and King",misc_net,0,RULE_VIOLATION:LOCATION_FAR_FROM_HOME (5224km > 500km),1,0.0000,0.0000,0.0000,0.0000,0.3000,Low
sim_dfd6c350-8639-4d93-82c4-9acfc3e98c28,2024-03-20 23:24:00,16.4900,fraud_Hamill-D'Amore,health_fitness,0,RULE_VIOLATION:LOCATION_FAR_FROM_HOME (3596km > 500km),1,0.0000,0.0000,0.0000,0.0000,0.3000,Low
sim_f5550998-6f4d-420a-8770-0c4359c1fc69,2024-03-21 02:28:38,66.2300,fraud_Brekke and Sons,gas_transport,0,RULE_VIOLATION:LOCATION_FAR_FROM_HOME (4727km > 500km),1,0.0000,0.0000,0.0000,0.0000,0.3000,Low
sim_ce132906-f88f-4547-8d2f-1f2836d3e8bc,2024-03-21 06:23:26,86.2700,"fraud_Schoen, Kuphal and Nitzsche",grocery_pos,0,RULE_VIOLATION:LOCATION_FAR_FROM_HOME (3517km > 500km),1,0.0000,0.0000,0.0000,0.0000,0.3000,Low
sim_6c0bb313-7e99-4cd6-b893-09cf8788cfaf,2024-03-21 10:06:10,56.6200,fraud_Cummerata-Jones,gas_transport,0,RULE_VIOLATION:LOCATION_FAR_FROM_HOME (4109km > 500km),1,0.0000,0.0000,0.0000,0.0000,0.3000,Low
sim_fef85294-17e3-483a-a43e-9b5e5af9f0e8,2024-03-21 11:16:17,83.1100,fraud_Abbott-Rogahn,entertainment,0,RULE_VIOLATION:LOCATION_FAR_FROM_HOME (2363km > 500km),1,0.0000,0.0000,0.0000,0.0000,0.3000,Low
sim_2ee9137e-a685-4500-9663-436104fcd77f,2024-03-21 12:17:20,41.3400,"fraud_Tillman, Dickinson and Labadie",gas_transport,0,RULE_VIOLATION:LOCATION_FAR_FROM_HOME (5037km > 500km),1,0.0000,0.0000,0.0000,0.0000,0.3000,Low
sim_a8cc1dc0-9646-46e0-8e14-0368bd4b29f3,2024-03-21 18:07:10,103.6200,fraud_Daugherty-Thompson,food_dining,0,RULE_VIOLATION:LOCATION_FAR_FROM_HOME (5144km > 500km),1,0.0000,0.0000,0.0000,0.0000,0.3000,Low
sim_63d3dd11-8a2e-4545-957e-7dba896648dd,2024-03-21 22:02:31,92.3500,"fraud_Mosciski, Gislason and Mertz",grocery_pos,0,RULE_VIOLATION:LOCATION_FAR_FROM_HOME (3388km > 500km),1,0.0000,0.0000,0.0000,0.0000,0.3000,Low
sim_c348c2bc-0762-4eff-bcb3-1300278b26c3,2024-03-22 00:02:01,115.9500,fraud_Kuhic Inc,grocery_pos,0,RULE_VIOLATION:LOCATION_FAR_FROM_HOME (3598km > 500km),1,0.0000,0.0000,0.0000,0.0000,0.3000,Low
sim_54729bd6-da83-46d4-9f49-97a43e2b0db3,2024-03-22 00:35:07,13.4600,"fraud_Cronin, Kshlerin and Weber",health_fitness,0,RULE_VIOLATION:LOCATION_FAR_FROM_HOME (5081km > 500km),1,0.0000,0.0000,0.0000,0.0000,0.3000,Low
sim_fa5ae08d-aeac-4c7b-8dd5-c7e4cfb622c3,2024-03-22 03:43:51,43.9000,fraud_Jaskolski-Dibbert,grocery_net,0,RULE_VIOLATION:LOCATION_FAR_FROM_HOME (3048km > 500km),1,0.0000,0.0000,0.0000,0.0000,0.3000,Low
sim_22bdace4-7efb-4416-b193-22f692de9512,2024-03-22 07:23:18,3.6300,fraud_Fisher Inc,shopping_net,0,RULE_VIOLATION:LOCATION_FAR_FROM_HOME (4299km > 500km),1,0.0000,0.0000,0.0000,0.0000,0.3000,Low
sim_20391a9f-7242-4f01-8e49-f358ea71e7a8,2024-03-22 10:56:37,3.4000,fraud_Kerluke-Abshire,shopping_net,0,RULE_VIOLATION:LOCATION_FAR_FROM_HOME (4606km > 500km),1,0.0000,0.0000,0.0000,0.0000,0.3000,Low
sim_c94dfb44-bb1a-4ced-8f2a-31f6a8043b56,2024-03-22 15:25:55,53.3400,fraud_Schiller Ltd,personal_care,0,RULE_VIOLATION:LOCATION_FAR_FROM_HOME (3755km > 500km),1,0.0000,0.0000,0.0000,0.0000,0.3000,Low
sim_9aded4f2-17a0-4164-bbaa-279d1e840cbf,2024-03-22 17:21:20,12.2900,fraud_Gaylord-Powlowski,home,0,RULE_VIOLATION:LOCATION_FAR_FROM_HOME (5725km > 500km),1,0.0000,0.0000,0.0000,0.0000,0.3000,Low
sim_8f190b18-9306-4272-8e54-2ec14d3362cb,2024-03-22 20:05:07,121.0500,fraud_Cartwright-Harris,grocery_pos,0,RULE_VIOLATION:LOCATION_FAR_FROM_HOME (4025km > 500km),1,0.0000,0.0000,0.0000,0.0000,0.3000,Low
sim_b77b09e5-40ce-4447-b6a4-f2c83a068f93,2024-03-23 01:36:16,43.1200,"fraud_Monahan, Bogisich and Ledner",misc_pos,0,RULE_VIOLATION:LOCATION_FAR_FROM_HOME (3890km > 500km),1,0.0000,0.0000,0.0000,0.0000,0.3000,Low
sim_c464b3cf-a70e-4d7f-841a-6abce10674f4,2024-03-23 06:26:00,103.1000,fraud_DuBuque LLC,grocery_pos,0,RULE_VIOLATION:LOCATION_FAR_FROM_HOME (4977km > 500km),1,0.0000,0.0000,0.0000,0.0000,0.3000,Low
sim_9937214c-a14a-438e-913b-a42d63540e28,2024-03-23 11:23:57,7.9000,"fraud_Kilback, Nitzsche and Leffler",travel,0,RULE_VIOLATION:LOCATION_FAR_FROM_HOME (5329km > 500km),1,0.0000,0.0000,0.0000,0.0000,0.3000,Low
sim_7d9d76dd-9f4e-4643-ab94-710972f82b66,2024-03-23 15:09:21,168.1700,fraud_Kihn-Fritsch,food_dining,0,RULE_VIOLATION:LOCATION_FAR_FROM_HOME (2017km > 500km),1,0.0000,0.0000,0.0000,0.0000,0.3000,Low
sim_962b4e2c-eab1-47f1-9f39-62d2eaeaf6a7,2024-03-23 20:59:14,3.7500,fraud_Beier LLC,entertainment,0,RULE_VIOLATION:LOCATION_FAR_FROM_HOME (2924km > 500km),1,0.0000,0.0000,0.0000,0.0000,0.3000,Low
sim_f44e1f78-1ae5-49ac-b6e1-5cc7cbea5c58,2024-03-24 00:40:50,5.8600,fraud_Kunde-Sanford,misc_net,0,RULE_VIOLATION:LOCATION_FAR_FROM_HOME (3700km > 500km),1,0.0000,0.0000,0.0000,0.0000,0.3000,Low
sim_aacd38de-6dfa-482c-806f-d8153f009d7f,2024-03-24 04:37:22,111.3400,"fraud_Casper, Hand and Zulauf",grocery_pos,0,RULE_VIOLATION:LOCATION_FAR_FROM_HOME (2878km > 500km),1,0.0000,0.0000,0.0000,0.0000,0.3000,Low
sim_c4905f16-6520-43d2-9ad1-7ad18edc929a,2024-03-24 05:56:31,25.5600,"fraud_Witting, Beer and Ernser",home,0,RULE_VIOLATION:LOCATION_FAR_FROM_HOME (1551km > 500km),1,0.0000,0.0000,0.0000,0.0000,0.3000,Low
sim_c8ae76a3-3302-4cce-b059-7aa0e328f97f,2024-03-24 07:04:33,94.5600,"fraud_Tillman, Dickinson and Labadie",gas_transport,0,RULE_VIOLATION:LOCATION_FAR_FROM_HOME (4006km > 500km),1,0.0000,0.0000,0.0000,0.0000,0.3000,Low
sim_7763cc56-0637-4d3a-87f0-1f73715617b8,2024-03-24 07:20:13,46.1000,"fraud_Wintheiser, Dietrich and Schimmel",misc_pos,0,RULE_VIOLATION:LOCATION_FAR_FROM_HOME (2497km > 500km),1,0.0000,0.0000,0.0000,0.0000,0.3000,Low
sim_c03154b1-833c-481f-b57a-f8c970acdfeb,2024-03-24 08:24:57,19.2600,fraud_Schimmel-Olson,kids_pets,1,RULE_VIOLATION:LOCATION_FAR_FROM_HOME (1803km > 500km),1,0.0000,0.0000,0.0000,0.0000,0.3000,Low
sim_7a5fc620-194c-4916-b1c7-889eaa693720,2024-03-24 12:53:10,4.4400,fraud_Fisher-Schowalter,shopping_net,0,RULE_VIOLATION:LOCATION_FAR_FROM_HOME (4938km > 500km),1,0.0000,0.0000,0.0000,0.0000,0.3000,Low
sim_9e91e5ca-d488-4c09-986b-16d6be0c91a4,2024-03-24 16:55:47,7.2300,fraud_Klein Group,entertainment,0,RULE_VIOLATION:LOCATION_FAR_FROM_HOME (5542km > 500km),1,0.0000,0.0000,0.0000,0.0000,0.3000,Low
sim_611c5e12-8412-41ae-a3de-a3e49fa1283c,2024-03-24 17:55:27,77.7500,fraud_Botsford and Sons,home,0,RULE_VIOLATION:LOCATION_FAR_FROM_HOME (3275km > 500km),1,0.0000,0.0000,0.0000,0.0000,0.3000,Low
sim_427b8190-b876-466f-a0eb-c2b2f968a832,2024-03-24 23:42:08,41.2600,"fraud_Schaefer, McGlynn and Bosco",gas_transport,0,RULE_VIOLATION:LOCATION_FAR_FROM_HOME (3705km > 500km),1,0.0000,0.0000,0.0000,0.0000,0.3000,Low
sim_7e2c614a-370e-4155-a29e-6b98c2fbf96f,2024-03-25 04:44:43,87.4700,fraud_Skiles-Ankunding,grocery_net,0,RULE_VIOLATION:LOCATION_FAR_FROM_HOME (3999km > 500km),1,0.0000,0.0000,0.0000,0.0000,0.3000,Low
sim_15fc96b1-9b2b-4dba-a877-7dce3cf30ecf,2024-03-25 06:58:16,548.4500,"fraud_Douglas, DuBuque and McKenzie",travel,0,RULE_VIOLATION:LOCATION_FAR_FROM_HOME (5188km > 500km),1,0.0000,0.0000,0.0000,0.0000,0.3000,Low
sim_c3962ae4-795b-44ce-925c-9482c234aa5c,2024-03-25 09:51:02,3.6000,fraud_Johnston-Casper,travel,0,RULE_VIOLATION:LOCATION_FAR_FROM_HOME (4742km > 500km),1,0.0000,0.0000,0.0000,0.0000,0.3000,Low
sim_e6842311-9dfd-4a00-96e3-0d8b2d03bae9,2024-03-25 11:44:50,96.0700,"fraud_Hyatt, Russel and Gleichner",health_fitness,0,RULE_VIOLATION:LOCATION_FAR_FROM_HOME (3626km > 500km),1,0.0000,0.0000,0.0000,0.0000,0.3000,Low
sim_2e23eb6b-bd4b-4e6a-9a45-929c6b00865b,2024-03-25 16:05:13,65.8300,"fraud_Medhurst, Cartwright and Ebert",personal_care,0,RULE_VIOLATION:LOCATION_FAR_FROM_HOME (3944km > 500km),1,0.0000,0.0000,0.0000,0.0000,0.3000,Low
sim_ed1599ff-d64b-4858-bed9-8be1af44f265,2024-03-25 21:59:38,76.8300,fraud_Ziemann-Waters,health_fitness,0,RULE_VIOLATION:LOCATION_FAR_FROM_HOME (3171km > 500km),1,0.0000,0.0000,0.0000,0.0000,0.3000,Low
sim_8b588c88-b3b6-495d-8777-0e3b5d3bac77,2024-03-26 02:49:56,111.5300,fraud_Pouros-Conroy,shopping_pos,0,RULE_VIOLATION:LOCATION_FAR_FROM_HOME (5246km > 500km),1,0.0000,0.0000,0.0000,0.0000,0.3000,Low
sim_43d833f8-7111-47c4-aaff-f4de935152fd,2024-03-26 03:45:52,203.7100,fraud_Bauch-Blanda,entertainment,0,RULE_VIOLATION:LOCATION_FAR_FROM_HOME (5509km > 500km),1,0.0000,0.0000,0.0000,0.0000,0.3000,Low
sim_f7b54310-26c0-4a1a-b0c6-2be3150a949b,2024-03-26 09:06:08,38.3100,"fraud_Harris, Gusikowski and Heaney",grocery_net,0,RULE_VIOLATION:LOCATION_FAR_FROM_HOME (4163km > 500km),1,0.0000,0.0000,0.0000,0.0000,0.3000,Low
sim_40bc1acd-a74b-4896-ae86-d65b79ff6b20,2024-03-26 11:00:02,77.6000,fraud_Beier and Sons,home,0,RULE_VIOLATION:LOCATION_FAR_FROM_HOME (3063km > 500km),1,0.0000,0.0000,0.0000,0.0000,0.3000,Low
sim_4d0e281f-08f9-4daa-a44b-fcb350bbcab5,2024-03-26 16:59:29,7.2600,"fraud_Reichert, Huels and Hoppe",shopping_net,0,RULE_VIOLATION:LOCATION_FAR_FROM_HOME (1208km > 500km),1,0.0000,0.0000,0.0000,0.0000,0.3000,Low
sim_c188a0b4-2677-4648-a427-bdc74f923d35,2024-03-26 22:26:56,2.1300,fraud_Schmeler Inc,misc_pos,0,RULE_VIOLATION:LOCATION_FAR_FROM_HOME (2325km > 500km),1,0.0000,0.0000,0.0000,0.0000,0.3000,Low
sim_1c614ecb-46ee-42bb-9d86-20c054f0dd00,2024-03-27 02:32:13,1.6200,fraud_Mohr Inc,shopping_pos,0,RULE_VIOLATION:LOCATION_FAR_FROM_HOME (3989km > 500km),1,0.0000,0.0000,0.0000,0.0000,0.3000,Low
sim_a1f5a719-bd8a-44bf-89fa-a55417a646c2,2024-03-27 04:14:34,31.9500,fraud_Schmitt Inc,gas_transport,0,RULE_VIOLATION:LOCATION_FAR_FROM_HOME (3599km > 500km),1,0.0000,0.0000,0.0000,0.0000,0.3000,Low
sim_155a7aa6-cde9-40b9-a6ed-278c2e14def8,2024-03-27 06:35:29,19.5500,fraud_Prosacco LLC,personal_care,0,RULE_VIOLATION:LOCATION_FAR_FROM_HOME (1554km > 500km),1,0.0000,0.0000,0.0000,0.0000,0.3000,Low
sim_901fe560-8b54-4656-a0e0-02c4162b16fd,2024-03-27 07:39:41,190.0400,fraud_O'Keefe-Hudson,grocery_pos,0,RULE_VIOLATION:LOCATION_FAR_FROM_HOME (5286km > 500km),1,0.0000,0.0000,0.0000,0.0000,0.3000,Low
sim_a05e415d-26b2-4d83-b969-d9d537386723,2024-03-27 09:05:54,116.5800,"fraud_Goldner, Kovacek and Abbott",grocery_pos,0,RULE_VIOLATION:LOCATION_FAR_FROM_HOME (3735km > 500km),1,0.0000,0.0000,0.0000,0.0000,0.3000,Low
sim_3260c304-dce1-4146-a3db-feb1adddd43f,2024-03-27 14:12:01,225.5900,"fraud_Rohan, White and Aufderhar",misc_net,0,RULE_VIOLATION:LOCATION_FAR_FROM_HOME (4809km > 500km),1,0.0000,0.0000,0.0000,0.0000,0.3000,Low
sim_c8ed7340-7017-438f-9627-00114c5b03cf,2024-03-27 15:31:27,77.4000,fraud_Bins-Rice,gas_transport,0,RULE_VIOLATION:LOCATION_FAR_FROM_HOME (5305km > 500km),1,0.0000,0.0000,0.0000,0.0000,0.3000,Low
sim_9fd14839-fe24-445a-a49a-56bbe62a0939,2024-03-27 21:25:55,4.9300,"fraud_Ledner, Hartmann and Feest",health_fitness,0,RULE_VIOLATION:LOCATION_FAR_FROM_HOME (5083km > 500km),1,0.0000,0.0000,0.0000,0.0000,0.3000,Low
sim_2b06fad7-3ba2-4e5b-8f2b-ef3627ebf927,2024-03-28 02:12:21,108.9500,"fraud_Watsica, Haag and Considine",shopping_pos,0,RULE_VIOLATION:LOCATION_FAR_FROM_HOME (5304km > 500km),1,0.0000,0.0000,0.0000,0.0000,0.3000,Low
sim_0801943a-82b4-4a23-8d78-5d5ea6fb905b,2024-03-28 05:18:02,9.2900,fraud_Kilback and Sons,entertainment,0,RULE_VIOLATION:LOCATION_FAR_FROM_HOME (5525km > 500km),1,0.0000,0.0000,0.0000,0.0000,0.3000,Low
sim_f998a815-71e3-4f15-acc2-eb1d8ec90859,2024-03-28 09:13:45,477.3000,"fraud_Kerluke, Considine and Macejkovic",misc_net,0,RULE_VIOLATION:LOCATION_FAR_FROM_HOME (1381km > 500km),1,0.0000,0.0000,0.0000,0.0000,0.3000,Low
sim_f8d57734-9a12-4654-8f75-312ee889aca3,2024-03-28 10:48:06,136.4000,"fraud_Prosacco, Kreiger and Kovacek",home,0,RULE_VIOLATION:LOCATION_FAR_FROM_HOME (3763km > 500km),1,0.0000,0.0000,0.0000,0.0000,0.3000,Low
sim_b038da80-4ec4-4139-aa83-51d0111fbd25,2024-03-28 12:29:38,98.6000,fraud_Predovic Inc,shopping_net,0,RULE_VIOLATION:LOCATION_FAR_FROM_HOME (3474km > 500km),1,0.0000,0.0000,0.0000,0.0000,0.3000,Low
sim_afdc0b39-8ba6-46a3-a295-8707389f4b38,2024-03-28 14:49:35,2.7700,"fraud_Berge, Kautzer and Harris",personal_care,0,RULE_VIOLATION:LOCATION_FAR_FROM_HOME (3443km > 500km),1,0.0000,0.0000,0.0000,0.0000,0.3000,Low
sim_68c990f1-ac9d-44dd-8162-9167e9c65583,2024-03-28 17:05:21,160.9600,fraud_Hilpert-Conroy,kids_pets,0,RULE_VIOLATION:LOCATION_FAR_FROM_HOME (4416km > 500km),1,0.0000,0.0000,0.0000,0.0000,0.3000,Low
sim_c77ad39d-d2e1-44e9-b85a-6d7697ca80e5,2024-03-28 23:00:29,58.8800,"fraud_Greenholt, Jacobi and Gleason",gas_transport,0,RULE_VIOLATION:LOCATION_FAR_FROM_HOME (4126km > 500km),1,0.0000,0.0000,0.0000,0.0000,0.3000,Low
sim_dc304cf5-41d1-448b-873c-1196ef2b7fc4,2024-03-28 23:06:09,34.1600,fraud_Abshire PLC,entertainment,0,RULE_VIOLATION:LOCATION_FAR_FROM_HOME (4961km > 500km),1,0.0000,0.0000,0.0000,0.0000,0.3000,Low
sim_90e7693c-58b5-42e5-9732-b15336d215a2,2024-03-29 02:21:28,6.1200,"fraud_Watsica, Haag and Considine",shopping_pos,0,RULE_VIOLATION:LOCATION_FAR_FROM_HOME (4660km > 500km),1,0.0000,0.0000,0.0000,0.0000,0.3000,Low
sim_d8c7c6ff-911f-4db4-baf8-8e03ca567df1,2024-03-29 07:31:15,18.5700,fraud_Hills-Boyer,personal_care,0,RULE_VIOLATION:LOCATION_FAR_FROM_HOME (4263km > 500km),1,0.0000,0.0000,0.0000,0.0000,0.3000,Low
sim_cbfc1e26-efa0-4f98-9378-f20a22ffa659,2024-03-29 11:49:31,207.0900,"fraud_Huel, Hammes and Witting",grocery_pos,0,RULE_VIOLATION:LOCATION_FAR_FROM_HOME (5393km > 500km),1,0.0000,0.0000,0.0000,0.0000,0.3000,Low
sim_07037df5-8cc9-4bc8-9da7-8a1a2f818cc0,2024-03-29 12:22:54,102.9600,fraud_Botsford and Sons,home,0,RULE_VIOLATION:LOCATION_FAR_FROM_HOME (4580km > 500km),1,0.0000,0.0000,0.0000,0.0000,0.3000,Low
sim_cf9ed684-13ea-44e9-9d1f-7c438373a513,2024-03-29 12:23:46,169.7500,fraud_Schmidt-Larkin,home,0,RULE_VIOLATION:LOCATION_FAR_FROM_HOME (4022km > 500km),1,0.0000,0.0000,0.0000,0.0000,0.3000,Low
sim_101108fc-d2ef-48bd-aadf-a9fe63be7ee1,2024-03-29 18:01:35,4.3800,fraud_Hickle Group,shopping_pos,0,RULE_VIOLATION:LOCATION_FAR_FROM_HOME (1417km > 500km),1,0.0000,0.0000,0.0000,0.0000,0.3000,Low
sim_28bd5895-67b3-4f77-9e65-b97837ee8944,2024-03-29 20:40:25,61.8600,fraud_Quitzon-Goyette,home,0,RULE_VIOLATION:LOCATION_FAR_FROM_HOME (1262km > 500km),1,0.0000,0.0000,0.0000,0.0000,0.3000,Low
sim_1d7d1047-eb90-43a9-8ccc-90891f3f56c8,2024-03-30 02:15:13,1.3500,"fraud_Larson, Quitzon and Spencer",travel,0,RULE_VIOLATION:LOCATION_FAR_FROM_HOME (5312km > 500km),1,0.0000,0.0000,0.0000,0.0000,0.3000,Low
sim_d81da9a2-d019-498a-abbd-ade368f737d0,2024-03-30 03:19:21,7.7800,fraud_Boyer PLC,misc_pos,0,RULE_VIOLATION:LOCATION_FAR_FROM_HOME (5310km > 500km),1,0.0000,0.0000,0.0000,0.0000,0.3000,Low
sim_61e3c7fc-2fd2-4048-9f55-f96dfbec01e0,2024-03-30 04:56:52,180.9300,fraud_Miller-Hauck,grocery_pos,0,RULE_VIOLATION:LOCATION_FAR_FROM_HOME (5256km > 500km),1,0.0000,0.0000,0.0000,0.0000,0.3000,Low
sim_f36202aa-24b9-4970-b1c4-eedb85701418,2024-03-30 06:30:53,8.2900,fraud_Dooley-Thompson,misc_net,0,RULE_VIOLATION:LOCATION_FAR_FROM_HOME (3962km > 500km),1,0.0000,0.0000,0.0000,0.0000,0.3000,Low
sim_0988ca55-df97-40c6-93ab-ff71f5e79722,2024-03-30 09:49:19,103.2800,"fraud_Streich, Dietrich and Barton",shopping_net,0,RULE_VIOLATION:LOCATION_FAR_FROM_HOME (5559km > 500km),1,0.0000,0.0000,0.0000,0.0000,0.3000,Low
sim_8b4535b3-9a83-4f44-82e2-a6c488f7ea4d,2024-03-30 13:01:12,26.2600,fraud_Kilback and Sons,entertainment,0,RULE_VIOLATION:LOCATION_FAR_FROM_HOME (4901km > 500km),1,0.0000,0.0000,0.0000,0.0000,0.3000,Low
sim_b5a77504-60c2-4163-9d76-00c339f0081d,2024-03-30 16:30:17,6.7400,fraud_Herman Inc,misc_pos,0,RULE_VIOLATION:LOCATION_FAR_FROM_HOME (1346km > 500km),1,0.0000,0.0000,0.0000,0.0000,0.3000,Low
sim_e67c4309-c120-4e48-af0a-b7c82d7c4ace,2024-03-30 17:17:32,132.3100,fraud_Heidenreich PLC,grocery_pos,0,RULE_VIOLATION:LOCATION_FAR_FROM_HOME (1163km > 500km),1,0.0000,0.0000,0.0000,0.0000,0.3000,Low
sim_900abbd9-6370-420e-b3d1-cfd06141d7db,2024-03-30 20:32:56,76.9900,fraud_Kilback LLC,grocery_pos,0,RULE_VIOLATION:LOCATION_FAR_FROM_HOME (5058km > 500km),1,0.0000,0.0000,0.0000,0.0000,0.3000,Low
sim_602f3a34-5fe9-43fd-aa7f-b702dd9dd81b,2024-03-30 21:28:58,4.4800,fraud_Metz-Boehm,shopping_pos,0,RULE_VIOLATION:LOCATION_FAR_FROM_HOME (4766km > 500km),1,0.0000,0.0000,0.0000,0.0000,0.3000,Low
sim_0e8ce44f-cd9e-4cc6-806d-e345d4338570,2024-03-30 23:28:25,799.5400,"fraud_Hayes, Marquardt and Dibbert",misc_net,0,RULE_VIOLATION:LOCATION_FAR_FROM_HOME (5083km > 500km),1,0.0000,0.0000,0.0000,0.0000,0.3000,Low
sim_bcbe6de7-056f-419a-b743-0ca1bd4c9a91,2024-03-31 00:48:52,1.3900,"fraud_Langworth, Boehm and Gulgowski",shopping_net,0,RULE_VIOLATION:LOCATION_FAR_FROM_HOME (5217km > 500km),1,0.0000,0.0000,0.0000,0.0000,0.3000,Low
sim_bfb27d3e-41d3-4c45-bb6d-36f42d84ae8f,2024-03-31 05:58:44,140.7900,fraud_Schmitt Ltd,misc_net,0,RULE_VIOLATION:LOCATION_FAR_FROM_HOME (1812km > 500km),1,0.0000,0.0000,0.0000,0.0000,0.3000,Low
sim_e0ea17f3-f911-44f2-8c08-b67a431f451f,2024-03-31 11:36:53,11.0700,fraud_Corwin-Gorczany,misc_net,0,RULE_VIOLATION:LOCATION_FAR_FROM_HOME (5174km > 500km),1,0.0000,0.0000,0.0000,0.0000,0.3000,Low
sim_d4e1d6fa-efba-410c-aae2-3cba41042f70,2024-03-31 12:26:57,38.2200,"fraud_Kovacek, Dibbert and Ondricka",grocery_pos,0,RULE_VIOLATION:LOCATION_FAR_FROM_HOME (5126km > 500km),1,0.0000,0.0000,0.0000,0.0000,0.3000,Low
sim_8117e1fa-3b4c-4fcf-87aa-c809d3437a2b,2024-03-31 18:19:20,2.1800,"fraud_Streich, Dietrich and Barton",shopping_net,0,RULE_VIOLATION:LOCATION_FAR_FROM_HOME (3625km > 500km),1,0.0000,0.0000,0.0000,0.0000,0.3000,Low
sim_ec3b53bd-605f-4f36-bf16-d3204e4abd5d,2024-03-31 21:47:24,142.0300,fraud_Beier-Hyatt,shopping_pos,0,RULE_VIOLATION:LOCATION_FAR_FROM_HOME (3668km > 500km),1,0.0000,0.0000,0.0000,0.0000,0.3000,Low
sim_12ada727-4363-433e-875c-2f4c1c095978,2024-03-31 22:21:44,198.1800,fraud_Rutherford-Mertz,grocery_pos,0,RULE_VIOLATION:LOCATION_FAR_FROM_HOME (2445km > 500km),1,0.0000,0.0000,0.0000,0.0000,0.3000,Low
sim_356eb09a-7e69-4d61-a361-c935f060111c,2024-04-01 03:03:27,72.0400,fraud_Mraz-Herzog,gas_transport,0,RULE_VIOLATION:LOCATION_FAR_FROM_HOME (5441km > 500km),1,0.0000,0.0000,0.0000,0.0000,0.3000,Low
sim_9f84c9df-182d-4771-b899-3dd9e5c986ad,2024-04-01 05:17:01,32.5500,fraud_Luettgen PLC,gas_transport,0,RULE_VIOLATION:LOCATION_FAR_FROM_HOME (3583km > 500km),1,0.0000,0.0000,0.0000,0.0000,0.3000,Low
sim_0c70e5cf-6ad8-4ec2-923a-726f88a4389f,2024-04-01 10:30:46,101.9100,"fraud_Zboncak, Rowe and Murazik",shopping_net,0,RULE_VIOLATION:LOCATION_FAR_FROM_HOME (4752km > 500km),1,0.0000,0.0000,0.0000,0.0000,0.3000,Low
sim_c4520d2f-dee3-43b7-ae10-c4fb5c3131dc,2024-04-01 11:41:54,7.3000,fraud_Kris-Kertzmann,travel,0,RULE_VIOLATION:LOCATION_FAR_FROM_HOME (3805km > 500km),1,0.0000,0.0000,0.0000,0.0000,0.3000,Low
sim_5af293f5-1f7e-4218-8e5e-4c369d0f202a,2024-04-01 17:00:57,49.4700,"fraud_Prosacco, Kreiger and Kovacek",home,0,RULE_VIOLATION:LOCATION_FAR_FROM_HOME (4764km > 500km),1,0.0000,0.0000,0.0000,0.0000,0.3000,Low
sim_e0a99a56-8f30-413a-a1aa-05a876db8e75,2024-04-01 19:14:38,84.8600,fraud_Frami Group,entertainment,0,RULE_VIOLATION:LOCATION_FAR_FROM_HOME (5181km > 500km),1,0.0000,0.0000,0.0000,0.0000,0.3000,Low
sim_e9a4013a-4702-424e-a337-b54007090fc3,2024-04-01 23:31:05,3595.6100,fraud_Mohr Inc,shopping_pos,0,RULE_VIOLATION:LOCATION_FAR_FROM_HOME (2654km > 500km); RULE_VIOLATION:HIGH_AMOUNT ($3595.61 > $1000),1,0.0000,0.0000,0.0000,0.0000,0.3000,Low
sim_93656311-adbf-48f1-abca-66304bb7913e,2024-04-02 02:17:17,6.8600,fraud_Ruecker-Mayert,kids_pets,0,RULE_VIOLATION:LOCATION_FAR_FROM_HOME (3861km > 500km),1,0.0000,0.0000,0.0000,0.0000,0.3000,Low
sim_6fa7316c-ecc0-41bf-a150-c13b00496972,2024-04-02 03:29:48,14.3100,fraud_Kuphal-Predovic,misc_net,0,RULE_VIOLATION:LOCATION_FAR_FROM_HOME (2336km > 500km),1,0.0000,0.0000,0.0000,0.0000,0.3000,Low
sim_895d0007-51b1-41b0-82a2-aececa8e0158,2024-04-02 07:29:25,41.4200,fraud_Jacobi Inc,health_fitness,0,RULE_VIOLATION:LOCATION_FAR_FROM_HOME (3688km > 500km),1,0.0000,0.0000,0.0000,0.0000,0.3000,Low
sim_6ad283b8-d742-42ce-a226-b72dde98584a,2024-04-02 12:37:57,101.2200,fraud_Frami Group,entertainment,0,RULE_VIOLATION:LOCATION_FAR_FROM_HOME (4847km > 500km),1,0.0000,0.0000,0.0000,0.0000,0.3000,Low
sim_79db2a71-8864-45f8-a874-5b6e1d869b0d,2024-04-02 16:43:20,91.2700,fraud_Koepp-Witting,grocery_pos,0,RULE_VIOLATION:LOCATION_FAR_FROM_HOME (3992km > 500km),1,0.0000,0.0000,0.0000,0.0000,0.3000,Low
sim_1803b0fa-749b-4072-8750-709e8e0ee6e7,2024-04-02 22:29:35,73.2600,fraud_Marks Inc,gas_transport,0,RULE_VIOLATION:LOCATION_FAR_FROM_HOME (2464km > 500km),1,0.0000,0.0000,0.0000,0.0000,0.3000,Low
sim_c95c4827-76d8-4998-99f6-65e8815fe8ba,2024-04-03 00:38:04,39.7700,"fraud_Klocko, Runolfsdottir and Breitenberg",health_fitness,0,RULE_VIOLATION:LOCATION_FAR_FROM_HOME (5125km > 500km),1,0.0000,0.0000,0.0000,0.0000,0.3000,Low
sim_966724d7-4baf-4f59-88e1-29fc091f2bc6,2024-04-03 06:28:52,501.5700,"fraud_Hahn, Douglas and Schowalter",travel,0,RULE_VIOLATION:LOCATION_FAR_FROM_HOME (5224km > 500km),1,0.0000,0.0000,0.0000,0.0000,0.3000,Low
sim_0a57fb8b-b4c0-412f-86eb-550f08f775e7,2024-04-03 09:29:11,56.5900,"fraud_Greenholt, Jacobi and Gleason",gas_transport,0,RULE_VIOLATION:LOCATION_FAR_FROM_HOME (3860km > 500km),1,0.0000,0.0000,0.0000,0.0000,0.3000,Low
sim_2153b8a3-adf9-4a9e-ad02-8e850bc76ac7,2024-04-03 11:37:04,69.9600,"fraud_Schaefer, Maggio and Daugherty",gas_transport,0,RULE_VIOLATION:LOCATION_FAR_FROM_HOME (3887km > 500km),1,0.0000,0.0000,0.0000,0.0000,0.3000,Low
sim_16f13422-890b-4750-b17e-2953427f30a2,2024-04-03 14:25:32,26.9400,fraud_Daugherty-Thompson,food_dining,0,RULE_VIOLATION:LOCATION_FAR_FROM_HOME (4526km > 500km),1,0.0000,0.0000,0.0000,0.0000,0.3000,Low
sim_ccf2b7d6-d864-4878-a584-990058979cef,2024-04-03 16:02:45,87.7000,"fraud_Moore, Williamson and Emmerich",home,0,RULE_VIOLATION:LOCATION_FAR_FROM_HOME (3253km > 500km),1,0.0000,0.0000,0.0000,0.0000,0.3000,Low
sim_e3150706-ef26-4510-9b53-d006edc09be9,2024-04-03 21:42:48,121.8300,fraud_Padberg-Rogahn,entertainment,0,RULE_VIOLATION:LOCATION_FAR_FROM_HOME (5361km > 500km),1,0.0000,0.0000,0.0000,0.0000,0.3000,Low
sim_c319c1a2-a150-45f8-b0d8-c6a207107731,2024-04-04 01:50:19,1.1900,"fraud_Walter, Hettinger and Kessler",personal_care,0,RULE_VIOLATION:LOCATION_FAR_FROM_HOME (4526km > 500km),1,0.0000,0.0000,0.0000,0.0000,0.3000,Low
sim_0a4e7ba8-32f4-4742-a0c0-5e403b2a5435,2024-04-04 04:55:01,5.7000,fraud_Torphy-Goyette,shopping_pos,0,RULE_VIOLATION:LOCATION_FAR_FROM_HOME (4354km > 500km),1,0.0000,0.0000,0.0000,0.0000,0.3000,Low
sim_dfabf378-c03c-4e40-a69e-edf0f70a8a7b,2024-04-04 10:19:36,15.6900,fraud_McKenzie-Huels,food_dining,0,RULE_VIOLATION:LOCATION_FAR_FROM_HOME (5259km > 500km),1,0.0000,0.0000,0.0000,0.0000,0.3000,Low
sim_f2f7c151-db60-461e-a8f4-59a479af6d97,2024-04-04 13:07:42,47.1500,fraud_Larkin Ltd,kids_pets,0,RULE_VIOLATION:LOCATION_FAR_FROM_HOME (5178km > 500km),1,0.0000,0.0000,0.0000,0.0000,0.3000,Low
sim_2c32ae20-20d3-4bfc-ba1a-3ad7861dde5a,2024-04-04 18:27:33,66.0100,fraud_Heathcote LLC,shopping_net,0,RULE_VIOLATION:LOCATION_FAR_FROM_HOME (5430km > 500km),1,0.0000,0.0000,0.0000,0.0000,0.3000,Low
sim_9ff2ec1f-52e3-4959-9a4a-96054138dd0f,2024-04-04 22:50:07,7.6900,fraud_Schmidt-Larkin,home,0,RULE_VIOLATION:LOCATION_FAR_FROM_HOME (4241km > 500km),1,0.0000,0.0000,0.0000,0.0000,0.3000,Low
sim_402473b5-a732-49e4-8585-6fc443f445d4,2024-04-05 00:20:40,23.3100,fraud_Terry Ltd,home,0,RULE_VIOLATION:LOCATION_FAR_FROM_HOME (3667km > 500km),1,0.0000,0.0000,0.0000,0.0000,0.3000,Low
sim_cf7ee791-8c39-4b3e-a80e-773e54c4c141,2024-04-05 00:23:27,59.0000,fraud_Vandervort-Funk,grocery_pos,0,RULE_VIOLATION:LOCATION_FAR_FROM_HOME (1798km > 500km),1,0.0000,0.0000,0.0000,0.0000,0.3000,Low
sim_e30741ee-0b26-4afd-aa27-92da9b1dd4e4,2024-04-05 04:23:25,5.6600,"fraud_Schroeder, Hauck and Treutel",entertainment,0,RULE_VIOLATION:LOCATION_FAR_FROM_HOME (4440km > 500km),1,0.0000,0.0000,0.0000,0.0000,0.3000,Low
sim_8f0320e2-259f-458d-b69f-9111111d43fa,2024-04-05 09:44:11,6.7000,fraud_Veum-Koelpin,travel,0,RULE_VIOLATION:LOCATION_FAR_FROM_HOME (5301km > 500km),1,0.0000,0.0000,0.0000,0.0000,0.3000,Low
sim_8be739b3-d62d-4b2c-9dc2-7f256cfb81c3,2024-04-05 15:25:15,226.5300,"fraud_Okuneva, Schneider and Rau",shopping_pos,0,RULE_VIOLATION:LOCATION_FAR_FROM_HOME (4276km > 500km),1,0.0000,0.0000,0.0000,0.0000,0.3000,Low
sim_60a16b40-f8eb-415f-a14e-1b5ad30452a3,2024-04-05 16:37:00,8.1400,fraud_Jerde-Hermann,travel,0,RULE_VIOLATION:LOCATION_FAR_FROM_HOME (4801km > 500km),1,0.0000,0.0000,0.0000,0.0000,0.3000,Low
sim_dceb7bee-2cd7-4cdc-936b-fcd0719f8f69,2024-04-05 17:37:39,3.5000,"fraud_Reinger, Weissnat and Strosin",food_dining,0,RULE_VIOLATION:LOCATION_FAR_FROM_HOME (5042km > 500km),1,0.0000,0.0000,0.0000,0.0000,0.3000,Low
sim_e0cceb4c-64c0-4581-9d7b-29f000f38154,2024-04-05 20:31:12,86.4600,fraud_Vandervort-Funk,grocery_pos,0,RULE_VIOLATION:LOCATION_FAR_FROM_HOME (5523km > 500km),1,0.0000,0.0000,0.0000,0.0000,0.3000,Low
sim_4cb875e0-5291-42e5-9a88-cc8a1f2302a4,2024-04-05 20:55:08,33.7100,fraud_Spinka Inc,grocery_net,0,RULE_VIOLATION:LOCATION_FAR_FROM_HOME (3623km > 500km),1,0.0000,0.0000,0.0000,0.0000,0.3000,Low
sim_a5f8ab34-e861-44b3-82b9-54898ad1a145,2024-04-05 22:00:37,755.5100,fraud_Huel-Langworth,misc_net,1,RULE_VIOLATION:LOCATION_FAR_FROM_HOME (5580km > 500km),1,0.0000,0.0000,0.0000,0.0000,0.3000,Low
sim_f52a5d8e-51df-4c90-acd0-336c993b5619,2024-04-05 22:02:12,190.1600,fraud_Lubowitz-Walter,kids_pets,0,RULE_VIOLATION:LOCATION_FAR_FROM_HOME (2864km > 500km),1,0.0000,0.0000,0.0000,0.0000,0.3000,Low
sim_e07b1f5f-6bbd-4ec5-84c9-141546b6c1e0,2024-04-05 23:02:45,36.6900,fraud_Osinski Inc,personal_care,0,RULE_VIOLATION:LOCATION_FAR_FROM_HOME (4003km > 500km),1,0.0000,0.0000,0.0000,0.0000,0.3000,Low
sim_434b5e05-0abc-4631-94bc-7c6a14250f8f,2024-04-06 03:14:57,52.5600,fraud_Bailey-Morar,grocery_pos,0,RULE_VIOLATION:LOCATION_FAR_FROM_HOME (3690km > 500km),1,0.0000,0.0000,0.0000,0.0000,0.3000,Low
sim_2158ced6-1a11-4f0d-b0d6-3a9fae16cd64,2024-04-06 03:27:32,7.7700,"fraud_Schmeler, Bashirian and Price",shopping_net,0,RULE_VIOLATION:LOCATION_FAR_FROM_HOME (4858km > 500km),1,0.0000,0.0000,0.0000,0.0000,0.3000,Low
sim_714339a6-e542-47e0-9dd6-eed97d0ba243,2024-04-06 08:50:42,160.8000,"fraud_Moen, Reinger and Murphy",grocery_pos,0,RULE_VIOLATION:LOCATION_FAR_FROM_HOME (2473km > 500km),1,0.0000,0.0000,0.0000,0.0000,0.3000,Low
sim_796a7339-fca1-430e-abac-4892f466daa8,2024-04-06 09:25:08,79.2200,fraud_Bednar PLC,kids_pets,0,RULE_VIOLATION:LOCATION_FAR_FROM_HOME (5139km > 500km),1,0.0000,0.0000,0.0000,0.0000,0.3000,Low
sim_c09325ef-2fec-459b-b71b-c302c8092821,2024-04-06 14:30:47,9.9100,fraud_Romaguera and Sons,travel,0,RULE_VIOLATION:LOCATION_FAR_FROM_HOME (1751km > 500km),1,0.0000,0.0000,0.0000,0.0000,0.3000,Low
sim_c1f79452-e55a-4501-a545-d07db036f8e4,2024-04-06 17:46:39,99.4100,fraud_Abbott-Rogahn,entertainment,0,RULE_VIOLATION:LOCATION_FAR_FROM_HOME (3656km > 500km),1,0.0000,0.0000,0.0000,0.0000,0.3000,Low
sim_a86fb252-5727-4f84-abb3-99b41aae2c47,2024-04-06 22:26:43,81.2800,"fraud_Schaefer, Maggio and Daugherty",gas_transport,0,RULE_VIOLATION:LOCATION_FAR_FROM_HOME (4812km > 500km),1,0.0000,0.0000,0.0000,0.0000,0.3000,Low
sim_e7a11064-5bde-4a6a-b71b-d842b3a7066c,2024-04-07 01:43:34,22.0700,fraud_White and Sons,home,0,RULE_VIOLATION:LOCATION_FAR_FROM_HOME (4380km > 500km),1,0.0000,0.0000,0.0000,0.0000,0.3000,Low
sim_b43aa071-963b-416b-beba-4cb6be880f42,2024-04-07 07:27:55,5.0200,"fraud_Rohan, White and Aufderhar",misc_net,0,RULE_VIOLATION:LOCATION_FAR_FROM_HOME (5200km > 500km),1,0.0000,0.0000,0.0000,0.0000,0.3000,Low
sim_baf86136-0810-4692-82e4-acf0f49fd4a3,2024-04-07 08:39:15,119.8000,fraud_Koepp-Witting,grocery_pos,0,RULE_VIOLATION:LOCATION_FAR_FROM_HOME (1347km > 500km),1,0.0000,0.0000,0.0000,0.0000,0.3000,Low
sim_a8c02a1d-53cf-4584-b62d-d7399e706f23,2024-04-07 11:47:08,201.4200,fraud_Doyle Ltd,grocery_pos,0,RULE_VIOLATION:LOCATION_FAR_FROM_HOME (1682km > 500km),1,0.0000,0.0000,0.0000,0.0000,0.3000,Low
sim_c7858088-ffc5-4ad0-a117-1276907724e8,2024-04-07 17:39:22,49.0300,fraud_Mraz-Herzog,gas_transport,0,RULE_VIOLATION:LOCATION_FAR_FROM_HOME (5329km > 500km),1,0.0000,0.0000,0.0000,0.0000,0.3000,Low
sim_3b388a5a-378d-4994-b3cd-9d25904fc22e,2024-04-07 18:55:53,165.9800,"fraud_Hettinger, McCullough and Fay",home,0,RULE_VIOLATION:LOCATION_FAR_FROM_HOME (4701km > 500km),1,0.0000,0.0000,0.0000,0.0000,0.3000,Low
sim_3e282e6d-3793-4231-b9d8-c6212b6ed0cc,2024-04-07 22:43:39,4.5700,fraud_Corwin-Romaguera,travel,0,RULE_VIOLATION:LOCATION_FAR_FROM_HOME (4211km > 500km),1,0.0000,0.0000,0.0000,0.0000,0.3000,Low
sim_b0ab89af-4f5a-4768-97cb-bbb56238e53b,2024-04-08 01:42:12,83.2500,"fraud_Robel, Cummerata and Prosacco",gas_transport,0,RULE_VIOLATION:LOCATION_FAR_FROM_HOME (5045km > 500km),1,0.0000,0.0000,0.0000,0.0000,0.3000,Low
sim_252c8545-4025-4d94-b3d8-a4d2c6c7c7f7,2024-04-08 06:42:50,105.5900,fraud_Donnelly LLC,entertainment,0,RULE_VIOLATION:LOCATION_FAR_FROM_HOME (3831km > 500km),1,0.0000,0.0000,0.0000,0.0000,0.3000,Low
sim_a7efd961-d0cb-4a50-b76e-5190b1c3ca42,2024-04-08 11:11:45,7.5300,fraud_Pacocha-Bauch,shopping_pos,0,RULE_VIOLATION:LOCATION_FAR_FROM_HOME (4255km > 500km),1,0.0000,0.0000,0.0000,0.0000,0.3000,Low
sim_98ab4968-72ba-4582-9332-5ef5a459cb36,2024-04-08 11:54:52,141.2000,"fraud_Streich, Rolfson and Wilderman",kids_pets,0,RULE_VIOLATION:LOCATION_FAR_FROM_HOME (1785km > 500km),1,0.0000,0.0000,0.0000,0.0000,0.3000,Low
sim_0308b8cc-9f9a-4405-9ba5-1ef531b85569,2024-04-08 11:59:28,13.2300,"fraud_Willms, Kris and Bergnaum",shopping_pos,0,RULE_VIOLATION:LOCATION_FAR_FROM_HOME (4386km > 500km),1,0.0000,0.0000,0.0000,0.0000,0.3000,Low
sim_04083e22-b80b-40d3-a1ec-3e9887d5faef,2024-04-08 17:21:02,214.6600,fraud_Cole PLC,grocery_pos,0,RULE_VIOLATION:LOCATION_FAR_FROM_HOME (4614km > 500km),1,0.0000,0.0000,0.0000,0.0000,0.3000,Low
sim_59f97c0c-624c-4f8e-b6ac-d5ed922c26d6,2024-04-08 22:51:04,70.9400,fraud_Bailey-Morar,grocery_pos,0,RULE_VIOLATION:LOCATION_FAR_FROM_HOME (5355km > 500km),1,0.0000,0.0000,0.0000,0.0000,0.3000,Low
sim_53100c3c-b302-4ff7-83ba-9419281a020b,2024-04-09 01:33:17,45.4100,fraud_Kerluke-Abshire,shopping_net,0,RULE_VIOLATION:LOCATION_FAR_FROM_HOME (5245km > 500km),1,0.0000,0.0000,0.0000,0.0000,0.3000,Low
sim_0b2b238f-9071-4c05-ba94-44f7510ed943,2024-04-09 02:04:49,88.6800,"fraud_Runolfsdottir, Mueller and Hand",entertainment,0,RULE_VIOLATION:LOCATION_FAR_FROM_HOME (3701km > 500km),1,0.0000,0.0000,0.0000,0.0000,0.3000,Low
sim_b40f383d-3341-4cd9-9389-53d177ade2a1,2024-04-09 05:59:06,4.3500,fraud_Adams-Barrows,health_fitness,0,RULE_VIOLATION:LOCATION_FAR_FROM_HOME (4703km > 500km),1,0.0000,0.0000,0.0000,0.0000,0.3000,Low
sim_fbba4a34-5df9-4074-8a53-687b7de986fe,2024-04-09 08:20:28,31.6100,fraud_Wilkinson Ltd,entertainment,0,RULE_VIOLATION:LOCATION_FAR_FROM_HOME (4384km > 500km),1,0.0000,0.0000,0.0000,0.0000,0.3000,Low
sim_f015750a-bae0-46dd-849b-09a8075ec46e,2024-04-09 09:27:49,27.0000,fraud_Kutch-Ferry,home,0,RULE_VIOLATION:LOCATION_FAR_FROM_HOME (4305km > 500km),1,0.0000,0.0000,0.0000,0.0000,0.3000,Low
sim_2a51089c-10c7-4cb4-bc3b-4ec62705d355,2024-04-09 13:17:08,27.1500,fraud_Prosacco LLC,personal_care,0,RULE_VIOLATION:LOCATION_FAR_FROM_HOME (4574km > 500km),1,0.0000,0.0000,0.0000,0.0000,0.3000,Low
sim_dd664c0c-8de5-460b-80e2-9b35c04ef964,2024-04-09 14:55:19,6.0900,fraud_Predovic Inc,shopping_net,0,RULE_VIOLATION:LOCATION_FAR_FROM_HOME (5110km > 500km),1,0.0000,0.0000,0.0000,0.0000,0.3000,Low
sim_a6c150f8-6de6-4c15-9f69-3cadc85d2cae,2024-04-09 17:37:03,18.0300,fraud_Eichmann-Kilback,home,0,RULE_VIOLATION:LOCATION_FAR_FROM_HOME (5023km > 500km),1,0.0000,0.0000,0.0000,0.0000,0.3000,Low
sim_35425a6e-ba36-4747-9903-935c97459886,2024-04-09 21:29:40,17.8900,fraud_Hammes-Beatty,kids_pets,0,RULE_VIOLATION:LOCATION_FAR_FROM_HOME (4053km > 500km),1,0.0000,0.0000,0.0000,0.0000,0.3000,Low
sim_e5db159a-cbf4-4c7f-b0b3-b1d1dc301e3c,2024-04-09 22:14:13,80.0400,fraud_Kilback LLC,grocery_pos,0,RULE_VIOLATION:LOCATION_FAR_FROM_HOME (3357km > 500km),1,0.0000,0.0000,0.0000,0.0000,0.3000,Low
sim_a3624b76-9e12-4891-bad0-ef54711a4112,2024-04-10 01:20:45,103.3000,"fraud_Casper, Hand and Zulauf",grocery_pos,0,RULE_VIOLATION:LOCATION_FAR_FROM_HOME (5064km > 500km),1,0.0000,0.0000,0.0000,0.0000,0.3000,Low
sim_912a326b-a3f0-4ba3-ad67-5bbbecd5a054,2024-04-10 03:25:55,4.7900,"fraud_Streich, Dietrich and Barton",shopping_net,0,RULE_VIOLATION:LOCATION_FAR_FROM_HOME (4103km > 500km),1,0.0000,0.0000,0.0000,0.0000,0.3000,Low
sim_94a656f6-1e8a-40b7-8e8c-c55f70ec6f40,2024-04-10 08:17:12,12.2100,fraud_Beier and Sons,home,0,RULE_VIOLATION:LOCATION_FAR_FROM_HOME (3517km > 500km),1,0.0000,0.0000,0.0000,0.0000,0.3000,Low
sim_07810e1b-8c43-4461-ba70-f22fc13c2ff5,2024-04-10 09:28:46,86.3200,fraud_Prohaska-Murray,gas_transport,0,RULE_VIOLATION:LOCATION_FAR_FROM_HOME (3409km > 500km),1,0.0000,0.0000,0.0000,0.0000,0.3000,Low
sim_d39052bf-11a0-495e-9992-567f434f2be7,2024-04-10 14:03:20,26.6100,fraud_Gibson-Deckow,entertainment,0,RULE_VIOLATION:LOCATION_FAR_FROM_HOME (3487km > 500km),1,0.0000,0.0000,0.0000,0.0000,0.3000,Low
sim_4f09aaea-e94a-4b84-8673-213634dfeb0e,2024-04-10 16:28:39,134.1300,fraud_Turner and Sons,shopping_pos,0,RULE_VIOLATION:LOCATION_FAR_FROM_HOME (3848km > 500km),1,0.0000,0.0000,0.0000,0.0000,0.3000,Low
sim_d81938f6-9fd4-4d0a-9ce8-3a73a8b02a6c,2024-04-10 21:19:37,436.3000,"fraud_Hodkiewicz, Prohaska and Paucek",travel,0,RULE_VIOLATION:LOCATION_FAR_FROM_HOME (4962km > 500km),1,0.0000,0.0000,0.0000,0.0000,0.3000,Low
sim_a78a014e-43c5-4719-9af1-fb3c7341a077,2024-04-10 21:20:40,255.8200,"fraud_Lesch, D'Amore and Brown",food_dining,0,RULE_VIOLATION:LOCATION_FAR_FROM_HOME (3802km > 500km),1,0.0000,0.0000,0.0000,0.0000,0.3000,Low
sim_ddadac9f-c88c-4137-8fff-13ab69f3c9de,2024-04-10 22:39:39,23.6600,fraud_Mante Group,misc_net,0,RULE_VIOLATION:LOCATION_FAR_FROM_HOME (1914km > 500km),1,0.0000,0.0000,0.0000,0.0000,0.3000,Low
sim_09554a3c-bba1-4928-a1b5-3cbcd2c47ff3,2024-04-11 03:04:41,13.5800,"fraud_Bahringer, Bergnaum and Quitzon",home,0,RULE_VIOLATION:LOCATION_FAR_FROM_HOME (5430km > 500km),1,0.0000,0.0000,0.0000,0.0000,0.3000,Low
sim_dbb13d05-07e1-4094-82e1-35eda8dba43e,2024-04-11 06:30:51,57.9100,"fraud_Konopelski, Schneider and Hartmann",food_dining,0,RULE_VIOLATION:LOCATION_FAR_FROM_HOME (4999km > 500km),1,0.0000,0.0000,0.0000,0.0000,0.3000,Low
sim_0507bf8b-2e8b-44e2-aa94-97592ba27183,2024-04-11 07:27:18,8.3100,"fraud_Yost, Schamberger and Windler",kids_pets,0,RULE_VIOLATION:LOCATION_FAR_FROM_HOME (4998km > 500km),1,0.0000,0.0000,0.0000,0.0000,0.3000,Low
sim_59491fc8-6966-41f1-be06-46e8bf7310cc,2024-04-11 12:15:33,91.1900,fraud_Bauch-Raynor,grocery_pos,0,RULE_VIOLATION:LOCATION_FAR_FROM_HOME (4067km > 500km),1,0.0000,0.0000,0.0000,0.0000,0.3000,Low
sim_d1fbc2cd-7243-40df-b3b3-8990dd752403,2024-04-11 13:56:38,33.6600,"fraud_Adams, Kovacek and Kuhlman",grocery_net,0,RULE_VIOLATION:LOCATION_FAR_FROM_HOME (5060km > 500km),1,0.0000,0.0000,0.0000,0.0000,0.3000,Low
sim_17047993-021c-4e33-9a38-36675fe991ba,2024-04-11 19:18:59,2.1900,fraud_Rempel Inc,shopping_net,0,RULE_VIOLATION:LOCATION_FAR_FROM_HOME (3999km > 500km),1,0.0000,0.0000,0.0000,0.0000,0.3000,Low
sim_498f7506-f528-4d06-aaf3-be10221641a6,2024-04-12 00:16:38,62.3300,"fraud_Robel, Cummerata and Prosacco",gas_transport,0,RULE_VIOLATION:LOCATION_FAR_FROM_HOME (5388km > 500km),1,0.0000,0.0000,0.0000,0.0000,0.3000,Low
sim_5d7da9e1-6fc1-4abd-a350-06ef7625d4a1,2024-04-12 03:20:18,1.1000,fraud_Barrows PLC,shopping_pos,0,RULE_VIOLATION:LOCATION_FAR_FROM_HOME (4417km > 500km),1,0.0000,0.0000,0.0000,0.0000,0.3000,Low
sim_56148b71-d8f0-44f1-b9f8-7d0d4bb2edf0,2024-04-12 04:05:31,13.8800,fraud_Schuppe LLC,entertainment,0,RULE_VIOLATION:LOCATION_FAR_FROM_HOME (4583km > 500km),1,0.0000,0.0000,0.0000,0.0000,0.3000,Low
sim_99a7be58-4f86-4676-9370-200810ba638b,2024-04-12 09:34:56,124.6800,fraud_Morissette-Schaefer,personal_care,0,RULE_VIOLATION:LOCATION_FAR_FROM_HOME (5035km > 500km),1,0.0000,0.0000,0.0000,0.0000,0.3000,Low
sim_70874c58-cdce-44f0-8546-4c2381ad7a3f,2024-04-12 10:01:24,8.8400,fraud_Beer-Jast,kids_pets,0,RULE_VIOLATION:LOCATION_FAR_FROM_HOME (4893km > 500km),1,0.0000,0.0000,0.0000,0.0000,0.3000,Low
sim_5ab3f828-0f77-4980-a872-d0522199ddd4,2024-04-12 10:41:42,105.9100,fraud_Rau-Robel,kids_pets,0,RULE_VIOLATION:LOCATION_FAR_FROM_HOME (1262km > 500km),1,0.0000,0.0000,0.0000,0.0000,0.3000,Low
sim_d06ea770-f564-467b-9ecb-6fcb839a62be,2024-04-12 12:36:00,77.3200,fraud_Bauch-Raynor,grocery_pos,0,RULE_VIOLATION:LOCATION_FAR_FROM_HOME (5063km > 500km),1,0.0000,0.0000,0.0000,0.0000,0.3000,Low
sim_88516b7d-ea46-400c-93ee-e954600905a4,2024-04-12 14:41:20,139.4200,fraud_Wolf Inc,grocery_pos,0,RULE_VIOLATION:LOCATION_FAR_FROM_HOME (4137km > 500km),1,0.0000,0.0000,0.0000,0.0000,0.3000,Low
sim_d1fe00b7-4b07-497e-bb83-efc8ba8c8ffb,2024-04-12 17:34:34,185.6000,"fraud_Kovacek, Dibbert and Ondricka",grocery_pos,0,RULE_VIOLATION:LOCATION_FAR_FROM_HOME (4773km > 500km),1,0.0000,0.0000,0.0000,0.0000,0.3000,Low
sim_7fe1fe63-fa55-4e27-a371-685bcf14de1a,2024-04-12 23:25:08,111.8900,fraud_Auer-Mosciski,grocery_pos,0,RULE_VIOLATION:LOCATION_FAR_FROM_HOME (4888km > 500km),1,0.0000,0.0000,0.0000,0.0000,0.3000,Low
sim_07ac26f7-a1fa-41ef-994b-5bb5b23d4b93,2024-04-13 00:31:03,24.3100,"fraud_Hermiston, Russel and Price",food_dining,0,RULE_VIOLATION:LOCATION_FAR_FROM_HOME (5067km > 500km),1,0.0000,0.0000,0.0000,0.0000,0.3000,Low
sim_b91e9410-df23-4e12-94f4-28245cfdf8a1,2024-04-13 00:58:51,79.8600,fraud_Cummings LLC,gas_transport,0,RULE_VIOLATION:LOCATION_FAR_FROM_HOME (4951km > 500km),1,0.0000,0.0000,0.0000,0.0000,0.3000,Low
sim_94c25c98-ad20-448f-ad6a-34011b4506fc,2024-04-13 04:22:20,81.5400,fraud_Kihn-Fritsch,food_dining,0,RULE_VIOLATION:LOCATION_FAR_FROM_HOME (5160km > 500km),1,0.0000,0.0000,0.0000,0.0000,0.3000,Low
sim_3fbbdf4b-186e-4cf3-acda-c5eeed2110a6,2024-04-13 08:34:47,48.4100,"fraud_Walter, Hettinger and Kessler",personal_care,0,RULE_VIOLATION:LOCATION_FAR_FROM_HOME (3962km > 500km),1,0.0000,0.0000,0.0000,0.0000,0.3000,Low
sim_19746aad-d092-48dc-a29b-7f2b83194c41,2024-04-13 13:49:37,30.8200,fraud_Rippin-VonRueden,health_fitness,0,RULE_VIOLATION:LOCATION_FAR_FROM_HOME (4678km > 500km),1,0.0000,0.0000,0.0000,0.0000,0.3000,Low
sim_40d93635-d4a2-4854-b3ca-36c7509f7b85,2024-04-13 16:08:02,2.7800,fraud_Ankunding LLC,shopping_net,0,RULE_VIOLATION:LOCATION_FAR_FROM_HOME (3899km > 500km),1,0.0000,0.0000,0.0000,0.0000,0.3000,Low
sim_07adad7a-12e3-43b4-841c-08cc3ec3029c,2024-04-13 20:44:00,25.9000,"fraud_Schaefer, Fay and Hilll",entertainment,0,RULE_VIOLATION:LOCATION_FAR_FROM_HOME (3321km > 500km),1,0.0000,0.0000,0.0000,0.0000,0.3000,Low
sim_ab4cb0fe-822c-448c-91d2-be80b5d39621,2024-04-14 01:21:48,65.6300,fraud_Marks Inc,gas_transport,0,RULE_VIOLATION:LOCATION_FAR_FROM_HOME (3512km > 500km),1,0.0000,0.0000,0.0000,0.0000,0.3000,Low
sim_f68a1432-661a-4a63-9486-1a77880e4691,2024-04-14 02:48:17,56.9500,"fraud_Raynor, Feest and Miller",gas_transport,0,RULE_VIOLATION:LOCATION_FAR_FROM_HOME (5597km > 500km),1,0.0000,0.0000,0.0000,0.0000,0.3000,Low
sim_f71c5822-5695-40bd-84bf-e13bede24200,2024-04-14 06:53:26,69.5500,"fraud_Tillman, Dickinson and Labadie",gas_transport,0,RULE_VIOLATION:LOCATION_FAR_FROM_HOME (4274km > 500km),1,0.0000,0.0000,0.0000,0.0000,0.3000,Low
sim_7171c477-99a1-44a0-94ac-7db8dcf7c63e,2024-04-14 10:12:50,97.5400,"fraud_Gottlieb, Considine and Schultz",shopping_net,0,RULE_VIOLATION:LOCATION_FAR_FROM_HOME (3835km > 500km),1,0.0000,0.0000,0.0000,0.0000,0.3000,Low
sim_4f2e8cfa-0db4-4218-8ec1-a4f1f0159327,2024-04-14 10:16:05,63.4400,fraud_Langworth LLC,personal_care,0,RULE_VIOLATION:LOCATION_FAR_FROM_HOME (4705km > 500km),1,0.0000,0.0000,0.0000,0.0000,0.3000,Low
sim_4b752073-964c-4c4b-ac7b-47ea540ccc76,2024-04-14 11:17:07,39.8400,"fraud_Medhurst, Cartwright and Ebert",personal_care,0,RULE_VIOLATION:LOCATION_FAR_FROM_HOME (3673km > 500km),1,0.0000,0.0000,0.0000,0.0000,0.3000,Low
sim_e94d5198-eb71-46dc-9add-69ecfcdc590a,2024-04-14 14:40:59,3.1900,"fraud_Turner, Ruecker and Parisian",misc_pos,0,RULE_VIOLATION:LOCATION_FAR_FROM_HOME (3441km > 500km),1,0.0000,0.0000,0.0000,0.0000,0.3000,Low
sim_26986747-efe3-48b0-b55b-4912ee0fc8ee,2024-04-14 20:18:15,13.7100,"fraud_Bahringer, Bergnaum and Quitzon",home,0,RULE_VIOLATION:LOCATION_FAR_FROM_HOME (5177km > 500km),1,0.0000,0.0000,0.0000,0.0000,0.3000,Low
sim_33cee619-1499-45ed-82c8-c1cc7281b0de,2024-04-14 20:22:52,333.6200,fraud_Wisozk and Sons,misc_pos,0,RULE_VIOLATION:LOCATION_FAR_FROM_HOME (3588km > 500km),1,0.0000,0.0000,0.0000,0.0000,0.3000,Low
sim_2bf923a3-675e-42ae-b835-cac54847cd5c,2024-04-15 00:41:35,20.8000,"fraud_Rodriguez, Yost and Jenkins",misc_net,0,RULE_VIOLATION:LOCATION_FAR_FROM_HOME (1563km > 500km),1,0.0000,0.0000,0.0000,0.0000,0.3000,Low
sim_7045c0f5-dbc3-4b9b-9340-5e5925e37f4e,2024-04-15 00:45:34,11.4200,fraud_Johns Inc,entertainment,0,RULE_VIOLATION:LOCATION_FAR_FROM_HOME (2878km > 500km),1,0.0000,0.0000,0.0000,0.0000,0.3000,Low
sim_7f4090b6-273c-4b6a-a14e-16fceb101f24,2024-04-15 03:53:39,87.2400,"fraud_Stroman, Hudson and Erdman",gas_transport,0,RULE_VIOLATION:LOCATION_FAR_FROM_HOME (4546km > 500km),1,0.0000,0.0000,0.0000,0.0000,0.3000,Low
sim_699aa862-4306-406d-ae0e-7aca29f82ccc,2024-04-15 03:56:21,6.3800,fraud_Morissette PLC,shopping_pos,0,RULE_VIOLATION:LOCATION_FAR_FROM_HOME (5190km > 500km),1,0.0000,0.0000,0.0000,0.0000,0.3000,Low
sim_11a89a2b-7546-4258-9043-460810877952,2024-04-15 08:24:42,69.0900,"fraud_Parisian, Schiller and Altenwerth",misc_net,0,RULE_VIOLATION:LOCATION_FAR_FROM_HOME (3677km > 500km),1,0.0000,0.0000,0.0000,0.0000,0.3000,Low
sim_3fa2c552-7720-4908-a889-60d8712e3a51,2024-04-15 12:29:18,1051.5300,"fraud_Streich, Dietrich and Barton",shopping_net,1,RULE_VIOLATION:LOCATION_FAR_FROM_HOME (2236km > 500km); RULE_VIOLATION:HIGH_AMOUNT ($1051.53 > $1000),1,0.0000,0.0000,0.0000,0.0000,0.3000,Low
sim_0c51ef26-968c-4bea-8b29-5d957c04f464,2024-04-15 12:31:43,119.5900,fraud_Ruecker-Mayert,kids_pets,0,RULE_VIOLATION:LOCATION_FAR_FROM_HOME (4618km > 500km),1,0.0000,0.0000,0.0000,0.0000,0.3000,Low
sim_92952290-8052-4d6b-be14-40543644a2f4,2024-04-15 13:39:57,289.5700,"fraud_Lehner, Mosciski and King",misc_net,0,RULE_VIOLATION:LOCATION_FAR_FROM_HOME (1267km > 500km),1,0.0000,0.0000,0.0000,0.0000,0.3000,Low
sim_8a3d14af-07fa-40e5-9356-b24284f31941,2024-04-15 17:03:27,25.1200,fraud_Bernier and Sons,kids_pets,0,RULE_VIOLATION:LOCATION_FAR_FROM_HOME (5368km > 500km),1,0.0000,0.0000,0.0000,0.0000,0.3000,Low
sim_144089cc-ae1a-48db-9a53-6268935fa4db,2024-04-15 22:47:12,45.8800,"fraud_Zieme, Bode and Dooley",gas_transport,0,RULE_VIOLATION:LOCATION_FAR_FROM_HOME (4223km > 500km),1,0.0000,0.0000,0.0000,0.0000,0.3000,Low
sim_08fccc32-fe2f-4af9-b931-b96cadab2861,2024-04-16 01:33:11,10.3900,"fraud_Koss, McLaughlin and Mayer",food_dining,0,RULE_VIOLATION:LOCATION_FAR_FROM_HOME (5458km > 500km),1,0.0000,0.0000,0.0000,0.0000,0.3000,Low
sim_bab9dfbe-d18a-40cc-bf1c-4322365ee398,2024-04-16 02:47:40,32.3400,fraud_Padberg-Rogahn,entertainment,0,RULE_VIOLATION:LOCATION_FAR_FROM_HOME (5314km > 500km),1,0.0000,0.0000,0.0000,0.0000,0.3000,Low
sim_78a38523-5510-439a-8ed8-b25d41f8400d,2024-04-16 04:30:41,33.6200,fraud_Medhurst Inc,home,0,RULE_VIOLATION:LOCATION_FAR_FROM_HOME (3345km > 500km),1,0.0000,0.0000,0.0000,0.0000,0.3000,Low
sim_70436c72-21ad-46be-a7f7-b256d4c72146,2024-04-16 05:17:52,9.3500,fraud_Mayert Group,shopping_pos,0,RULE_VIOLATION:LOCATION_FAR_FROM_HOME (4463km > 500km),1,0.0000,0.0000,0.0000,0.0000,0.3000,Low
sim_7874fc2d-3b6d-4b55-a54e-b86f6ac3cefa,2024-04-16 09:18:29,56.6700,"fraud_Mosciski, Gislason and Mertz",grocery_pos,0,RULE_VIOLATION:LOCATION_FAR_FROM_HOME (2450km > 500km),1,0.0000,0.0000,0.0000,0.0000,0.3000,Low
sim_65e01554-4724-4cac-a4f6-0e9ecef2feb1,2024-04-16 12:06:17,85.7600,fraud_Goyette-Gerhold,kids_pets,0,RULE_VIOLATION:LOCATION_FAR_FROM_HOME (5214km > 500km),1,0.0000,0.0000,0.0000,0.0000,0.3000,Low
sim_bec8a6d5-0ca0-4f08-a770-7f8de290edb5,2024-04-16 16:37:04,4.0800,fraud_Feil-Morar,health_fitness,0,RULE_VIOLATION:LOCATION_FAR_FROM_HOME (4470km > 500km),1,0.0000,0.0000,0.0000,0.0000,0.3000,Low
sim_ca7edfd4-c4bd-46e9-bed3-1e4ea077efae,2024-04-16 22:36:20,131.8700,fraud_Pouros-Conroy,shopping_pos,0,RULE_VIOLATION:LOCATION_FAR_FROM_HOME (3977km > 500km),1,0.0000,0.0000,0.0000,0.0000,0.3000,Low
sim_f2241478-af88-4d9c-a982-1e0893c0ff53,2024-04-16 23:11:08,21.8500,fraud_Dare-Marvin,entertainment,0,RULE_VIOLATION:LOCATION_FAR_FROM_HOME (4839km > 500km),1,0.0000,0.0000,0.0000,0.0000,0.3000,Low
sim_23039073-26d4-47af-a337-2bd412524cde,2024-04-16 23:39:25,76.5400,"fraud_Durgan, Gislason and Spencer",home,0,RULE_VIOLATION:LOCATION_FAR_FROM_HOME (4487km > 500km),1,0.0000,0.0000,0.0000,0.0000,0.3000,Low
sim_be71c02e-6129-4ae4-84b2-7eec628fa19d,2024-04-17 04:39:43,46.0300,"fraud_Bradtke, Torp and Bahringer",personal_care,0,RULE_VIOLATION:LOCATION_FAR_FROM_HOME (3513km > 500km),1,0.0000,0.0000,0.0000,0.0000,0.3000,Low
sim_a3085630-1d66-4cfa-a3b7-8e16322f7bae,2024-04-17 06:14:32,16.0900,fraud_Lesch Ltd,shopping_pos,0,RULE_VIOLATION:LOCATION_FAR_FROM_HOME (3323km > 500km),1,0.0000,0.0000,0.0000,0.0000,0.3000,Low
sim_d872b101-a6b3-4ebb-893a-fdc17c0e9a1d,2024-04-17 10:59:40,103.0200,fraud_Runte-Mohr,food_dining,0,RULE_VIOLATION:LOCATION_FAR_FROM_HOME (4097km > 500km),1,0.0000,0.0000,0.0000,0.0000,0.3000,Low
sim_1c1b5f34-835a-4a56-bc39-06de854892b8,2024-04-17 14:49:37,75.8700,fraud_Lubowitz-Walter,kids_pets,0,RULE_VIOLATION:LOCATION_FAR_FROM_HOME (4263km > 500km),1,0.0000,0.0000,0.0000,0.0000,0.3000,Low
sim_40231d24-81a3-48c6-bc09-19a2c3dab2db,2024-04-17 17:10:41,1.9600,fraud_Kuhn LLC,misc_net,0,RULE_VIOLATION:LOCATION_FAR_FROM_HOME (4441km > 500km),1,0.0000,0.0000,0.0000,0.0000,0.3000,Low
sim_c7d58d7a-61ed-4f2a-ba98-2daf25363457,2024-04-17 21:09:46,3.5500,"fraud_Zboncak, Rowe and Murazik",shopping_net,0,RULE_VIOLATION:LOCATION_FAR_FROM_HOME (3941km > 500km),1,0.0000,0.0000,0.0000,0.0000,0.3000,Low
sim_8807c3bc-0b87-4374-a045-cefe613e8cfe,2024-04-18 00:19:24,96.4500,fraud_Beier LLC,entertainment,0,RULE_VIOLATION:LOCATION_FAR_FROM_HOME (4821km > 500km),1,0.0000,0.0000,0.0000,0.0000,0.3000,Low
sim_bfba0cf4-abaa-44b4-82b6-e86029a440a5,2024-04-18 05:28:25,61.6600,fraud_Flatley-Durgan,misc_net,0,RULE_VIOLATION:LOCATION_FAR_FROM_HOME (3649km > 500km),1,0.0000,0.0000,0.0000,0.0000,0.3000,Low
sim_4ea5cf41-1b64-4586-b2b5-5ae3943c793b,2024-04-18 10:37:20,4.7100,fraud_Goyette-Herzog,travel,0,RULE_VIOLATION:LOCATION_FAR_FROM_HOME (3433km > 500km),1,0.0000,0.0000,0.0000,0.0000,0.3000,Low
sim_a3de00b3-3169-4932-a074-1394444c26e9,2024-04-18 11:48:22,36.5800,fraud_Wisozk and Sons,misc_pos,0,RULE_VIOLATION:LOCATION_FAR_FROM_HOME (1848km > 500km),1,0.0000,0.0000,0.0000,0.0000,0.3000,Low
sim_ac30fcc4-2ee9-4c63-81d5-4b56b40b0bfe,2024-04-18 14:49:16,37.9400,fraud_Turcotte-Halvorson,misc_pos,0,RULE_VIOLATION:LOCATION_FAR_FROM_HOME (4227km > 500km),1,0.0000,0.0000,0.0000,0.0000,0.3000,Low
sim_65b7e4e1-e7f0-4d20-b629-28692851f76d,2024-04-18 16:30:31,1.2800,"fraud_Nicolas, Hills and McGlynn",entertainment,0,RULE_VIOLATION:LOCATION_FAR_FROM_HOME (5381km > 500km),1,0.0000,0.0000,0.0000,0.0000,0.3000,Low
sim_877726f9-8ad6-45d0-974d-0286d8c45c4e,2024-04-18 21:05:29,310.4900,fraud_Hudson-Ratke,grocery_pos,1,RULE_VIOLATION:LOCATION_FAR_FROM_HOME (3863km > 500km),1,0.0000,0.0000,0.0000,0.0000,0.3000,Low
sim_92527841-d061-4c94-a622-16b731b3cc68,2024-04-19 02:51:31,7.4400,fraud_Hyatt-Blick,travel,0,RULE_VIOLATION:LOCATION_FAR_FROM_HOME (3851km > 500km),1,0.0000,0.0000,0.0000,0.0000,0.3000,Low
sim_18b0edb9-9ef7-4afa-b0ae-049c733e7e54,2024-04-19 06:30:58,1.8400,fraud_Mohr Inc,shopping_pos,0,RULE_VIOLATION:LOCATION_FAR_FROM_HOME (5220km > 500km),1,0.0000,0.0000,0.0000,0.0000,0.3000,Low
sim_a16b5aed-e741-442b-8af3-97764eb6dd13,2024-04-19 08:27:08,61.2800,fraud_Little Ltd,kids_pets,0,RULE_VIOLATION:LOCATION_FAR_FROM_HOME (3748km > 500km),1,0.0000,0.0000,0.0000,0.0000,0.3000,Low
sim_64fc2490-92ef-445b-892e-84b66d349cd8,2024-04-19 13:14:05,3.7000,fraud_Champlin-Casper,home,0,RULE_VIOLATION:LOCATION_FAR_FROM_HOME (1823km > 500km),1,0.0000,0.0000,0.0000,0.0000,0.3000,Low
sim_0dbddbf7-143b-4ff3-9cd9-8fd74e7be869,2024-04-19 16:07:32,105.0000,"fraud_Huel, Hammes and Witting",grocery_pos,0,RULE_VIOLATION:LOCATION_FAR_FROM_HOME (2842km > 500km),1,0.0000,0.0000,0.0000,0.0000,0.3000,Low
sim_05728a65-d589-43b4-92a4-14edab3a9e07,2024-04-19 16:57:11,135.1000,fraud_Kuhic LLC,shopping_net,0,RULE_VIOLATION:LOCATION_FAR_FROM_HOME (3733km > 500km),1,0.0000,0.0000,0.0000,0.0000,0.3000,Low
sim_551006a5-fb96-4e00-a49f-d7f1d8be0bff,2024-04-19 17:52:23,64.5100,"fraud_Cole, Hills and Jewess",home,0,RULE_VIOLATION:LOCATION_FAR_FROM_HOME (4272km > 500km),1,0.0000,0.0000,0.0000,0.0000,0.3000,Low
sim_83894c5b-d243-4dab-a785-de42f5033559,2024-04-19 21:21:25,98.1700,fraud_Graham and Sons,health_fitness,0,RULE_VIOLATION:LOCATION_FAR_FROM_HOME (5607km > 500km),1,0.0000,0.0000,0.0000,0.0000,0.3000,Low
sim_9669b9dc-5573-45e4-8405-604bbe6b64c1,2024-04-20 00:25:06,48.3500,"fraud_Rutherford, Homenick and Bergstrom",grocery_net,0,RULE_VIOLATION:LOCATION_FAR_FROM_HOME (3732km > 500km),1,0.0000,0.0000,0.0000,0.0000,0.3000,Low
sim_ae129014-e72e-42fd-bf24-c3e2c7dafa27,2024-04-20 00:51:21,76.6900,fraud_Gulgowski LLC,home,0,RULE_VIOLATION:LOCATION_FAR_FROM_HOME (4282km > 500km),1,0.0000,0.0000,0.0000,0.0000,0.3000,Low
sim_88cf4f7a-f494-4992-b41c-da0739f2f85f,2024-04-20 04:02:31,69.6000,fraud_Cummings LLC,gas_transport,0,RULE_VIOLATION:LOCATION_FAR_FROM_HOME (5299km > 500km),1,0.0000,0.0000,0.0000,0.0000,0.3000,Low
sim_ebd43086-78cf-4346-83e1-19c0ef555f76,2024-04-20 04:06:21,29.4000,fraud_Cormier LLC,shopping_net,0,RULE_VIOLATION:LOCATION_FAR_FROM_HOME (3828km > 500km),1,0.0000,0.0000,0.0000,0.0000,0.3000,Low
sim_15ac3d4b-d4ac-4c54-9bfa-3275285b6e16,2024-04-20 08:00:53,8.3100,"fraud_Klocko, Runolfsdottir and Breitenberg",health_fitness,0,RULE_VIOLATION:LOCATION_FAR_FROM_HOME (3785km > 500km),1,0.0000,0.0000,0.0000,0.0000,0.3000,Low
sim_6a609d9b-7ae4-461a-904d-c99bebf46c37,2024-04-20 13:23:57,53.0000,"fraud_Streich, Hansen and Veum",gas_transport,0,RULE_VIOLATION:LOCATION_FAR_FROM_HOME (1925km > 500km),1,0.0000,0.0000,0.0000,0.0000,0.3000,Low
sim_23fe9371-2f8f-48a4-ae81-d891033df53b,2024-04-20 14:47:22,22.3100,fraud_Kautzer and Sons,personal_care,0,RULE_VIOLATION:LOCATION_FAR_FROM_HOME (5296km > 500km),1,0.0000,0.0000,0.0000,0.0000,0.3000,Low
sim_ceb5251e-81bf-48a2-8fea-5d8e567fbc5b,2024-04-20 17:53:27,10.1400,fraud_Denesik and Sons,shopping_pos,0,RULE_VIOLATION:LOCATION_FAR_FROM_HOME (4726km > 500km),1,0.0000,0.0000,0.0000,0.0000,0.3000,Low
sim_756a4a9f-34ea-433e-868a-1980d1e93953,2024-04-20 22:02:29,7.3300,"fraud_Turcotte, Batz and Buckridge",health_fitness,0,RULE_VIOLATION:LOCATION_FAR_FROM_HOME (4617km > 500km),1,0.0000,0.0000,0.0000,0.0000,0.3000,Low
sim_31cdb118-23d5-4ff4-9c4c-2461dd2aa0ce,2024-04-21 03:48:45,8.1500,fraud_Haley Group,misc_pos,0,RULE_VIOLATION:LOCATION_FAR_FROM_HOME (4748km > 500km),1,0.0000,0.0000,0.0000,0.0000,0.3000,Low
sim_b48b2540-8608-4597-b2fb-dfc415830392,2024-04-21 09:41:32,95.7500,fraud_Auer-Mosciski,grocery_pos,0,RULE_VIOLATION:LOCATION_FAR_FROM_HOME (4842km > 500km),1,0.0000,0.0000,0.0000,0.0000,0.3000,Low
sim_4e1b5fda-5faa-41b2-ad53-8f2f124ec91d,2024-04-21 13:48:46,187.4000,fraud_Kunze Inc,grocery_pos,0,RULE_VIOLATION:LOCATION_FAR_FROM_HOME (4562km > 500km),1,0.0000,0.0000,0.0000,0.0000,0.3000,Low
sim_9deaadf7-3ae7-4ff3-9cc1-07eef6e38ae4,2024-04-21 14:43:12,79.5100,"fraud_Roberts, Ryan and Smith",personal_care,0,RULE_VIOLATION:LOCATION_FAR_FROM_HOME (4886km > 500km),1,0.0000,0.0000,0.0000,0.0000,0.3000,Low
sim_bfa499b9-b8a2-44a8-975a-f5517089b347,2024-04-21 19:21:10,3.3400,fraud_Wisozk and Sons,misc_pos,0,RULE_VIOLATION:LOCATION_FAR_FROM_HOME (5272km > 500km),1,0.0000,0.0000,0.0000,0.0000,0.3000,Low
sim_fdeeddf3-c9a5-4ce9-9ea9-26458176efe3,2024-04-21 19:55:03,10.8800,fraud_Reynolds-Schinner,misc_pos,0,RULE_VIOLATION:LOCATION_FAR_FROM_HOME (5267km > 500km),1,0.0000,0.0000,0.0000,0.0000,0.3000,Low
sim_31b8515c-f00c-4b6f-b862-85954d40ecfc,2024-04-21 21:24:13,37.9400,"fraud_Torp, Muller and Borer",health_fitness,0,RULE_VIOLATION:LOCATION_FAR_FROM_HOME (4028km > 500km),1,0.0000,0.0000,0.0000,0.0000,0.3000,Low
sim_1b5d4b53-cfcd-416d-aac3-4f30a54381e1,2024-04-21 23:33:42,6.7500,fraud_Romaguera and Sons,travel,0,RULE_VIOLATION:LOCATION_FAR_FROM_HOME (5047km > 500km),1,0.0000,0.0000,0.0000,0.0000,0.3000,Low
sim_f62ce55d-950f-4b13-b296-f72de327f72c,2024-04-22 00:19:49,129.8700,"fraud_Bins, Balistreri and Beatty",shopping_pos,0,RULE_VIOLATION:LOCATION_FAR_FROM_HOME (3079km > 500km),1,0.0000,0.0000,0.0000,0.0000,0.3000,Low
sim_694a3d29-1ff0-49a2-b986-2a1a2c979449,2024-04-22 01:46:45,3.6000,fraud_Flatley Group,misc_pos,0,RULE_VIOLATION:LOCATION_FAR_FROM_HOME (1574km > 500km),1,0.0000,0.0000,0.0000,0.0000,0.3000,Low
sim_6018aa18-20f7-4e57-9027-cefcb5d25d96,2024-04-22 02:45:21,2.7100,fraud_Klocko LLC,misc_net,0,RULE_VIOLATION:LOCATION_FAR_FROM_HOME (4908km > 500km),1,0.0000,0.0000,0.0000,0.0000,0.3000,Low
sim_fc1aa087-f974-4913-95fe-24f0f9140e0e,2024-04-22 05:07:18,24.8200,fraud_Gottlieb-Hansen,personal_care,0,RULE_VIOLATION:LOCATION_FAR_FROM_HOME (5250km > 500km),1,0.0000,0.0000,0.0000,0.0000,0.3000,Low
sim_87ae77d0-d359-4e9e-87e4-05c9428159f8,2024-04-22 10:12:41,42.2500,fraud_Friesen-Stamm,gas_transport,0,RULE_VIOLATION:LOCATION_FAR_FROM_HOME (5111km > 500km),1,0.0000,0.0000,0.0000,0.0000,0.3000,Low
sim_c7d56b75-6e54-4ae8-b6e5-25f93588dcf2,2024-04-22 11:41:00,8.5100,fraud_Schmeler Inc,misc_pos,0,RULE_VIOLATION:LOCATION_FAR_FROM_HOME (5099km > 500km),1,0.0000,0.0000,0.0000,0.0000,0.3000,Low
sim_4788a8da-bb3c-420f-8ce5-b47f9371de34,2024-04-22 15:25:22,282.5400,fraud_Strosin-Cruickshank,grocery_pos,1,RULE_VIOLATION:LOCATION_FAR_FROM_HOME (1961km > 500km),1,0.0000,0.0000,0.0000,0.0000,0.3000,Low
sim_12e2a28e-374a-419a-8f60-dca6063b58f0,2024-04-22 18:54:29,30.6500,"fraud_Wuckert, Wintheiser and Friesen",home,0,RULE_VIOLATION:LOCATION_FAR_FROM_HOME (5310km > 500km),1,0.0000,0.0000,0.0000,0.0000,0.3000,Low
sim_c25ed66a-07fd-4c91-ba06-3743e9a7fb96,2024-04-22 19:24:30,42.2100,fraud_Smitham-Boehm,grocery_net,0,RULE_VIOLATION:LOCATION_FAR_FROM_HOME (2385km > 500km),1,0.0000,0.0000,0.0000,0.0000,0.3000,Low
sim_f45fc484-da8a-4dbb-9a02-9bcdd1da5127,2024-04-23 00:12:38,52.0200,"fraud_Graham, Hegmann and Hammes",food_dining,0,RULE_VIOLATION:LOCATION_FAR_FROM_HOME (1594km > 500km),1,0.0000,0.0000,0.0000,0.0000,0.3000,Low
sim_e31d7903-ef37-495d-a8f7-9074cf29fd8d,2024-04-23 02:54:08,39.7900,fraud_Hammes-Beatty,kids_pets,0,RULE_VIOLATION:LOCATION_FAR_FROM_HOME (4270km > 500km),1,0.0000,0.0000,0.0000,0.0000,0.3000,Low
sim_ca415900-8ecc-4a07-acc1-1c0d3a013fae,2024-04-23 05:09:43,32.1800,"fraud_Moore, Williamson and Emmerich",home,0,RULE_VIOLATION:LOCATION_FAR_FROM_HOME (3416km > 500km),1,0.0000,0.0000,0.0000,0.0000,0.3000,Low
sim_f575fff7-8dfb-488a-9e5c-30a64ef94334,2024-04-23 09:51:32,70.5500,fraud_Harris Inc,gas_transport,0,RULE_VIOLATION:LOCATION_FAR_FROM_HOME (4453km > 500km),1,0.0000,0.0000,0.0000,0.0000,0.3000,Low
sim_cf00bc19-485f-4d16-b996-455bbe313e72,2024-04-23 11:10:10,15.7100,fraud_Bartoletti and Sons,personal_care,0,RULE_VIOLATION:LOCATION_FAR_FROM_HOME (5281km > 500km),1,0.0000,0.0000,0.0000,0.0000,0.3000,Low
sim_b9515834-5340-416b-931d-71b6bc904bdc,2024-04-23 12:23:54,67.4600,fraud_Emard Inc,gas_transport,0,RULE_VIOLATION:LOCATION_FAR_FROM_HOME (3846km > 500km),1,0.0000,0.0000,0.0000,0.0000,0.3000,Low
sim_8c06e02a-6f11-4c4d-a535-a03c82f81531,2024-04-23 16:37:03,140.3100,"fraud_Lubowitz, Terry and Stracke",personal_care,0,RULE_VIOLATION:LOCATION_FAR_FROM_HOME (2459km > 500km),1,0.0000,0.0000,0.0000,0.0000,0.3000,Low
sim_b9731b61-4636-4991-a306-a3540d36e25e,2024-04-23 21:08:04,9.9000,fraud_Kozey-Boehm,shopping_net,0,RULE_VIOLATION:LOCATION_FAR_FROM_HOME (3897km > 500km),1,0.0000,0.0000,0.0000,0.0000,0.3000,Low
sim_2ca0935c-d365-4539-b6ad-0d208c12fcb7,2024-04-24 01:50:42,235.2700,fraud_Gutmann-Upton,misc_pos,0,RULE_VIOLATION:LOCATION_FAR_FROM_HOME (1737km > 500km),1,0.0000,0.0000,0.0000,0.0000,0.3000,Low
sim_1c55959a-593a-43d8-a11e-4587f4c6ca0b,2024-04-24 04:31:50,8.5100,fraud_Lebsack and Sons,misc_net,0,RULE_VIOLATION:LOCATION_FAR_FROM_HOME (3598km > 500km),1,0.0000,0.0000,0.0000,0.0000,0.3000,Low
sim_6e09e4a0-bf31-41ca-9670-ac8964852f25,2024-04-24 08:29:27,178.9000,fraud_Ruecker Group,misc_net,0,RULE_VIOLATION:LOCATION_FAR_FROM_HOME (3775km > 500km),1,0.0000,0.0000,0.0000,0.0000,0.3000,Low
sim_7d40d7b3-ee45-4340-993a-9b1080f87240,2024-04-24 09:45:10,116.0800,"fraud_Tromp, Kerluke and Glover",grocery_net,0,RULE_VIOLATION:LOCATION_FAR_FROM_HOME (5139km > 500km),1,0.0000,0.0000,0.0000,0.0000,0.3000,Low
sim_a1504008-4079-437c-9bfd-d3f0dfe38be9,2024-04-24 14:35:20,89.8200,fraud_Corwin-Collins,gas_transport,0,RULE_VIOLATION:LOCATION_FAR_FROM_HOME (4984km > 500km),1,0.0000,0.0000,0.0000,0.0000,0.3000,Low
sim_d029fed6-c7b9-4e72-8c85-6f8871d0b5f9,2024-04-24 16:34:17,78.6900,fraud_Morissette-Schaefer,personal_care,0,RULE_VIOLATION:LOCATION_FAR_FROM_HOME (4710km > 500km),1,0.0000,0.0000,0.0000,0.0000,0.3000,Low
sim_c5f154c4-f728-440a-a1c1-e74b3f8b47d8,2024-04-24 19:48:00,473.3300,fraud_Volkman Ltd,misc_net,0,RULE_VIOLATION:LOCATION_FAR_FROM_HOME (4109km > 500km),1,0.0000,0.0000,0.0000,0.0000,0.3000,Low
sim_2653110a-017e-48fb-9bd1-6416d6f62698,2024-04-25 00:11:02,2.0200,fraud_Turner LLC,travel,0,RULE_VIOLATION:LOCATION_FAR_FROM_HOME (2497km > 500km),1,0.0000,0.0000,0.0000,0.0000,0.3000,Low
sim_f7cdd3fc-caa2-40f5-ae01-1080587023a0,2024-04-25 00:46:29,33.0400,fraud_Watsica LLC,personal_care,0,RULE_VIOLATION:LOCATION_FAR_FROM_HOME (3743km > 500km),1,0.0000,0.0000,0.0000,0.0000,0.3000,Low
sim_44af262f-87e8-404b-8016-3cdd5ae39b97,2024-04-25 05:50:14,20.2100,fraud_Stamm-Rodriguez,misc_pos,0,RULE_VIOLATION:LOCATION_FAR_FROM_HOME (1689km > 500km),1,0.0000,0.0000,0.0000,0.0000,0.3000,Low
sim_177b8ce4-8801-4da8-82c1-2a222e2e6e10,2024-04-25 10:55:50,10.5200,fraud_Ruecker Group,misc_net,0,RULE_VIOLATION:LOCATION_FAR_FROM_HOME (4713km > 500km),1,0.0000,0.0000,0.0000,0.0000,0.3000,Low
sim_493bde63-7f82-48df-b8c9-254bc183eb76,2024-04-25 12:48:08,43.5800,fraud_Jakubowski Inc,home,0,RULE_VIOLATION:LOCATION_FAR_FROM_HOME (4524km > 500km),1,0.0000,0.0000,0.0000,0.0000,0.3000,Low
sim_4f0f4b6b-0fd0-4f04-b355-39d63c989c30,2024-04-25 15:40:59,5.7800,fraud_Bednar Group,misc_net,0,RULE_VIOLATION:LOCATION_FAR_FROM_HOME (4192km > 500km),1,0.0000,0.0000,0.0000,0.0000,0.3000,Low
sim_88473a5a-3a16-492c-a004-43ed0427fa88,2024-04-25 17:09:36,46.5200,fraud_Cruickshank-Mills,entertainment,0,RULE_VIOLATION:LOCATION_FAR_FROM_HOME (4258km > 500km),1,0.0000,0.0000,0.0000,0.0000,0.3000,Low
sim_e95fd625-7d7d-43ac-9f1b-6601a8d488f6,2024-04-25 19:05:11,80.3300,fraud_Corwin-Collins,gas_transport,0,RULE_VIOLATION:LOCATION_FAR_FROM_HOME (4523km > 500km),1,0.0000,0.0000,0.0000,0.0000,0.3000,Low
sim_08d921e6-e140-4da8-b241-707a70579686,2024-04-26 00:42:33,53.9000,fraud_Heidenreich PLC,grocery_pos,0,RULE_VIOLATION:LOCATION_FAR_FROM_HOME (4516km > 500km),1,0.0000,0.0000,0.0000,0.0000,0.3000,Low
sim_3f553c52-1753-4b87-aaa7-04e0f9356871,2024-04-26 04:14:15,306.2800,fraud_McCullough LLC,misc_pos,0,RULE_VIOLATION:LOCATION_FAR_FROM_HOME (4949km > 500km),1,0.0000,0.0000,0.0000,0.0000,0.3000,Low
sim_79f80c29-1189-4daa-aac5-54788232e8ca,2024-04-26 04:45:46,88.6800,fraud_Kirlin and Sons,personal_care,0,RULE_VIOLATION:LOCATION_FAR_FROM_HOME (1423km > 500km),1,0.0000,0.0000,0.0000,0.0000,0.3000,Low
sim_5534c725-f13d-436d-a21d-eae589f11fac,2024-04-26 08:44:35,52.0300,fraud_Berge-Hills,kids_pets,0,RULE_VIOLATION:LOCATION_FAR_FROM_HOME (2802km > 500km),1,0.0000,0.0000,0.0000,0.0000,0.3000,Low
sim_1033f8b6-8ecc-427d-9039-5b88c38979da,2024-04-26 09:41:36,54.6000,fraud_Botsford PLC,home,0,RULE_VIOLATION:LOCATION_FAR_FROM_HOME (3097km > 500km),1,0.0000,0.0000,0.0000,0.0000,0.3000,Low
sim_5e34f403-7c1f-4183-8763-75deaaf99323,2024-04-26 10:34:55,29.6400,fraud_Greenholt Ltd,health_fitness,0,RULE_VIOLATION:LOCATION_FAR_FROM_HOME (4667km > 500km),1,0.0000,0.0000,0.0000,0.0000,0.3000,Low
sim_9cc4b2aa-6206-4963-8b8a-80b5342c66b6,2024-04-26 12:13:46,2.4500,fraud_Christiansen-Gusikowski,misc_pos,0,RULE_VIOLATION:LOCATION_FAR_FROM_HOME (2272km > 500km),1,0.0000,0.0000,0.0000,0.0000,0.3000,Low
sim_9cff8ab7-e8f4-4fb7-8a92-747c2e9940a7,2024-04-26 16:05:05,71.3400,fraud_Wilkinson PLC,kids_pets,0,RULE_VIOLATION:LOCATION_FAR_FROM_HOME (5132km > 500km),1,0.0000,0.0000,0.0000,0.0000,0.3000,Low
sim_5ddfe34c-30bd-43eb-ad33-742b828c6243,2024-04-26 16:18:52,4.7300,fraud_Romaguera and Sons,travel,0,RULE_VIOLATION:LOCATION_FAR_FROM_HOME (4894km > 500km),1,0.0000,0.0000,0.0000,0.0000,0.3000,Low
sim_9770f92f-4170-4902-8aac-7f5a9deb8e43,2024-04-26 18:45:07,87.5100,fraud_Ledner-Pfannerstill,gas_transport,0,RULE_VIOLATION:LOCATION_FAR_FROM_HOME (2441km > 500km),1,0.0000,0.0000,0.0000,0.0000,0.3000,Low
sim_4bde5a0d-c1f4-41f9-853b-7a4850f60891,2024-04-26 19:06:25,53.3800,"fraud_Lang, Towne and Schuppe",kids_pets,0,RULE_VIOLATION:LOCATION_FAR_FROM_HOME (3540km > 500km),1,0.0000,0.0000,0.0000,0.0000,0.3000,Low
sim_81c40932-6acc-42a8-8d9e-1ecd1cfe0f5b,2024-04-27 00:38:58,1.8800,fraud_Simonis-Prohaska,misc_pos,0,RULE_VIOLATION:LOCATION_FAR_FROM_HOME (1869km > 500km),1,0.0000,0.0000,0.0000,0.0000,0.3000,Low
sim_0968fd9d-e2d4-485b-a3a9-38a48fb04320,2024-04-27 00:54:58,72.3000,"fraud_Hauck, Dietrich and Funk",kids_pets,0,RULE_VIOLATION:LOCATION_FAR_FROM_HOME (3516km > 500km),1,0.0000,0.0000,0.0000,0.0000,0.3000,Low
sim_bca93bf9-3df1-4aa6-83f0-163e9b4405a1,2024-04-27 05:04:26,1.6600,fraud_Boyer PLC,misc_pos,0,RULE_VIOLATION:LOCATION_FAR_FROM_HOME (1388km > 500km),1,0.0000,0.0000,0.0000,0.0000,0.3000,Low
sim_04e98db8-4c54-4122-a494-14acfd334c97,2024-04-27 08:59:31,36.6700,fraud_Gottlieb Group,kids_pets,0,RULE_VIOLATION:LOCATION_FAR_FROM_HOME (1361km > 500km),1,0.0000,0.0000,0.0000,0.0000,0.3000,Low
sim_7143e2b0-390b-488d-827c-b14096fa0c71,2024-04-27 11:35:34,71.3500,fraud_McKenzie-Huels,food_dining,0,RULE_VIOLATION:LOCATION_FAR_FROM_HOME (3733km > 500km),1,0.0000,0.0000,0.0000,0.0000,0.3000,Low
sim_6d19f6ae-6cf1-4852-8e63-f0991909e280,2024-04-27 16:21:07,125.3400,"fraud_Hermiston, Pacocha and Smith",health_fitness,0,RULE_VIOLATION:LOCATION_FAR_FROM_HOME (2392km > 500km),1,0.0000,0.0000,0.0000,0.0000,0.3000,Low
sim_30fb7247-cf0f-49b7-b775-ea983d5b0634,2024-04-27 21:59:02,124.3900,fraud_Hudson-Ratke,grocery_pos,0,RULE_VIOLATION:LOCATION_FAR_FROM_HOME (3190km > 500km),1,0.0000,0.0000,0.0000,0.0000,0.3000,Low
sim_1dea3121-b42d-4ecd-a523-3b118b214505,2024-04-28 02:59:25,76.4200,fraud_Brown-Greenholt,entertainment,0,RULE_VIOLATION:LOCATION_FAR_FROM_HOME (4203km > 500km),1,0.0000,0.0000,0.0000,0.0000,0.3000,Low
sim_e16e474d-835a-49cd-ab56-24b675e52cc5,2024-04-28 06:42:18,85.9100,fraud_Dickinson Ltd,personal_care,0,RULE_VIOLATION:LOCATION_FAR_FROM_HOME (2173km > 500km),1,0.0000,0.0000,0.0000,0.0000,0.3000,Low
sim_84d64262-e35d-4617-be07-2bc935eb0009,2024-04-28 07:01:13,25.3800,"fraud_Schmeler, Bashirian and Price",shopping_net,0,RULE_VIOLATION:LOCATION_FAR_FROM_HOME (1856km > 500km),1,0.0000,0.0000,0.0000,0.0000,0.3000,Low
sim_207e44bd-0f0f-4830-bda3-5e989b0f2fcb,2024-04-28 09:13:31,53.8900,fraud_Johns Inc,entertainment,0,RULE_VIOLATION:LOCATION_FAR_FROM_HOME (4600km > 500km),1,0.0000,0.0000,0.0000,0.0000,0.3000,Low
sim_480a938c-0c94-4d09-a778-e8a1bcdd23ea,2024-04-28 12:02:59,92.5200,"fraud_Streich, Hansen and Veum",gas_transport,0,RULE_VIOLATION:LOCATION_FAR_FROM_HOME (3711km > 500km),1,0.0000,0.0000,0.0000,0.0000,0.3000,Low
sim_5cca3252-725b-42f2-86f5-8ab455463152,2024-04-28 15:34:14,20.2500,fraud_Rolfson-Kunde,personal_care,0,RULE_VIOLATION:LOCATION_FAR_FROM_HOME (2115km > 500km),1,0.0000,0.0000,0.0000,0.0000,0.3000,Low
sim_deaa56ac-539c-435c-9af2-3eaa76821ed7,2024-04-28 17:11:10,48.4800,fraud_Kutch-Wilderman,home,0,RULE_VIOLATION:LOCATION_FAR_FROM_HOME (5307km > 500km),1,0.0000,0.0000,0.0000,0.0000,0.3000,Low
sim_d858c9c3-5c7c-479e-b199-b0fc1dfec407,2024-04-28 20:51:29,368.7800,fraud_Turcotte-Halvorson,misc_pos,0,RULE_VIOLATION:LOCATION_FAR_FROM_HOME (5210km > 500km),1,0.0000,0.0000,0.0000,0.0000,0.3000,Low
sim_ade01ee7-99d8-4714-af45-e9e0fed58b3f,2024-04-29 00:23:08,134.3400,fraud_Schoen-Quigley,kids_pets,0,RULE_VIOLATION:LOCATION_FAR_FROM_HOME (4075km > 500km),1,0.0000,0.0000,0.0000,0.0000,0.3000,Low
sim_68f4492b-0ebe-4d9e-b998-7b8feffb5a3c,2024-04-29 02:09:00,3.0900,"fraud_Tillman, Fritsch and Schmitt",misc_net,0,RULE_VIOLATION:LOCATION_FAR_FROM_HOME (5004km > 500km),1,0.0000,0.0000,0.0000,0.0000,0.3000,Low
sim_dfa9ae28-7923-4fbd-8be9-aa4cb1904772,2024-04-29 07:05:14,57.6900,fraud_Stoltenberg-Beatty,shopping_pos,0,RULE_VIOLATION:LOCATION_FAR_FROM_HOME (5148km > 500km),1,0.0000,0.0000,0.0000,0.0000,0.3000,Low
sim_214b069e-47b5-4572-8259-4c8c4276d529,2024-04-29 07:56:00,19.3100,fraud_Monahan-Morar,personal_care,0,RULE_VIOLATION:LOCATION_FAR_FROM_HOME (3484km > 500km),1,0.0000,0.0000,0.0000,0.0000,0.3000,Low
sim_8b21c800-f0ec-4766-a234-1c9bbe2c9f1e,2024-04-29 12:25:01,311.7800,fraud_Upton PLC,entertainment,0,RULE_VIOLATION:LOCATION_FAR_FROM_HOME (3608km > 500km),1,0.0000,0.0000,0.0000,0.0000,0.3000,Low
sim_b2d0a259-b0ba-4e6e-a781-259fc4141dee,2024-04-29 13:20:38,47.8900,fraud_Weber and Sons,food_dining,0,RULE_VIOLATION:LOCATION_FAR_FROM_HOME (5591km > 500km),1,0.0000,0.0000,0.0000,0.0000,0.3000,Low
sim_299e4ac9-d994-4d05-aa88-f51e8785a516,2024-04-29 19:14:08,39.5000,fraud_Spencer-Runolfsson,misc_pos,0,RULE_VIOLATION:LOCATION_FAR_FROM_HOME (3671km > 500km),1,0.0000,0.0000,0.0000,0.0000,0.3000,Low
sim_14e21548-509f-4220-9aa6-6f4d76eb641b,2024-04-29 21:56:06,26.6700,fraud_Pacocha-Weissnat,kids_pets,0,RULE_VIOLATION:LOCATION_FAR_FROM_HOME (1369km > 500km),1,0.0000,0.0000,0.0000,0.0000,0.3000,Low
sim_89e62b3a-4160-40f6-87f5-644d35f43618,2024-04-30 01:04:06,85.4200,fraud_McCullough Group,grocery_net,0,RULE_VIOLATION:LOCATION_FAR_FROM_HOME (1664km > 500km),1,0.0000,0.0000,0.0000,0.0000,0.3000,Low
sim_1f12739f-8a78-4ba7-b341-cabf599a43c5,2024-04-30 06:59:26,5.1500,"fraud_Roob, Conn and Tremblay",shopping_pos,0,RULE_VIOLATION:LOCATION_FAR_FROM_HOME (5471km > 500km),1,0.0000,0.0000,0.0000,0.0000,0.3000,Low
sim_acc6a033-df10-43b1-9e8c-d4fe869c1564,2024-04-30 09:20:03,199.2800,"fraud_Monahan, Bogisich and Ledner",misc_pos,0,RULE_VIOLATION:LOCATION_FAR_FROM_HOME (1823km > 500km),1,0.0000,0.0000,0.0000,0.0000,0.3000,Low
sim_92513c0c-0338-4760-ae6d-f0f2b2dd6772,2024-04-30 11:38:38,69.8200,"fraud_Kutch, Hermiston and Farrell",gas_transport,0,RULE_VIOLATION:LOCATION_FAR_FROM_HOME (5380km > 500km),1,0.0000,0.0000,0.0000,0.0000,0.3000,Low
sim_77d37f65-05b6-4c64-8d02-e6efa7e2c578,2024-04-30 12:34:30,76.5900,"fraud_Hermiston, Pacocha and Smith",health_fitness,0,RULE_VIOLATION:LOCATION_FAR_FROM_HOME (4462km > 500km),1,0.0000,0.0000,0.0000,0.0000,0.3000,Low
sim_e5314092-5812-4f84-9c41-e8f1ef21468d,2024-04-30 14:21:29,9.0800,fraud_Torphy-Goyette,shopping_pos,0,RULE_VIOLATION:LOCATION_FAR_FROM_HOME (1821km > 500km),1,0.0000,0.0000,0.0000,0.0000,0.3000,Low
sim_7f81872e-e3df-4467-9ea4-5106dfd555d2,2024-04-30 17:16:56,5.0800,fraud_Price Inc,shopping_net,0,RULE_VIOLATION:LOCATION_FAR_FROM_HOME (2058km > 500km),1,0.0000,0.0000,0.0000,0.0000,0.3000,Low
sim_6fe32b8c-600d-4aa8-86c7-d04b5c677218,2024-04-30 19:48:19,200.8100,fraud_Hudson-Grady,shopping_pos,0,RULE_VIOLATION:LOCATION_FAR_FROM_HOME (3531km > 500km),1,0.0000,0.0000,0.0000,0.0000,0.3000,Low
sim_542a98a2-ddb5-4d63-8083-44afc21d5575,2024-04-30 21:40:09,24.0700,fraud_Donnelly LLC,entertainment,0,RULE_VIOLATION:LOCATION_FAR_FROM_HOME (3836km > 500km),1,0.0000,0.0000,0.0000,0.0000,0.3000,Low
sim_44db4a51-9238-4659-8534-53d08093428e,2024-05-01 02:25:05,3.0300,fraud_Johns-Hoeger,entertainment,0,RULE_VIOLATION:LOCATION_FAR_FROM_HOME (3366km > 500km),1,0.0000,0.0000,0.0000,0.0000,0.3000,Low
sim_8ae723d7-7659-4381-84a1-89665e0dccaf,2024-05-01 06:07:52,80.2000,fraud_Pagac LLC,shopping_pos,0,RULE_VIOLATION:LOCATION_FAR_FROM_HOME (3723km > 500km),1,0.0000,0.0000,0.0000,0.0000,0.3000,Low
sim_c7bab8d3-5d9a-49c7-92ee-514dcff8f207,2024-05-01 10:38:50,8.5200,fraud_Fisher Inc,shopping_net,0,RULE_VIOLATION:LOCATION_FAR_FROM_HOME (5022km > 500km),1,0.0000,0.0000,0.0000,0.0000,0.3000,Low
sim_72af5275-7797-44cc-8881-cc538e81a39a,2024-05-01 13:28:03,70.4800,"fraud_Wintheiser, Dietrich and Schimmel",misc_pos,0,RULE_VIOLATION:LOCATION_FAR_FROM_HOME (4595km > 500km),1,0.0000,0.0000,0.0000,0.0000,0.3000,Low
sim_86e96d2c-4494-4244-bb15-c95730a14f96,2024-05-01 14:01:46,63.9700,fraud_Eichmann-Russel,misc_pos,0,RULE_VIOLATION:LOCATION_FAR_FROM_HOME (4298km > 500km),1,0.0000,0.0000,0.0000,0.0000,0.3000,Low
sim_ecb4de6e-adb6-44b1-95fb-f1e80fb84441,2024-05-01 14:27:35,310.6600,"fraud_Schultz, Simonis and Little",grocery_pos,1,RULE_VIOLATION:LOCATION_FAR_FROM_HOME (3761km > 500km),1,0.0000,0.0000,0.0000,0.0000,0.3000,Low
sim_b973ed6e-1c68-4ec0-af18-87bb8e873d89,2024-05-01 18:44:55,5.3000,fraud_Boyer PLC,shopping_net,0,RULE_VIOLATION:LOCATION_FAR_FROM_HOME (3753km > 500km),1,0.0000,0.0000,0.0000,0.0000,0.3000,Low
sim_b345e6f8-1c16-4f84-afc1-3925ff57dbe6,2024-05-01 21:11:26,39.1600,fraud_Prohaska-Murray,gas_transport,0,RULE_VIOLATION:LOCATION_FAR_FROM_HOME (5576km > 500km),1,0.0000,0.0000,0.0000,0.0000,0.3000,Low
sim_359dc1aa-5ed7-485a-94a7-0cf587ed8aa6,2024-05-02 01:36:51,161.4000,"fraud_Baumbach, Strosin and Nicolas",shopping_pos,0,RULE_VIOLATION:LOCATION_FAR_FROM_HOME (1717km > 500km),1,0.0000,0.0000,0.0000,0.0000,0.3000,Low
sim_05603639-5f27-4f6e-8975-2e9fd43da1b9,2024-05-02 03:51:12,46.7800,fraud_Bogisich Inc,grocery_pos,0,RULE_VIOLATION:LOCATION_FAR_FROM_HOME (3434km > 500km),1,0.0000,0.0000,0.0000,0.0000,0.3000,Low
sim_08f8f3e2-9077-4922-82b0-67ae6ebd8ef3,2024-05-02 06:50:15,90.0400,"fraud_Casper, Hand and Zulauf",grocery_pos,0,RULE_VIOLATION:LOCATION_FAR_FROM_HOME (4822km > 500km),1,0.0000,0.0000,0.0000,0.0000,0.3000,Low
sim_008224f0-2d04-4cd8-bb0f-384f8ba1dd6d,2024-05-02 11:27:37,54.9300,fraud_Kunze Inc,grocery_pos,0,RULE_VIOLATION:LOCATION_FAR_FROM_HOME (3686km > 500km),1,0.0000,0.0000,0.0000,0.0000,0.3000,Low
sim_c53e5c1a-367b-4614-9e67-cec7bce1a9c7,2024-05-02 16:51:37,9.9200,fraud_Block-Parisian,misc_net,0,RULE_VIOLATION:LOCATION_FAR_FROM_HOME (4124km > 500km),1,0.0000,0.0000,0.0000,0.0000,0.3000,Low
sim_e596ce55-4c10-4837-a70a-f2fe50e8d491,2024-05-02 22:07:41,42.7600,fraud_Grimes LLC,entertainment,0,RULE_VIOLATION:LOCATION_FAR_FROM_HOME (4475km > 500km),1,0.0000,0.0000,0.0000,0.0000,0.3000,Low
sim_0a49972e-f4db-4ff9-89a8-d1188fa0ea31,2024-05-03 03:02:39,3.9700,"fraud_Bernier, Volkman and Hoeger",misc_net,0,RULE_VIOLATION:LOCATION_FAR_FROM_HOME (1848km > 500km),1,0.0000,0.0000,0.0000,0.0000,0.3000,Low
sim_1655ad6f-79a6-4d26-8acf-1c5290bc9d04,2024-05-03 03:52:30,56.4000,fraud_Kozey-Kuhlman,personal_care,0,RULE_VIOLATION:LOCATION_FAR_FROM_HOME (1911km > 500km),1,0.0000,0.0000,0.0000,0.0000,0.3000,Low
sim_0c62a689-a74f-4036-92ef-d3ffb127a78a,2024-05-03 06:49:24,48.7200,fraud_Prosacco LLC,personal_care,0,RULE_VIOLATION:LOCATION_FAR_FROM_HOME (4399km > 500km),1,0.0000,0.0000,0.0000,0.0000,0.3000,Low
sim_ef7638bd-d779-462a-8252-eb9bbaaa2908,2024-05-03 06:51:02,112.7300,"fraud_Huel, Hammes and Witting",grocery_pos,0,RULE_VIOLATION:LOCATION_FAR_FROM_HOME (5178km > 500km),1,0.0000,0.0000,0.0000,0.0000,0.3000,Low
sim_7cd8b751-971a-4aa4-9794-6c98cd69e73c,2024-05-03 10:21:18,100.1500,fraud_O'Hara-Wilderman,food_dining,0,RULE_VIOLATION:LOCATION_FAR_FROM_HOME (2896km > 500km),1,0.0000,0.0000,0.0000,0.0000,0.3000,Low
sim_004775f2-73ff-4fa6-b680-7e81bc6e352e,2024-05-03 13:31:28,7.4800,fraud_Gleason-Macejkovic,shopping_net,0,RULE_VIOLATION:LOCATION_FAR_FROM_HOME (2728km > 500km),1,0.0000,0.0000,0.0000,0.0000,0.3000,Low
sim_15a81bd4-9f10-477a-8a9c-75457f35a3be,2024-05-03 17:30:36,250.0200,"fraud_Koss, Hansen and Lueilwitz",home,0,RULE_VIOLATION:LOCATION_FAR_FROM_HOME (2915km > 500km),1,0.0000,0.0000,0.0000,0.0000,0.3000,Low
sim_c53c6d59-341e-4af6-8402-0067203108bf,2024-05-03 20:40:46,90.6400,fraud_Daugherty LLC,kids_pets,0,RULE_VIOLATION:LOCATION_FAR_FROM_HOME (5421km > 500km),1,0.0000,0.0000,0.0000,0.0000,0.3000,Low
sim_e8f4d8ab-ef65-475e-a999-8507f9bda97e,2024-05-04 00:05:17,872.8100,fraud_Kemmer-Buckridge,misc_pos,0,RULE_VIOLATION:LOCATION_FAR_FROM_HOME (4321km > 500km),1,0.0000,0.0000,0.0000,0.0000,0.3000,Low
sim_324d73ed-4c04-4b55-adee-d6904a296056,2024-05-04 00:42:04,20.6100,"fraud_Schoen, Nienow and Bauch",personal_care,0,RULE_VIOLATION:LOCATION_FAR_FROM_HOME (5266km > 500km),1,0.0000,0.0000,0.0000,0.0000,0.3000,Low
sim_e1d98fab-d168-4e9b-b868-d4a234a1732a,2024-05-04 04:43:25,166.8900,fraud_Pacocha-O'Reilly,grocery_pos,0,RULE_VIOLATION:LOCATION_FAR_FROM_HOME (4355km > 500km),1,0.0000,0.0000,0.0000,0.0000,0.3000,Low
sim_51384b5b-4107-4731-b64b-459bd6da2e8b,2024-05-04 07:51:18,69.1200,"fraud_Bernhard, Grant and Langworth",shopping_pos,0,RULE_VIOLATION:LOCATION_FAR_FROM_HOME (2405km > 500km),1,0.0000,0.0000,0.0000,0.0000,0.3000,Low
sim_e5c9d87b-7104-4b84-ad79-6faf50b981cd,2024-05-04 08:15:03,53.5000,fraud_Cummerata-Jones,gas_transport,0,RULE_VIOLATION:LOCATION_FAR_FROM_HOME (1310km > 500km),1,0.0000,0.0000,0.0000,0.0000,0.3000,Low
sim_c960560e-7947-45e2-9867-f14ef2da6a31,2024-05-04 09:01:22,2.4200,"fraud_Bahringer, Osinski and Block",food_dining,0,RULE_VIOLATION:LOCATION_FAR_FROM_HOME (3724km > 500km),1,0.0000,0.0000,0.0000,0.0000,0.3000,Low
sim_5adb338b-5ffe-42a0-8b5b-9fc89cb68b59,2024-05-04 14:37:30,128.7300,fraud_Ullrich Ltd,kids_pets,0,RULE_VIOLATION:LOCATION_FAR_FROM_HOME (4141km > 500km),1,0.0000,0.0000,0.0000,0.0000,0.3000,Low
sim_0e8f1cda-be1d-4bfe-b97f-5ff47daf54db,2024-05-04 17:37:05,10.8200,fraud_Dietrich-Fadel,health_fitness,0,RULE_VIOLATION:LOCATION_FAR_FROM_HOME (5210km > 500km),1,0.0000,0.0000,0.0000,0.0000,0.3000,Low
sim_972a589f-1bd9-400d-b680-e0f801c06590,2024-05-04 21:58:01,64.7700,fraud_Connelly PLC,food_dining,0,RULE_VIOLATION:LOCATION_FAR_FROM_HOME (4626km > 500km),1,0.0000,0.0000,0.0000,0.0000,0.3000,Low
sim_eeb8482c-7ee5-42d0-a336-0ef467844d66,2024-05-04 23:04:42,35.1300,fraud_Halvorson Group,misc_pos,0,RULE_VIOLATION:LOCATION_FAR_FROM_HOME (4433km > 500km),1,0.0000,0.0000,0.0000,0.0000,0.3000,Low
sim_3e770a2d-e742-49ac-bc0a-1d63d3a7a1ce,2024-05-04 23:23:08,2.1700,"fraud_Greenfelder, Bartoletti and Davis",misc_net,0,RULE_VIOLATION:LOCATION_FAR_FROM_HOME (5349km > 500km),1,0.0000,0.0000,0.0000,0.0000,0.3000,Low
sim_dfb0b911-5cac-4b32-95a1-0a4a17e6880a,2024-05-05 03:37:14,4.7400,"fraud_Walter, Hettinger and Kessler",personal_care,0,RULE_VIOLATION:LOCATION_FAR_FROM_HOME (5388km > 500km),1,0.0000,0.0000,0.0000,0.0000,0.3000,Low
sim_b3bf311e-63b6-4732-b8c6-7e6f5725cbfa,2024-05-05 08:43:02,51.6200,fraud_Flatley-Durgan,misc_net,0,RULE_VIOLATION:LOCATION_FAR_FROM_HOME (4095km > 500km),1,0.0000,0.0000,0.0000,0.0000,0.3000,Low
sim_0d63b87e-bedd-4e50-8065-e84ceb189e4a,2024-05-05 14:31:16,85.7900,fraud_Rau and Sons,grocery_pos,0,RULE_VIOLATION:LOCATION_FAR_FROM_HOME (3414km > 500km),1,0.0000,0.0000,0.0000,0.0000,0.3000,Low
sim_55401ebf-4a64-46ef-b0da-3d79d9496238,2024-05-05 20:26:35,92.5800,fraud_Rutherford-Mertz,grocery_pos,0,RULE_VIOLATION:LOCATION_FAR_FROM_HOME (1948km > 500km),1,0.0000,0.0000,0.0000,0.0000,0.3000,Low
sim_cfcfe20b-d35b-49e7-93ac-51c81e606c46,2024-05-05 22:49:30,2.7500,fraud_Schmidt and Sons,shopping_net,0,RULE_VIOLATION:LOCATION_FAR_FROM_HOME (5398km > 500km),1,0.0000,0.0000,0.0000,0.0000,0.3000,Low
sim_e60d217a-fa59-4086-9415-654cb7f683b3,2024-05-06 04:12:32,62.6600,fraud_Conroy-Emard,food_dining,0,RULE_VIOLATION:LOCATION_FAR_FROM_HOME (3151km > 500km),1,0.0000,0.0000,0.0000,0.0000,0.3000,Low
sim_65add7b1-04d8-46d9-bb81-2538e625aa7b,2024-05-06 05:17:23,50.9700,fraud_Conroy-Cruickshank,gas_transport,0,RULE_VIOLATION:LOCATION_FAR_FROM_HOME (4317km > 500km),1,0.0000,0.0000,0.0000,0.0000,0.3000,Low
sim_57415103-d5a2-43db-b468-e3527dd8013a,2024-05-06 06:37:11,68.0400,fraud_Bartoletti-Wunsch,gas_transport,0,RULE_VIOLATION:LOCATION_FAR_FROM_HOME (4861km > 500km),1,0.0000,0.0000,0.0000,0.0000,0.3000,Low
sim_f06b63a9-3f57-41b2-9a1f-a609cad16d69,2024-05-06 08:01:01,51.9300,fraud_Padberg-Sauer,home,0,RULE_VIOLATION:LOCATION_FAR_FROM_HOME (3702km > 500km),1,0.0000,0.0000,0.0000,0.0000,0.3000,Low
sim_204989f0-2779-45cc-ad17-a93d4a71baaf,2024-05-06 09:39:11,323.6500,fraud_Pouros-Conroy,shopping_pos,0,RULE_VIOLATION:LOCATION_FAR_FROM_HOME (4135km > 500km),1,0.0000,0.0000,0.0000,0.0000,0.3000,Low
sim_622daf85-b9a2-4eb4-8aff-93be6ba20912,2024-05-06 11:06:27,102.7900,fraud_Heidenreich PLC,grocery_pos,0,RULE_VIOLATION:LOCATION_FAR_FROM_HOME (3129km > 500km),1,0.0000,0.0000,0.0000,0.0000,0.3000,Low
sim_1efe2c5b-dfcb-4ec3-9095-0269a32be361,2024-05-06 13:26:22,3.3800,fraud_Pouros-Haag,shopping_pos,0,RULE_VIOLATION:LOCATION_FAR_FROM_HOME (4527km > 500km),1,0.0000,0.0000,0.0000,0.0000,0.3000,Low
sim_a6718c1e-6954-4276-af91-4aa69b50c9e5,2024-05-06 14:00:06,49.5400,fraud_Yost-Rogahn,personal_care,0,RULE_VIOLATION:LOCATION_FAR_FROM_HOME (4307km > 500km),1,0.0000,0.0000,0.0000,0.0000,0.3000,Low
sim_c6bf2058-0cd2-464a-a91c-612e0da20c3c,2024-05-06 17:36:39,6.1900,fraud_Stamm-Rodriguez,misc_pos,0,RULE_VIOLATION:LOCATION_FAR_FROM_HOME (4094km > 500km),1,0.0000,0.0000,0.0000,0.0000,0.3000,Low
sim_b43e992e-6ce7-4196-82b5-fb7d8a0d057e,2024-05-06 23:01:30,1.7100,fraud_Daugherty-Thompson,food_dining,0,RULE_VIOLATION:LOCATION_FAR_FROM_HOME (3419km > 500km),1,0.0000,0.0000,0.0000,0.0000,0.3000,Low
sim_7c810c9b-254f-4f97-8eaa-2cec473ec0f2,2024-05-07 00:02:38,5.8500,fraud_Hammes-Beatty,kids_pets,0,RULE_VIOLATION:LOCATION_FAR_FROM_HOME (5215km > 500km),1,0.0000,0.0000,0.0000,0.0000,0.3000,Low
sim_1f65277c-778c-4426-b23e-d83cc7adc87a,2024-05-07 03:31:13,102.2100,fraud_Waelchi Inc,kids_pets,0,RULE_VIOLATION:LOCATION_FAR_FROM_HOME (4846km > 500km),1,0.0000,0.0000,0.0000,0.0000,0.3000,Low
sim_5243a906-dedf-49b8-a4ad-2ab8e8d37906,2024-05-07 07:44:00,72.3300,"fraud_Robel, Cummerata and Prosacco",gas_transport,0,RULE_VIOLATION:LOCATION_FAR_FROM_HOME (5310km > 500km),1,0.0000,0.0000,0.0000,0.0000,0.3000,Low
sim_61b89393-b801-40ec-b6df-96760b6e7b15,2024-05-07 09:49:33,104.9400,"fraud_Rowe, Batz and Goodwin",grocery_pos,0,RULE_VIOLATION:LOCATION_FAR_FROM_HOME (3822km > 500km),1,0.0000,0.0000,0.0000,0.0000,0.3000,Low
sim_d8063073-f4b7-4a9e-92b5-e659dc1ab72d,2024-05-07 12:32:46,436.5300,fraud_Jacobi and Sons,shopping_pos,0,RULE_VIOLATION:LOCATION_FAR_FROM_HOME (1225km > 500km),1,0.0000,0.0000,0.0000,0.0000,0.3000,Low
sim_d74c0041-a6be-4edc-94d5-be50047ec6e6,2024-05-07 17:37:36,38.5400,"fraud_Wuckert, Wintheiser and Friesen",home,0,RULE_VIOLATION:LOCATION_FAR_FROM_HOME (4619km > 500km),1,0.0000,0.0000,0.0000,0.0000,0.3000,Low
sim_0fd5bb42-e2d9-4fbe-830a-db3cb1d890e8,2024-05-07 18:26:41,86.4100,fraud_Bogisich Inc,grocery_pos,0,RULE_VIOLATION:LOCATION_FAR_FROM_HOME (3290km > 500km),1,0.0000,0.0000,0.0000,0.0000,0.3000,Low
sim_8a75a66d-e54e-46fc-80cf-006a927c0b8f,2024-05-07 22:18:57,41.4300,fraud_Schumm PLC,shopping_net,0,RULE_VIOLATION:LOCATION_FAR_FROM_HOME (4060km > 500km),1,0.0000,0.0000,0.0000,0.0000,0.3000,Low
sim_f1f06b5b-04b4-47af-8901-f041d34d2a03,2024-05-07 23:09:37,54.5000,fraud_Wilkinson PLC,kids_pets,0,RULE_VIOLATION:LOCATION_FAR_FROM_HOME (4001km > 500km),1,0.0000,0.0000,0.0000,0.0000,0.3000,Low
sim_78998fd5-1d0b-49e6-9b07-563c931ba289,2024-05-07 23:10:53,256.5000,fraud_Beer-Jast,kids_pets,0,RULE_VIOLATION:LOCATION_FAR_FROM_HOME (5006km > 500km),1,0.0000,0.0000,0.0000,0.0000,0.3000,Low
sim_ce6ff4e8-7c30-4fb0-abbf-36c5c0000a2b,2024-05-08 04:41:36,126.1000,fraud_Morissette LLC,entertainment,0,RULE_VIOLATION:LOCATION_FAR_FROM_HOME (3581km > 500km),1,0.0000,0.0000,0.0000,0.0000,0.3000,Low
sim_186b261b-9aaf-4881-955d-b3862ef43875,2024-05-08 09:02:35,242.6500,fraud_Jacobi and Sons,shopping_pos,0,RULE_VIOLATION:LOCATION_FAR_FROM_HOME (5252km > 500km),1,0.0000,0.0000,0.0000,0.0000,0.3000,Low
sim_b0bc25b5-3777-4b4f-838a-4cbc0fe701ba,2024-05-08 10:48:19,97.1900,"fraud_Lowe, Dietrich and Erdman",kids_pets,0,RULE_VIOLATION:LOCATION_FAR_FROM_HOME (5017km > 500km),1,0.0000,0.0000,0.0000,0.0000,0.3000,Low
sim_55513813-8e71-439f-8a92-ca671b46c061,2024-05-08 12:24:38,69.6000,fraud_Schmeler-Howe,personal_care,0,RULE_VIOLATION:LOCATION_FAR_FROM_HOME (3967km > 500km),1,0.0000,0.0000,0.0000,0.0000,0.3000,Low
sim_7690a3c0-fa1c-4a74-95e4-2b970d731d21,2024-05-08 17:14:17,44.5400,"fraud_Lubowitz, Terry and Stracke",personal_care,0,RULE_VIOLATION:LOCATION_FAR_FROM_HOME (4007km > 500km),1,0.0000,0.0000,0.0000,0.0000,0.3000,Low
sim_323bec99-481e-4e60-b700-690eff82388c,2024-05-08 18:54:29,1.4100,"fraud_Hills, Hegmann and Schaefer",health_fitness,0,RULE_VIOLATION:LOCATION_FAR_FROM_HOME (4086km > 500km),1,0.0000,0.0000,0.0000,0.0000,0.3000,Low
sim_d99eac92-2112-4dce-ab03-0e1d3b93c414,2024-05-08 19:22:19,35.0000,fraud_Schiller Ltd,personal_care,0,RULE_VIOLATION:LOCATION_FAR_FROM_HOME (5461km > 500km),1,0.0000,0.0000,0.0000,0.0000,0.3000,Low
sim_842ce66c-5b0a-43c7-bb10-d479b65f529e,2024-05-08 19:58:34,60.1500,"fraud_Lang, Towne and Schuppe",kids_pets,0,RULE_VIOLATION:LOCATION_FAR_FROM_HOME (5111km > 500km),1,0.0000,0.0000,0.0000,0.0000,0.3000,Low
sim_b8f8d4ba-9812-42c8-a630-66b0804b3f50,2024-05-08 21:07:40,938.9800,fraud_Cormier LLC,shopping_net,1,RULE_VIOLATION:LOCATION_FAR_FROM_HOME (1943km > 500km),1,0.0000,0.0000,0.0000,0.0000,0.3000,Low
sim_6f8b832e-1fd3-4a98-a230-7300934e8b4d,2024-05-08 21:49:30,74.7100,"fraud_Gottlieb, Considine and Schultz",shopping_net,0,RULE_VIOLATION:LOCATION_FAR_FROM_HOME (3590km > 500km),1,0.0000,0.0000,0.0000,0.0000,0.3000,Low
sim_d37ba9c4-fec1-4a39-a805-d4e7418de923,2024-05-09 02:05:55,16.4000,fraud_Gottlieb-Hansen,personal_care,0,RULE_VIOLATION:LOCATION_FAR_FROM_HOME (1981km > 500km),1,0.0000,0.0000,0.0000,0.0000,0.3000,Low
sim_0aec90a3-c476-4f09-8563-964335d49fa6,2024-05-09 03:57:53,64.3300,fraud_Cummings LLC,gas_transport,0,RULE_VIOLATION:LOCATION_FAR_FROM_HOME (5178km > 500km),1,0.0000,0.0000,0.0000,0.0000,0.3000,Low
sim_bc9b9654-ef25-45f7-8a99-dcbfdef1b411,2024-05-09 05:55:46,11.5500,"fraud_Reichert, Huels and Hoppe",shopping_net,0,RULE_VIOLATION:LOCATION_FAR_FROM_HOME (3932km > 500km),1,0.0000,0.0000,0.0000,0.0000,0.3000,Low
sim_f2cdbe05-3a77-4cb8-9938-c4ee8bc2e3b8,2024-05-09 07:22:07,1.4100,"fraud_Fadel, Mertz and Rippin",entertainment,0,RULE_VIOLATION:LOCATION_FAR_FROM_HOME (5076km > 500km),1,0.0000,0.0000,0.0000,0.0000,0.3000,Low
sim_d5bc4127-2ece-4ca2-a060-0d5552dfe38e,2024-05-09 08:19:15,1.0400,fraud_Jaskolski-Vandervort,misc_net,0,RULE_VIOLATION:LOCATION_FAR_FROM_HOME (3485km > 500km),1,0.0000,0.0000,0.0000,0.0000,0.3000,Low
sim_12086990-5961-40f5-91ad-864ebb1279f0,2024-05-09 13:20:07,21.2700,"fraud_Conroy, Balistreri and Gorczany",health_fitness,0,RULE_VIOLATION:LOCATION_FAR_FROM_HOME (5235km > 500km),1,0.0000,0.0000,0.0000,0.0000,0.3000,Low
sim_4d12152c-c26e-4a03-acf7-02cacc44a86a,2024-05-09 17:50:56,72.6400,"fraud_Raynor, Reinger and Hagenes",gas_transport,0,RULE_VIOLATION:LOCATION_FAR_FROM_HOME (4856km > 500km),1,0.0000,0.0000,0.0000,0.0000,0.3000,Low
sim_482553db-bdd5-4175-ab73-aa92d8c181b0,2024-05-09 21:05:52,3.0800,fraud_Ankunding LLC,shopping_net,0,RULE_VIOLATION:LOCATION_FAR_FROM_HOME (3814km > 500km),1,0.0000,0.0000,0.0000,0.0000,0.3000,Low
sim_624a0a13-0839-43eb-b0e3-1a0db79deb29,2024-05-09 23:28:29,178.0900,fraud_Klein Group,entertainment,0,RULE_VIOLATION:LOCATION_FAR_FROM_HOME (3888km > 500km),1,0.0000,0.0000,0.0000,0.0000,0.3000,Low
sim_2bdad553-4b56-4343-9afb-5340277fd2f7,2024-05-10 01:21:51,2.1900,fraud_Hickle Group,shopping_pos,0,RULE_VIOLATION:LOCATION_FAR_FROM_HOME (3628km > 500km),1,0.0000,0.0000,0.0000,0.0000,0.3000,Low
sim_198952ec-6143-4502-8af6-da0c5837c65d,2024-05-10 06:43:54,62.2600,"fraud_Raynor, Feest and Miller",gas_transport,0,RULE_VIOLATION:LOCATION_FAR_FROM_HOME (3263km > 500km),1,0.0000,0.0000,0.0000,0.0000,0.3000,Low
sim_d10e9e87-fbe9-4b3c-a752-7fe5592b8dad,2024-05-10 08:13:24,61.0400,fraud_Prohaska-Murray,gas_transport,0,RULE_VIOLATION:LOCATION_FAR_FROM_HOME (4111km > 500km),1,0.0000,0.0000,0.0000,0.0000,0.3000,Low
sim_d13e21b6-7357-4120-adbf-0ff4482f2d20,2024-05-10 11:34:35,4.8200,fraud_Ebert-Daugherty,travel,0,RULE_VIOLATION:LOCATION_FAR_FROM_HOME (4314km > 500km),1,0.0000,0.0000,0.0000,0.0000,0.3000,Low
sim_d3a56c2b-9480-4b16-b5c6-71d1a4a9d656,2024-05-10 14:03:06,26.6300,fraud_Medhurst Inc,home,0,RULE_VIOLATION:LOCATION_FAR_FROM_HOME (5177km > 500km),1,0.0000,0.0000,0.0000,0.0000,0.3000,Low
sim_9eb8b2bc-1241-44f8-9898-43f9f2c3870d,2024-05-10 14:14:44,71.4400,fraud_Dare-Gibson,health_fitness,0,RULE_VIOLATION:LOCATION_FAR_FROM_HOME (5201km > 500km),1,0.0000,0.0000,0.0000,0.0000,0.3000,Low
sim_329fa78c-1aa0-4b2e-8b00-93f97d626eda,2024-05-10 17:24:26,289.2600,"fraud_Hoppe, Harris and Bednar",entertainment,0,RULE_VIOLATION:LOCATION_FAR_FROM_HOME (4560km > 500km),1,0.0000,0.0000,0.0000,0.0000,0.3000,Low
sim_f977b7cc-3c70-4183-8b23-de156cee5022,2024-05-10 22:43:46,85.8000,fraud_Brown Inc,kids_pets,0,RULE_VIOLATION:LOCATION_FAR_FROM_HOME (3635km > 500km),1,0.0000,0.0000,0.0000,0.0000,0.3000,Low
sim_bff0bdcd-335f-4b7e-ba68-06e1413a6e01,2024-05-11 04:01:50,50.3900,fraud_Donnelly LLC,entertainment,0,RULE_VIOLATION:LOCATION_FAR_FROM_HOME (4990km > 500km),1,0.0000,0.0000,0.0000,0.0000,0.3000,Low
sim_22e57d64-45d8-4606-b32a-5d4dbe07ea0a,2024-05-11 05:06:47,38.3600,fraud_Friesen-D'Amore,gas_transport,0,RULE_VIOLATION:LOCATION_FAR_FROM_HOME (2355km > 500km),1,0.0000,0.0000,0.0000,0.0000,0.3000,Low
sim_26d97947-e25f-4017-866d-9900d7048ff3,2024-05-11 06:11:50,91.7800,fraud_Reilly LLC,home,0,RULE_VIOLATION:LOCATION_FAR_FROM_HOME (5013km > 500km),1,0.0000,0.0000,0.0000,0.0000,0.3000,Low
sim_cba11af0-01bb-483e-b3c2-c7bd68f1063a,2024-05-11 09:53:33,27.7400,fraud_Schmitt Ltd,misc_net,0,RULE_VIOLATION:LOCATION_FAR_FROM_HOME (4316km > 500km),1,0.0000,0.0000,0.0000,0.0000,0.3000,Low
sim_1b8fcdf8-b35a-4211-91f7-4b36b1f36a7c,2024-05-11 09:56:10,4.2400,fraud_Wiza LLC,misc_pos,0,RULE_VIOLATION:LOCATION_FAR_FROM_HOME (5306km > 500km),1,0.0000,0.0000,0.0000,0.0000,0.3000,Low
sim_ebd23224-5f41-4124-816f-ad8e181b3ec2,2024-05-11 15:21:20,4.0000,"fraud_Kerluke, Kertzmann and Wiza",misc_net,0,RULE_VIOLATION:LOCATION_FAR_FROM_HOME (3476km > 500km),1,0.0000,0.0000,0.0000,0.0000,0.3000,Low
sim_9b51534f-538f-4db9-a53e-e691c5985915,2024-05-11 15:56:37,87.1400,fraud_Langworth LLC,personal_care,0,RULE_VIOLATION:LOCATION_FAR_FROM_HOME (2309km > 500km),1,0.0000,0.0000,0.0000,0.0000,0.3000,Low
sim_6f55c77a-29f2-45db-b523-303cc718174d,2024-05-11 17:55:24,7.3900,"fraud_McDermott, Osinski and Morar",home,0,RULE_VIOLATION:LOCATION_FAR_FROM_HOME (4199km > 500km),1,0.0000,0.0000,0.0000,0.0000,0.3000,Low
sim_84926acc-39ba-4c54-85a1-d8adece845ad,2024-05-11 23:43:05,3.5900,fraud_Schumm PLC,shopping_net,0,RULE_VIOLATION:LOCATION_FAR_FROM_HOME (4943km > 500km),1,0.0000,0.0000,0.0000,0.0000,0.3000,Low
sim_920551fa-6cde-4c2a-a941-dde80c2fdb7e,2024-05-12 02:18:14,56.6600,fraud_Lemke-Gutmann,shopping_net,0,RULE_VIOLATION:LOCATION_FAR_FROM_HOME (4762km > 500km),1,0.0000,0.0000,0.0000,0.0000,0.3000,Low
sim_b0a73195-8422-4f88-8c22-b64c1208477a,2024-05-12 02:47:04,46.6900,"fraud_Mueller, Gerhold and Mueller",health_fitness,0,RULE_VIOLATION:LOCATION_FAR_FROM_HOME (5339km > 500km),1,0.0000,0.0000,0.0000,0.0000,0.3000,Low
sim_7a30c1c0-6bd9-4830-8a78-c6f5632583e9,2024-05-12 02:54:49,14.9100,fraud_Watsica LLC,personal_care,0,RULE_VIOLATION:LOCATION_FAR_FROM_HOME (5380km > 500km),1,0.0000,0.0000,0.0000,0.0000,0.3000,Low
sim_5599bceb-b06d-4f16-85a9-1b9e4ff32077,2024-05-12 05:35:47,90.4300,fraud_Frami Group,entertainment,0,RULE_VIOLATION:LOCATION_FAR_FROM_HOME (1696km > 500km),1,0.0000,0.0000,0.0000,0.0000,0.3000,Low
sim_e0797279-d78b-4e22-a5e5-3fee7d291741,2024-05-12 09:11:24,18.7900,fraud_Pacocha-Weissnat,kids_pets,0,RULE_VIOLATION:LOCATION_FAR_FROM_HOME (3544km > 500km),1,0.0000,0.0000,0.0000,0.0000,0.3000,Low
sim_52e99d42-52b5-4881-919e-0a773132e0d4,2024-05-12 14:57:08,12.5600,fraud_Kuhic LLC,shopping_net,0,RULE_VIOLATION:LOCATION_FAR_FROM_HOME (4551km > 500km),1,0.0000,0.0000,0.0000,0.0000,0.3000,Low
sim_d49d1f7a-90cc-4165-99ee-256d846f5499,2024-05-12 18:45:07,1.6900,"fraud_Wintheiser, Dietrich and Schimmel",misc_pos,0,RULE_VIOLATION:LOCATION_FAR_FROM_HOME (4142km > 500km),1,0.0000,0.0000,0.0000,0.0000,0.3000,Low
sim_d780f5d0-3b04-4994-a8c7-6b282678d9b4,2024-05-12 20:00:37,64.5800,"fraud_Swaniawski, Bahringer and Ledner",grocery_net,0,RULE_VIOLATION:LOCATION_FAR_FROM_HOME (1718km > 500km),1,0.0000,0.0000,0.0000,0.0000,0.3000,Low
sim_d9492c80-30ce-489f-8d97-cf3e8606fb84,2024-05-12 21:05:55,30.4900,fraud_Reynolds-Schinner,misc_pos,0,RULE_VIOLATION:LOCATION_FAR_FROM_HOME (1553km > 500km),1,0.0000,0.0000,0.0000,0.0000,0.3000,Low
sim_39815449-62a4-4930-9f19-b0765afb068a,2024-05-13 01:24:47,49.5400,fraud_Roob LLC,grocery_net,0,RULE_VIOLATION:LOCATION_FAR_FROM_HOME (3459km > 500km),1,0.0000,0.0000,0.0000,0.0000,0.3000,Low
sim_9ddc9698-6fe2-4105-a869-145540aca5ef,2024-05-13 02:51:08,102.5000,fraud_Streich Ltd,home,0,RULE_VIOLATION:LOCATION_FAR_FROM_HOME (4622km > 500km),1,0.0000,0.0000,0.0000,0.0000,0.3000,Low
sim_84a8af65-11c8-4b4f-87cc-3f2c7322927f,2024-05-13 08:03:36,58.1700,fraud_DuBuque LLC,grocery_pos,0,RULE_VIOLATION:LOCATION_FAR_FROM_HOME (3716km > 500km),1,0.0000,0.0000,0.0000,0.0000,0.3000,Low
sim_0dc63a5d-1577-4676-a7df-21157ca3d352,2024-05-13 11:44:26,76.8600,fraud_Padberg-Welch,grocery_pos,0,RULE_VIOLATION:LOCATION_FAR_FROM_HOME (4967km > 500km),1,0.0000,0.0000,0.0000,0.0000,0.3000,Low
sim_b08d23e0-999d-4173-87b8-2e30391807b9,2024-05-13 13:26:20,83.4000,fraud_Huels-Hahn,gas_transport,0,RULE_VIOLATION:LOCATION_FAR_FROM_HOME (4859km > 500km),1,0.0000,0.0000,0.0000,0.0000,0.3000,Low
sim_37b3f085-5ce3-44d8-8c1b-7a3e245eee56,2024-05-13 14:06:24,26.5500,fraud_Kuphal-Bartoletti,misc_net,0,RULE_VIOLATION:LOCATION_FAR_FROM_HOME (4172km > 500km),1,0.0000,0.0000,0.0000,0.0000,0.3000,Low
sim_b857e5e7-2838-432a-840c-ada6e858ec57,2024-05-13 16:57:09,75.5900,fraud_Champlin-Casper,home,0,RULE_VIOLATION:LOCATION_FAR_FROM_HOME (4948km > 500km),1,0.0000,0.0000,0.0000,0.0000,0.3000,Low
sim_e7c6eda6-f769-4c1c-82e7-78fbd8274f2d,2024-05-13 20:22:57,1037.6800,"fraud_Goyette, Howell and Collier",shopping_pos,0,RULE_VIOLATION:LOCATION_FAR_FROM_HOME (4869km > 500km); RULE_VIOLATION:HIGH_AMOUNT ($1037.68 > $1000),1,0.0000,0.0000,0.0000,0.0000,0.3000,Low
sim_3dc1b488-2abb-4bb5-8572-5dc0f423aa00,2024-05-13 23:02:31,4.3100,fraud_Donnelly PLC,misc_net,0,RULE_VIOLATION:LOCATION_FAR_FROM_HOME (4243km > 500km),1,0.0000,0.0000,0.0000,0.0000,0.3000,Low
sim_2da8d433-f824-4040-8ba6-dfff83bbc994,2024-05-14 04:07:51,148.4900,fraud_Rau and Sons,grocery_pos,0,RULE_VIOLATION:LOCATION_FAR_FROM_HOME (3878km > 500km),1,0.0000,0.0000,0.0000,0.0000,0.3000,Low
sim_fd9c1f36-95a0-47a7-8730-c1b258dc9f8a,2024-05-14 08:43:32,8.3800,fraud_Kerluke Inc,misc_net,0,RULE_VIOLATION:LOCATION_FAR_FROM_HOME (1906km > 500km),1,0.0000,0.0000,0.0000,0.0000,0.3000,Low
sim_a275b25c-f2cd-400a-b1e3-dc7ca9c6d5e8,2024-05-14 08:53:12,4.6700,fraud_McCullough LLC,misc_pos,0,RULE_VIOLATION:LOCATION_FAR_FROM_HOME (3894km > 500km),1,0.0000,0.0000,0.0000,0.0000,0.3000,Low
sim_75a51100-6cce-40ab-9ade-a2ef6de79877,2024-05-14 09:05:34,69.6200,fraud_Bartoletti-Wunsch,gas_transport,0,RULE_VIOLATION:LOCATION_FAR_FROM_HOME (4539km > 500km),1,0.0000,0.0000,0.0000,0.0000,0.3000,Low
sim_22aa373c-2ec1-4a85-b0cc-b84195237a28,2024-05-14 10:50:58,60.0400,"fraud_Schumm, Bauch and Ondricka",grocery_pos,0,RULE_VIOLATION:LOCATION_FAR_FROM_HOME (5283km > 500km),1,0.0000,0.0000,0.0000,0.0000,0.3000,Low
sim_603d4731-f66b-46dd-8058-8fe384f59b20,2024-05-14 13:15:07,9.6700,fraud_Bahringer-Streich,food_dining,0,RULE_VIOLATION:LOCATION_FAR_FROM_HOME (5187km > 500km),1,0.0000,0.0000,0.0000,0.0000,0.3000,Low
sim_46cda219-ac95-436c-bcfd-617e57658bd0,2024-05-14 16:54:35,66.0600,fraud_Nolan-Williamson,kids_pets,0,RULE_VIOLATION:LOCATION_FAR_FROM_HOME (4141km > 500km),1,0.0000,0.0000,0.0000,0.0000,0.3000,Low
sim_5fc4d55d-6621-4ca8-8250-595f6a4385dc,2024-05-14 20:36:16,46.0500,fraud_Graham and Sons,health_fitness,0,RULE_VIOLATION:LOCATION_FAR_FROM_HOME (4526km > 500km),1,0.0000,0.0000,0.0000,0.0000,0.3000,Low
sim_0d6a0593-e949-49c8-9014-ea27af72ad37,2024-05-15 00:57:24,98.0800,fraud_Harris Group,food_dining,0,RULE_VIOLATION:LOCATION_FAR_FROM_HOME (5487km > 500km),1,0.0000,0.0000,0.0000,0.0000,0.3000,Low
sim_fc8b2dbe-fb9d-42cf-837f-e3b74c59f1b8,2024-05-15 05:11:09,28.5900,"fraud_Moen, Reinger and Murphy",grocery_pos,0,RULE_VIOLATION:LOCATION_FAR_FROM_HOME (5129km > 500km),1,0.0000,0.0000,0.0000,0.0000,0.3000,Low
sim_d314d998-90c2-41ee-89fd-8655c6ef54f7,2024-05-15 05:42:06,73.4100,fraud_Collier Inc,grocery_net,0,RULE_VIOLATION:LOCATION_FAR_FROM_HOME (3453km > 500km),1,0.0000,0.0000,0.0000,0.0000,0.3000,Low
sim_81b292c0-386e-492b-97f9-18f089e97c0c,2024-05-15 07:29:56,25.0400,fraud_Smitham-Boehm,grocery_net,0,RULE_VIOLATION:LOCATION_FAR_FROM_HOME (5177km > 500km),1,0.0000,0.0000,0.0000,0.0000,0.3000,Low
sim_bde30217-a1a4-418d-8f7c-e337b10d199a,2024-05-15 12:08:01,27.9700,"fraud_Schiller, Blanda and Johnson",home,0,RULE_VIOLATION:LOCATION_FAR_FROM_HOME (5241km > 500km),1,0.0000,0.0000,0.0000,0.0000,0.3000,Low
sim_33ed06d9-e29c-4b9e-8bf2-b682b4984a67,2024-05-15 15:43:56,122.8200,"fraud_Kovacek, Dibbert and Ondricka",grocery_pos,0,RULE_VIOLATION:LOCATION_FAR_FROM_HOME (3083km > 500km),1,0.0000,0.0000,0.0000,0.0000,0.3000,Low
sim_059c6fe7-cedc-4f06-b5f2-a505e4e3adc2,2024-05-15 18:23:02,89.5800,fraud_Eichmann-Kilback,home,0,RULE_VIOLATION:LOCATION_FAR_FROM_HOME (3469km > 500km),1,0.0000,0.0000,0.0000,0.0000,0.3000,Low
sim_62549cfa-8722-4b32-925a-3e735d6e528f,2024-05-15 22:54:01,63.5200,"fraud_Tillman, Dickinson and Labadie",gas_transport,0,RULE_VIOLATION:LOCATION_FAR_FROM_HOME (4212km > 500km),1,0.0000,0.0000,0.0000,0.0000,0.3000,Low
sim_6284f830-2579-49d1-b113-acc688dc28f1,2024-05-16 04:24:27,7.8300,"fraud_Monahan, Hermann and Johns",travel,0,RULE_VIOLATION:LOCATION_FAR_FROM_HOME (1604km > 500km),1,0.0000,0.0000,0.0000,0.0000,0.3000,Low
sim_5c759c18-4332-4a70-8570-3b33e7f19d71,2024-05-16 10:05:54,102.1600,fraud_Hammes-Beatty,kids_pets,0,RULE_VIOLATION:LOCATION_FAR_FROM_HOME (4426km > 500km),1,0.0000,0.0000,0.0000,0.0000,0.3000,Low
sim_68ed63e6-b464-463e-90e6-a7e76336380a,2024-05-16 10:23:40,2.3600,fraud_Kessler Inc,travel,0,RULE_VIOLATION:LOCATION_FAR_FROM_HOME (5233km > 500km),1,0.0000,0.0000,0.0000,0.0000,0.3000,Low
sim_4c0e515d-5433-4c89-8ba6-255bab65730b,2024-05-16 10:57:28,3.4700,fraud_Zemlak Group,misc_net,0,RULE_VIOLATION:LOCATION_FAR_FROM_HOME (4726km > 500km),1,0.0000,0.0000,0.0000,0.0000,0.3000,Low
sim_6c29f2f4-924d-4f4a-b611-26805a954c53,2024-05-16 15:57:16,76.8100,"fraud_Windler, Goodwin and Kovacek",home,0,RULE_VIOLATION:LOCATION_FAR_FROM_HOME (5289km > 500km),1,0.0000,0.0000,0.0000,0.0000,0.3000,Low
sim_b7ede71e-43ec-4611-9f02-1c0c4960be49,2024-05-16 17:43:00,13.6200,fraud_Dooley Inc,shopping_pos,0,RULE_VIOLATION:LOCATION_FAR_FROM_HOME (4752km > 500km),1,0.0000,0.0000,0.0000,0.0000,0.3000,Low
sim_4f7e50a1-d598-415b-84a8-7ccc7e1143cb,2024-05-16 22:16:29,569.6000,"fraud_Terry, Johns and Bins",misc_pos,0,RULE_VIOLATION:LOCATION_FAR_FROM_HOME (4962km > 500km),1,0.0000,0.0000,0.0000,0.0000,0.3000,Low
sim_6a50b3b2-f0ca-4cb2-9a95-e0a8b62fd845,2024-05-16 23:31:18,132.3400,"fraud_Bahringer, Schoen and Corkery",shopping_pos,0,RULE_VIOLATION:LOCATION_FAR_FROM_HOME (4943km > 500km),1,0.0000,0.0000,0.0000,0.0000,0.3000,Low
sim_612c8e52-317c-4962-8377-8b29c58d1fdf,2024-05-17 03:43:35,48.0700,fraud_Friesen-Stamm,gas_transport,0,RULE_VIOLATION:LOCATION_FAR_FROM_HOME (1285km > 500km),1,0.0000,0.0000,0.0000,0.0000,0.3000,Low
sim_ba753914-40ba-44d4-a6f5-2355fd012250,2024-05-17 08:03:32,84.8900,fraud_Lynch-Wisozk,home,0,RULE_VIOLATION:LOCATION_FAR_FROM_HOME (5055km > 500km),1,0.0000,0.0000,0.0000,0.0000,0.3000,Low
sim_c3f97186-c89e-404f-8321-7bb7bf5cb9ba,2024-05-17 09:45:50,115.8200,fraud_Barton LLC,kids_pets,0,RULE_VIOLATION:LOCATION_FAR_FROM_HOME (3762km > 500km),1,0.0000,0.0000,0.0000,0.0000,0.3000,Low
sim_7c7faefc-5bba-49ba-8a42-f780061ea900,2024-05-17 14:15:23,20.1800,fraud_Parker-Kunde,personal_care,0,RULE_VIOLATION:LOCATION_FAR_FROM_HOME (3774km > 500km),1,0.0000,0.0000,0.0000,0.0000,0.3000,Low
sim_31eee220-5927-4420-8959-dc8838fccdb2,2024-05-17 19:07:52,101.0100,fraud_Kiehn-Emmerich,grocery_pos,0,RULE_VIOLATION:LOCATION_FAR_FROM_HOME (4191km > 500km),1,0.0000,0.0000,0.0000,0.0000,0.3000,Low
sim_118c75f6-2bf9-4f0e-be64-34bc3717cd8a,2024-05-18 00:26:00,40.6500,"fraud_Yost, Schamberger and Windler",kids_pets,0,RULE_VIOLATION:LOCATION_FAR_FROM_HOME (5172km > 500km),1,0.0000,0.0000,0.0000,0.0000,0.3000,Low
sim_fe14a704-db71-47c2-82c0-1096bf1ab530,2024-05-18 01:19:38,4.4200,fraud_Stamm-Rodriguez,misc_pos,0,RULE_VIOLATION:LOCATION_FAR_FROM_HOME (4748km > 500km),1,0.0000,0.0000,0.0000,0.0000,0.3000,Low
sim_98fb47f0-a377-4864-b82e-f4dc057d7753,2024-05-18 04:42:00,1.7800,fraud_Lebsack and Sons,misc_net,0,RULE_VIOLATION:LOCATION_FAR_FROM_HOME (3680km > 500km),1,0.0000,0.0000,0.0000,0.0000,0.3000,Low
sim_f27eff22-f1b2-42ab-b48a-b482bff20498,2024-05-18 05:45:10,3.1000,fraud_Ankunding LLC,shopping_net,0,RULE_VIOLATION:LOCATION_FAR_FROM_HOME (3123km > 500km),1,0.0000,0.0000,0.0000,0.0000,0.3000,Low
sim_b1349edd-6518-4dc0-bbcc-065a0a89fb31,2024-05-18 08:25:10,106.3800,"fraud_Moen, Reinger and Murphy",grocery_pos,0,RULE_VIOLATION:LOCATION_FAR_FROM_HOME (4623km > 500km),1,0.0000,0.0000,0.0000,0.0000,0.3000,Low
sim_086d8b64-75e5-4713-b04b-dd5fd40f3fba,2024-05-18 11:38:47,25.5200,fraud_Little Ltd,kids_pets,0,RULE_VIOLATION:LOCATION_FAR_FROM_HOME (2458km > 500km),1,0.0000,0.0000,0.0000,0.0000,0.3000,Low
sim_8bad2889-ad6c-42a3-b2a8-7b893bb17de1,2024-05-18 14:18:49,77.7500,"fraud_Cole, Hills and Jewess",home,0,RULE_VIOLATION:LOCATION_FAR_FROM_HOME (4816km > 500km),1,0.0000,0.0000,0.0000,0.0000,0.3000,Low
sim_d1361867-bf8b-41dd-8a2a-864511ff0956,2024-05-18 16:40:18,137.0400,fraud_Pagac LLC,shopping_pos,0,RULE_VIOLATION:LOCATION_FAR_FROM_HOME (4389km > 500km),1,0.0000,0.0000,0.0000,0.0000,0.3000,Low
sim_cbbdb8da-89d4-4bdb-b4d8-18a294dfc9e4,2024-05-18 19:24:31,169.8900,fraud_Hoppe-Parisian,kids_pets,0,RULE_VIOLATION:LOCATION_FAR_FROM_HOME (3362km > 500km),1,0.0000,0.0000,0.0000,0.0000,0.3000,Low
sim_7ccb444e-f713-4b29-a9f8-0f5ae52a9832,2024-05-18 23:54:59,52.4900,fraud_Schoen Ltd,kids_pets,0,RULE_VIOLATION:LOCATION_FAR_FROM_HOME (1285km > 500km),1,0.0000,0.0000,0.0000,0.0000,0.3000,Low
sim_d693b9be-0dc7-464b-87bf-3036cc19cfa9,2024-05-19 01:17:16,65.2300,"fraud_Eichmann, Bogan and Rodriguez",gas_transport,0,RULE_VIOLATION:LOCATION_FAR_FROM_HOME (5493km > 500km),1,0.0000,0.0000,0.0000,0.0000,0.3000,Low
sim_078e0210-2658-4d45-99b9-5c2edb183432,2024-05-19 02:52:20,6.9900,"fraud_Bernier, Streich and Jewess",grocery_net,0,RULE_VIOLATION:LOCATION_FAR_FROM_HOME (4720km > 500km),1,0.0000,0.0000,0.0000,0.0000,0.3000,Low
sim_4c40f25b-1bab-4441-b22f-014cc953c4a8,2024-05-19 04:58:10,165.8800,"fraud_Swaniawski, Nitzsche and Welch",health_fitness,0,RULE_VIOLATION:LOCATION_FAR_FROM_HOME (5453km > 500km),1,0.0000,0.0000,0.0000,0.0000,0.3000,Low
sim_c5dc224c-4a72-4b62-960b-071ab80e908a,2024-05-19 08:04:55,8.2400,"fraud_Baumbach, Hodkiewicz and Walsh",shopping_pos,0,RULE_VIOLATION:LOCATION_FAR_FROM_HOME (3828km > 500km),1,0.0000,0.0000,0.0000,0.0000,0.3000,Low
sim_440cb107-befe-4b0c-9ab5-cca30e5dbe87,2024-05-19 13:36:09,83.0100,fraud_Huels-Hahn,gas_transport,0,RULE_VIOLATION:LOCATION_FAR_FROM_HOME (4855km > 500km),1,0.0000,0.0000,0.0000,0.0000,0.3000,Low
sim_26c50dec-a5d8-41b4-99d4-b6f2d73907d0,2024-05-19 13:51:02,51.3800,fraud_Cummerata-Hilpert,entertainment,0,RULE_VIOLATION:LOCATION_FAR_FROM_HOME (4528km > 500km),1,0.0000,0.0000,0.0000,0.0000,0.3000,Low
sim_400729de-95b0-434f-8a00-d8548b423928,2024-05-19 15:00:33,62.5900,"fraud_Bahringer, Osinski and Block",food_dining,0,RULE_VIOLATION:LOCATION_FAR_FROM_HOME (5351km > 500km),1,0.0000,0.0000,0.0000,0.0000,0.3000,Low
sim_44220790-16e2-4c56-bcfc-aa33325522f7,2024-05-19 16:38:12,90.8000,fraud_Kutch and Sons,grocery_pos,0,RULE_VIOLATION:LOCATION_FAR_FROM_HOME (5278km > 500km),1,0.0000,0.0000,0.0000,0.0000,0.3000,Low
sim_5d511e76-edf1-4341-ba8f-5edb76b1220e,2024-05-19 18:40:50,13.0200,"fraud_Weimann, Kuhic and Beahan",shopping_pos,0,RULE_VIOLATION:LOCATION_FAR_FROM_HOME (2399km > 500km),1,0.0000,0.0000,0.0000,0.0000,0.3000,Low
sim_a201f753-5505-49ea-8159-3d767d40d2e0,2024-05-19 20:06:07,85.0400,"fraud_Stroman, Hudson and Erdman",gas_transport,0,RULE_VIOLATION:LOCATION_FAR_FROM_HOME (3419km > 500km),1,0.0000,0.0000,0.0000,0.0000,0.3000,Low
sim_0b7cde35-a479-4fd9-929e-1cb41251fd10,2024-05-20 00:41:21,76.7200,fraud_Dietrich-Fadel,health_fitness,0,RULE_VIOLATION:LOCATION_FAR_FROM_HOME (5070km > 500km),1,0.0000,0.0000,0.0000,0.0000,0.3000,Low
sim_caec2018-867a-4781-970d-d7da1277713c,2024-05-20 05:36:34,31.2800,fraud_Ruecker-Mayert,kids_pets,0,RULE_VIOLATION:LOCATION_FAR_FROM_HOME (4652km > 500km),1,0.0000,0.0000,0.0000,0.0000,0.3000,Low
sim_b14e500b-69d9-4b47-bb69-b4b8ac8552a0,2024-05-20 11:34:16,132.0900,"fraud_Schoen, Nienow and Bauch",personal_care,0,RULE_VIOLATION:LOCATION_FAR_FROM_HOME (3893km > 500km),1,0.0000,0.0000,0.0000,0.0000,0.3000,Low
sim_e582ecb3-1bcf-4b5f-8b05-a3e2ba5cc0a7,2024-05-20 15:45:50,49.7000,"fraud_Roberts, Daniel and Macejkovic",kids_pets,0,RULE_VIOLATION:LOCATION_FAR_FROM_HOME (3071km > 500km),1,0.0000,0.0000,0.0000,0.0000,0.3000,Low
sim_352344a7-811b-4edf-9b04-4dfb10441681,2024-05-20 17:39:54,17.6100,fraud_Stark-Batz,entertainment,0,RULE_VIOLATION:LOCATION_FAR_FROM_HOME (5114km > 500km),1,0.0000,0.0000,0.0000,0.0000,0.3000,Low
sim_887b30f1-0b2e-44d7-a743-fee27904d1e5,2024-05-20 21:57:35,85.1200,fraud_Bailey-Morar,grocery_pos,0,RULE_VIOLATION:LOCATION_FAR_FROM_HOME (3219km > 500km),1,0.0000,0.0000,0.0000,0.0000,0.3000,Low
sim_1d899b9c-0fa4-449f-97e7-b3b3f94e291e,2024-05-21 01:48:03,73.2700,fraud_Ratke and Sons,health_fitness,0,RULE_VIOLATION:LOCATION_FAR_FROM_HOME (3526km > 500km),1,0.0000,0.0000,0.0000,0.0000,0.3000,Low
sim_400844a4-ebd9-42e4-a5cb-8865c7bed45c,2024-05-21 04:20:17,324.2100,fraud_Kuhic LLC,shopping_net,0,RULE_VIOLATION:LOCATION_FAR_FROM_HOME (3396km > 500km),1,0.0000,0.0000,0.0000,0.0000,0.3000,Low
sim_0b8d6ebb-64d7-41f4-a342-5fc0160b3d43,2024-05-21 08:42:22,200.4100,"fraud_Weber, Thiel and Hammes",kids_pets,0,RULE_VIOLATION:LOCATION_FAR_FROM_HOME (4527km > 500km),1,0.0000,0.0000,0.0000,0.0000,0.3000,Low
sim_8aeae976-59a5-41e6-989b-a907d190e923,2024-05-21 12:34:35,152.4100,fraud_Schimmel-Olson,kids_pets,0,RULE_VIOLATION:LOCATION_FAR_FROM_HOME (5031km > 500km),1,0.0000,0.0000,0.0000,0.0000,0.3000,Low
sim_3321cfae-969e-42d2-8848-1b8594267a3d,2024-05-21 13:04:50,24.7900,fraud_Heller PLC,health_fitness,0,RULE_VIOLATION:LOCATION_FAR_FROM_HOME (4929km > 500km),1,0.0000,0.0000,0.0000,0.0000,0.3000,Low
sim_8211c1fc-e78f-464b-8dda-3d5c8087fb92,2024-05-21 17:53:27,5.8400,fraud_Ruecker-Mayert,kids_pets,0,RULE_VIOLATION:LOCATION_FAR_FROM_HOME (5370km > 500km),1,0.0000,0.0000,0.0000,0.0000,0.3000,Low
sim_12a7984e-900e-476c-bb78-c31185997c1a,2024-05-21 21:06:16,18.7200,"fraud_Langworth, Boehm and Gulgowski",shopping_net,0,RULE_VIOLATION:LOCATION_FAR_FROM_HOME (5527km > 500km),1,0.0000,0.0000,0.0000,0.0000,0.3000,Low
sim_e75a52cc-31b5-4be9-b88b-071d329ddaac,2024-05-22 00:53:39,74.6300,fraud_Ziemann-Waters,health_fitness,0,RULE_VIOLATION:LOCATION_FAR_FROM_HOME (5348km > 500km),1,0.0000,0.0000,0.0000,0.0000,0.3000,Low
sim_13a7795c-cd81-47b2-bbe6-1b5c612af292,2024-05-22 03:06:45,94.1400,fraud_Ratke and Sons,health_fitness,0,RULE_VIOLATION:LOCATION_FAR_FROM_HOME (4679km > 500km),1,0.0000,0.0000,0.0000,0.0000,0.3000,Low
sim_ab0e20b1-0167-402a-9853-93a29ae9f949,2024-05-22 03:23:41,77.9000,fraud_Stark-Batz,entertainment,0,RULE_VIOLATION:LOCATION_FAR_FROM_HOME (5226km > 500km),1,0.0000,0.0000,0.0000,0.0000,0.3000,Low
sim_292c9264-c73c-49c4-9ef2-c39e645b630e,2024-05-22 06:05:52,23.5100,fraud_Keeling-Crist,misc_pos,0,RULE_VIOLATION:LOCATION_FAR_FROM_HOME (3548km > 500km),1,0.0000,0.0000,0.0000,0.0000,0.3000,Low
sim_1e413bfb-57b4-43ba-905c-efbcfe89633a,2024-05-22 11:50:30,95.1300,"fraud_Armstrong, Walter and Gottlieb",food_dining,0,RULE_VIOLATION:LOCATION_FAR_FROM_HOME (4451km > 500km),1,0.0000,0.0000,0.0000,0.0000,0.3000,Low
sim_f27c0821-6f6d-44b9-9a68-2727a8d0b82b,2024-05-22 15:59:51,62.3300,"fraud_Greenholt, Jacobi and Gleason",gas_transport,0,RULE_VIOLATION:LOCATION_FAR_FROM_HOME (3449km > 500km),1,0.0000,0.0000,0.0000,0.0000,0.3000,Low
sim_9468a554-6cc4-427a-8fe0-01e8e954a34e,2024-05-22 20:53:23,76.0100,"fraud_Schaefer, Maggio and Daugherty",gas_transport,0,RULE_VIOLATION:LOCATION_FAR_FROM_HOME (3959km > 500km),1,0.0000,0.0000,0.0000,0.0000,0.3000,Low
sim_2284fdd1-a270-4f39-a6ab-d7f6e84c9bf6,2024-05-22 22:08:56,205.0700,"fraud_Reinger, Weissnat and Strosin",food_dining,0,RULE_VIOLATION:LOCATION_FAR_FROM_HOME (4606km > 500km),1,0.0000,0.0000,0.0000,0.0000,0.3000,Low
sim_77e076c8-2a21-406e-ab17-9b5ebdedc074,2024-05-22 22:17:33,66.8700,fraud_Parisian and Sons,gas_transport,0,RULE_VIOLATION:LOCATION_FAR_FROM_HOME (4801km > 500km),1,0.0000,0.0000,0.0000,0.0000,0.3000,Low
sim_690dc1e4-d9ee-4a19-8a89-e70a942c0319,2024-05-23 03:57:01,27.0800,"fraud_Tromp, Kerluke and Glover",grocery_net,0,RULE_VIOLATION:LOCATION_FAR_FROM_HOME (4451km > 500km),1,0.0000,0.0000,0.0000,0.0000,0.3000,Low
sim_14a5c637-70a4-4798-8038-ad9b0f18aa2c,2024-05-23 06:10:14,75.1800,fraud_Kutch-Hegmann,grocery_net,0,RULE_VIOLATION:LOCATION_FAR_FROM_HOME (5503km > 500km),1,0.0000,0.0000,0.0000,0.0000,0.3000,Low
sim_1139ea33-8c5d-407a-8efc-c805e1c39dae,2024-05-23 08:30:02,28.5700,"fraud_Stokes, Christiansen and Sipes",grocery_net,0,RULE_VIOLATION:LOCATION_FAR_FROM_HOME (4777km > 500km),1,0.0000,0.0000,0.0000,0.0000,0.3000,Low
sim_d3853fa5-2067-48f6-b905-c609b491e8ae,2024-05-23 11:26:48,36.9300,"fraud_Schneider, Hayes and Nikolaus",food_dining,0,RULE_VIOLATION:LOCATION_FAR_FROM_HOME (4993km > 500km),1,0.0000,0.0000,0.0000,0.0000,0.3000,Low
sim_1dd828be-4d46-4684-96a3-653273765516,2024-05-23 15:45:00,68.5900,fraud_Conroy-Emard,food_dining,0,RULE_VIOLATION:LOCATION_FAR_FROM_HOME (5430km > 500km),1,0.0000,0.0000,0.0000,0.0000,0.3000,Low
sim_fda07fa7-b681-4126-82a8-b9588facd860,2024-05-23 16:13:10,48.2300,fraud_Ruecker-Mayert,kids_pets,0,RULE_VIOLATION:LOCATION_FAR_FROM_HOME (4395km > 500km),1,0.0000,0.0000,0.0000,0.0000,0.3000,Low
sim_309c63ef-2161-4ed1-a13d-71da431c399b,2024-05-23 19:24:41,64.3800,"fraud_Schaefer, Fay and Hilll",entertainment,0,RULE_VIOLATION:LOCATION_FAR_FROM_HOME (5183km > 500km),1,0.0000,0.0000,0.0000,0.0000,0.3000,Low
sim_2a1bf0c6-ac03-4614-a17f-81d33523de62,2024-05-23 20:16:15,47.1900,"fraud_Zemlak, Tillman and Cremin",personal_care,0,RULE_VIOLATION:LOCATION_FAR_FROM_HOME (5472km > 500km),1,0.0000,0.0000,0.0000,0.0000,0.3000,Low
sim_eb4ca8e1-7424-4a64-8138-7809b02a65cf,2024-05-24 01:37:32,138.3400,"fraud_Kovacek, Dibbert and Ondricka",grocery_pos,0,RULE_VIOLATION:LOCATION_FAR_FROM_HOME (4408km > 500km),1,0.0000,0.0000,0.0000,0.0000,0.3000,Low
sim_424dab09-ae93-4eb5-ac12-2976bb2981a0,2024-05-24 05:29:14,59.8800,fraud_Sporer Inc,gas_transport,0,RULE_VIOLATION:LOCATION_FAR_FROM_HOME (3543km > 500km),1,0.0000,0.0000,0.0000,0.0000,0.3000,Low
sim_f3196771-3a4f-4c76-91f0-4ed00b7e3e33,2024-05-24 05:34:57,63.4200,fraud_McCullough Group,grocery_net,0,RULE_VIOLATION:LOCATION_FAR_FROM_HOME (4345km > 500km),1,0.0000,0.0000,0.0000,0.0000,0.3000,Low
sim_8985d43c-eeca-494e-b080-dbd2ac605cdd,2024-05-24 08:44:37,88.7500,fraud_Torphy-Goyette,shopping_pos,0,RULE_VIOLATION:LOCATION_FAR_FROM_HOME (4984km > 500km),1,0.0000,0.0000,0.0000,0.0000,0.3000,Low
sim_60f1ae9d-3c61-4d8d-9f0c-e2d5acdfb1a4,2024-05-24 12:55:13,8.2000,fraud_Johns Inc,entertainment,0,RULE_VIOLATION:LOCATION_FAR_FROM_HOME (5229km > 500km),1,0.0000,0.0000,0.0000,0.0000,0.3000,Low
sim_e5a3004b-f33c-4ecc-b9bf-6ea2524ca6a7,2024-05-24 14:05:28,43.9000,fraud_Roob-Okuneva,health_fitness,0,RULE_VIOLATION:LOCATION_FAR_FROM_HOME (4235km > 500km),1,0.0000,0.0000,0.0000,0.0000,0.3000,Low
sim_35cee0ac-3825-434b-a2e0-016b8a10e0d4,2024-05-24 17:17:03,29.2400,"fraud_Kling, Howe and Schneider",home,0,RULE_VIOLATION:LOCATION_FAR_FROM_HOME (5093km > 500km),1,0.0000,0.0000,0.0000,0.0000,0.3000,Low
sim_0ba83828-69f0-4398-a923-ed31ca4bdc8b,2024-05-24 21:25:16,92.2600,fraud_Rau and Sons,grocery_pos,0,RULE_VIOLATION:LOCATION_FAR_FROM_HOME (2498km > 500km),1,0.0000,0.0000,0.0000,0.0000,0.3000,Low
sim_cead3dfb-2363-4a5e-b292-3d9db207b467,2024-05-25 01:48:43,132.8200,"fraud_Heller, Gutmann and Zieme",grocery_pos,0,RULE_VIOLATION:LOCATION_FAR_FROM_HOME (4405km > 500km),1,0.0000,0.0000,0.0000,0.0000,0.3000,Low
sim_21e3ed8d-c9a0-4a1d-99a3-eb40786566e8,2024-05-25 02:33:41,57.9600,fraud_Goyette-Gerhold,kids_pets,0,RULE_VIOLATION:LOCATION_FAR_FROM_HOME (3290km > 500km),1,0.0000,0.0000,0.0000,0.0000,0.3000,Low
sim_59486822-cd16-42b9-a1fd-8f20fd1a6ec7,2024-05-25 07:07:25,76.6400,fraud_Heller-Langosh,gas_transport,0,RULE_VIOLATION:LOCATION_FAR_FROM_HOME (4274km > 500km),1,0.0000,0.0000,0.0000,0.0000,0.3000,Low
sim_2724cdce-6f8e-4c48-aa2b-6c7af848434f,2024-05-25 11:24:00,77.0300,"fraud_Daugherty, Pouros and Beahan",shopping_pos,0,RULE_VIOLATION:LOCATION_FAR_FROM_HOME (4541km > 500km),1,0.0000,0.0000,0.0000,0.0000,0.3000,Low
sim_5614b61f-e35d-46b1-8475-87e0111f6ce2,2024-05-25 14:59:08,2.0100,fraud_Schumm PLC,health_fitness,0,RULE_VIOLATION:LOCATION_FAR_FROM_HOME (4867km > 500km),1,0.0000,0.0000,0.0000,0.0000,0.3000,Low
sim_22a86842-8681-4edf-a242-6b0a64a1dd61,2024-05-25 19:26:31,1.5900,fraud_Volkman-Predovic,shopping_net,0,RULE_VIOLATION:LOCATION_FAR_FROM_HOME (5502km > 500km),1,0.0000,0.0000,0.0000,0.0000,0.3000,Low
sim_fefdeb3c-6b32-4abd-94c1-4be4d6e1d7ee,2024-05-25 22:05:49,44.0900,"fraud_Romaguera, Wehner and Tromp",kids_pets,0,RULE_VIOLATION:LOCATION_FAR_FROM_HOME (5409km > 500km),1,0.0000,0.0000,0.0000,0.0000,0.3000,Low
sim_efe102ae-35d4-4942-9dc7-c5517de2d7e5,2024-05-26 00:21:53,53.6200,fraud_Weimann-Lockman,kids_pets,0,RULE_VIOLATION:LOCATION_FAR_FROM_HOME (4679km > 500km),1,0.0000,0.0000,0.0000,0.0000,0.3000,Low
sim_dd7b766d-088f-44a8-a118-d0dd38159e81,2024-05-26 03:19:01,21.1200,fraud_O'Connell-Ullrich,home,0,RULE_VIOLATION:LOCATION_FAR_FROM_HOME (4406km > 500km),1,0.0000,0.0000,0.0000,0.0000,0.3000,Low
sim_5d2cff4a-f35c-4f74-9e68-edb9d3770437,2024-05-26 03:44:23,39.4800,"fraud_Adams, Kovacek and Kuhlman",grocery_net,0,RULE_VIOLATION:LOCATION_FAR_FROM_HOME (1505km > 500km),1,0.0000,0.0000,0.0000,0.0000,0.3000,Low
sim_217f5025-435c-4d6d-aa64-3c7a51773fa6,2024-05-26 05:05:45,7.4300,fraud_Kessler Group,travel,0,RULE_VIOLATION:LOCATION_FAR_FROM_HOME (5216km > 500km),1,0.0000,0.0000,0.0000,0.0000,0.3000,Low
sim_cd36de4c-45e5-41a9-a358-1cb0db652b61,2024-05-26 05:09:54,8.3000,fraud_McCullough LLC,misc_pos,0,RULE_VIOLATION:LOCATION_FAR_FROM_HOME (3340km > 500km),1,0.0000,0.0000,0.0000,0.0000,0.3000,Low
sim_935af7e7-c9fa-4f3d-9136-93a42cf885ca,2024-05-26 07:09:28,49.9700,"fraud_Nienow, Barrows and Romaguera",personal_care,0,RULE_VIOLATION:LOCATION_FAR_FROM_HOME (4830km > 500km),1,0.0000,0.0000,0.0000,0.0000,0.3000,Low
sim_6bd20f44-1cbd-4578-9d63-fd637282faa7,2024-05-26 11:54:12,7.5000,"fraud_Bernier, Volkman and Hoeger",misc_net,0,RULE_VIOLATION:LOCATION_FAR_FROM_HOME (4600km > 500km),1,0.0000,0.0000,0.0000,0.0000,0.3000,Low
sim_e31016e9-26cd-49d7-b0ce-62a3dae23301,2024-05-26 15:10:53,190.1400,fraud_McGlynn-Heathcote,misc_net,0,RULE_VIOLATION:LOCATION_FAR_FROM_HOME (5207km > 500km),1,0.0000,0.0000,0.0000,0.0000,0.3000,Low
sim_831f6741-ccdc-4591-9812-c830888a932a,2024-05-26 16:44:29,119.0600,fraud_Stoltenberg-Beatty,shopping_pos,0,RULE_VIOLATION:LOCATION_FAR_FROM_HOME (3931km > 500km),1,0.0000,0.0000,0.0000,0.0000,0.3000,Low
sim_28928467-928f-427b-b6d8-c684cbc9ad9f,2024-05-26 18:38:35,48.4900,fraud_Jewess LLC,shopping_pos,0,RULE_VIOLATION:LOCATION_FAR_FROM_HOME (3855km > 500km),1,0.0000,0.0000,0.0000,0.0000,0.3000,Low
sim_a567abb1-7071-4573-b59e-6293950293de,2024-05-26 23:40:55,126.2600,fraud_Gaylord-Powlowski,home,0,RULE_VIOLATION:LOCATION_FAR_FROM_HOME (5283km > 500km),1,0.0000,0.0000,0.0000,0.0000,0.3000,Low
sim_74e88389-036d-4d22-8845-d67b7f55a31d,2024-05-27 04:14:51,9.3200,fraud_Herzog Ltd,misc_pos,0,RULE_VIOLATION:LOCATION_FAR_FROM_HOME (1397km > 500km),1,0.0000,0.0000,0.0000,0.0000,0.3000,Low
sim_063f2e98-0f80-4c71-8c3b-13702180cbcd,2024-05-27 08:50:37,9.9800,"fraud_Bahringer, Schoen and Corkery",shopping_pos,0,RULE_VIOLATION:LOCATION_FAR_FROM_HOME (4112km > 500km),1,0.0000,0.0000,0.0000,0.0000,0.3000,Low
sim_b8c28ec9-f183-4e41-a286-814d997b1ae9,2024-05-27 12:22:33,576.5200,"fraud_Ruecker, Beer and Collier",shopping_net,0,RULE_VIOLATION:LOCATION_FAR_FROM_HOME (3705km > 500km),1,0.0000,0.0000,0.0000,0.0000,0.3000,Low
sim_f266d824-7b99-47cd-b03f-a232394d231f,2024-05-27 12:52:20,41.1400,fraud_Stiedemann Inc,misc_pos,0,RULE_VIOLATION:LOCATION_FAR_FROM_HOME (5124km > 500km),1,0.0000,0.0000,0.0000,0.0000,0.3000,Low
