account_id,trans_date_trans_time,cc_num,merchant,category,amt,first,last,gender,city,state,zip,lat,long,city_pop,job,dob,trans_num,unix_time,merch_lat,merch_long,is_fraud,fraud_probability,predicted_fraud
c912b976-f29c-4fd6-acdf-fc4068d3b66e,2024-01-25 00:20:54,4767286519011944,fraud_Wilkinson PLC,kids_pets,133.8,Elizabeth,Brady,F,Harrisberg,DE,9271,37.340386,-137.535062,768349,Mechanical engineer,1955-04-25,sim_2043d949-71ec-40e3-97aa-85d7ca4471c0,1706142054,41.061054,-83.483099,0,0.0,0
c912b976-f29c-4fd6-acdf-fc4068d3b66e,2024-01-25 05:28:22,4767286519011944,fraud_Nolan-Williamson,kids_pets,46.57,Elizabeth,Brady,F,Harrisberg,DE,9271,37.340386,-137.535062,768349,Mechanical engineer,1955-04-25,sim_35dffddd-41f0-4f9c-bb70-df18b763b463,1706160502,38.502907,-76.245274,0,0.0,0
c912b976-f29c-4fd6-acdf-fc4068d3b66e,2024-01-25 08:27:45,4767286519011944,"fraud_Pouros, Walker and Spencer",kids_pets,50.0,Elizabeth,Brady,F,Harrisberg,DE,9271,37.340386,-137.535062,768349,Mechanical engineer,1955-04-25,sim_e98d4158-1c38-47f5-9514-a54818b6adba,1706171265,30.802739000000003,-98.701702,0,0.0,0
c912b976-f29c-4fd6-acdf-fc4068d3b66e,2024-01-25 09:53:54,4767286519011944,fraud_Harber Inc,gas_transport,54.97,Elizabeth,Brady,F,Harrisberg,DE,9271,37.340386,-137.535062,768349,Mechanical engineer,1955-04-25,sim_89a2c3be-af9d-4c53-a5b3-90739757d493,1706176434,42.422004,-74.25408,0,0.0,0
c912b976-f29c-4fd6-acdf-fc4068d3b66e,2024-01-25 14:54:44,4767286519011944,"fraud_Streich, Hansen and Veum",gas_transport,80.03,Elizabeth,Brady,F,Harrisberg,DE,9271,37.340386,-137.535062,768349,Mechanical engineer,1955-04-25,sim_29e6a157-97b6-4063-a299-f1bdb1cd5a4e,1706194484,37.455912,-91.762857,0,0.0,0
c912b976-f29c-4fd6-acdf-fc4068d3b66e,2024-01-25 15:46:52,4767286519011944,"fraud_Bins, Balistreri and Beatty",shopping_pos,17.56,Elizabeth,Brady,F,Harrisberg,DE,9271,37.340386,-137.535062,768349,Mechanical engineer,1955-04-25,sim_24684620-8372-48cb-974d-0dc687ce5ebb,1706197612,34.853735,-92.151098,0,0.0,0
c912b976-f29c-4fd6-acdf-fc4068d3b66e,2024-01-25 16:12:49,4767286519011944,fraud_Heaney-Marquardt,entertainment,4.48,Elizabeth,Brady,F,Harrisberg,DE,9271,37.340386,-137.535062,768349,Mechanical engineer,1955-04-25,sim_313e88f7-cb7f-457b-9da2-3eb2683e68f4,1706199169,43.877554,-75.45902199999999,0,0.0,0
c912b976-f29c-4fd6-acdf-fc4068d3b66e,2024-01-25 20:03:42,4767286519011944,"fraud_Olson, Becker and Koch",gas_transport,70.11,Elizabeth,Brady,F,Harrisberg,DE,9271,37.340386,-137.535062,768349,Mechanical engineer,1955-04-25,sim_0966c55e-26df-4894-8cf4-2563cff15bf7,1706213022,29.192904,-97.707487,0,0.0,0
c912b976-f29c-4fd6-acdf-fc4068d3b66e,2024-01-25 21:46:56,4767286519011944,fraud_Terry-Huel,shopping_net,5.47,Elizabeth,Brady,F,Harrisberg,DE,9271,37.340386,-137.535062,768349,Mechanical engineer,1955-04-25,sim_929ec1f0-88dd-4b72-b445-15024bbdbd34,1706219216,41.030358,-74.68226,0,0.0,0
c912b976-f29c-4fd6-acdf-fc4068d3b66e,2024-01-26 01:06:01,4767286519011944,"fraud_O'Reilly, Mohr and Purdy",home,73.5,Elizabeth,Brady,F,Harrisberg,DE,9271,37.340386,-137.535062,768349,Mechanical engineer,1955-04-25,sim_d4151093-e52c-4ab4-8324-9cc1be8524f4,1706231161,39.877772,-94.128455,0,0.0,0
c912b976-f29c-4fd6-acdf-fc4068d3b66e,2024-01-26 02:39:04,4767286519011944,"fraud_Prosacco, Kreiger and Kovacek",home,72.85,Elizabeth,Brady,F,Harrisberg,DE,9271,37.340386,-137.535062,768349,Mechanical engineer,1955-04-25,sim_8a23008c-c356-4b6b-9551-979ef5f5d9a8,1706236744,36.415316,-87.99721600000001,0,0.0,0
c912b976-f29c-4fd6-acdf-fc4068d3b66e,2024-01-26 05:05:15,4767286519011944,fraud_Friesen Inc,shopping_pos,4.49,Elizabeth,Brady,F,Harrisberg,DE,9271,37.340386,-137.535062,768349,Mechanical engineer,1955-04-25,sim_e360e31c-ae32-4571-8c03-681e6985c58b,1706245515,40.876654,-111.447366,0,0.0,0
c912b976-f29c-4fd6-acdf-fc4068d3b66e,2024-01-26 07:23:58,4767286519011944,fraud_Romaguera Ltd,health_fitness,70.8,Elizabeth,Brady,F,Harrisberg,DE,9271,37.340386,-137.535062,768349,Mechanical engineer,1955-04-25,sim_3a2c8ce6-ad0a-404f-8cac-4d41d42c35e3,1706253838,31.565189,-81.952539,0,0.0,0
c912b976-f29c-4fd6-acdf-fc4068d3b66e,2024-01-26 12:59:55,4767286519011944,"fraud_Reichert, Huels and Hoppe",shopping_net,7.09,Elizabeth,Brady,F,Harrisberg,DE,9271,37.340386,-137.535062,768349,Mechanical engineer,1955-04-25,sim_7500070c-46a4-42f3-ab8e-d051964f1089,1706273995,35.498585,-86.105358,0,0.0,0
c912b976-f29c-4fd6-acdf-fc4068d3b66e,2024-01-26 15:17:47,4767286519011944,"fraud_Olson, Becker and Koch",gas_transport,54.87,Elizabeth,Brady,F,Harrisberg,DE,9271,37.340386,-137.535062,768349,Mechanical engineer,1955-04-25,sim_7b305014-3151-4f01-a81f-dd2ca1da022c,1706282267,38.579672,-89.715749,0,0.0,0
c912b976-f29c-4fd6-acdf-fc4068d3b66e,2024-01-26 15:25:46,4767286519011944,fraud_Schimmel-Olson,kids_pets,8.81,Elizabeth,Brady,F,Harrisberg,DE,9271,37.340386,-137.535062,768349,Mechanical engineer,1955-04-25,sim_ac718797-acec-4be5-b2ae-48641460bd8d,1706282746,46.229226,-94.088888,0,0.0,0
c912b976-f29c-4fd6-acdf-fc4068d3b66e,2024-01-26 17:05:24,4767286519011944,"fraud_Cole, Hills and Jewess",home,1.41,Elizabeth,Brady,F,Harrisberg,DE,9271,37.340386,-137.535062,768349,Mechanical engineer,1955-04-25,sim_937ffc22-107a-4fa6-8bf2-4d59e5537a0c,1706288724,40.993108,-101.555572,0,0.0,0
c912b976-f29c-4fd6-acdf-fc4068d3b66e,2024-01-26 18:28:05,4767286519011944,fraud_Wiza LLC,misc_pos,14.72,Elizabeth,Brady,F,Harrisberg,DE,9271,37.340386,-137.535062,768349,Mechanical engineer,1955-04-25,sim_e3da7b7e-8301-48cb-9f13-4531a34e5dd0,1706293685,45.402043,-75.715477,0,0.0,0
c912b976-f29c-4fd6-acdf-fc4068d3b66e,2024-01-26 19:47:55,4767286519011944,fraud_Dooley Inc,shopping_pos,135.71,Elizabeth,Brady,F,Harrisberg,DE,9271,37.340386,-137.535062,768349,Mechanical engineer,1955-04-25,sim_3c654ba2-6dfa-436a-883f-c89e1da426ba,1706298475,45.626398,-94.327203,0,0.0,0
c912b976-f29c-4fd6-acdf-fc4068d3b66e,2024-01-26 20:31:47,4767286519011944,"fraud_Roberts, Daniel and Macejkovic",kids_pets,36.97,Elizabeth,Brady,F,Harrisberg,DE,9271,37.340386,-137.535062,768349,Mechanical engineer,1955-04-25,sim_3fbaede8-8157-407c-8ee5-c1453c3141b1,1706301107,38.539194,-114.488483,0,0.01,0
c912b976-f29c-4fd6-acdf-fc4068d3b66e,2024-01-26 21:12:07,4767286519011944,fraud_Zboncak LLC,food_dining,65.59,Elizabeth,Brady,F,Harrisberg,DE,9271,37.340386,-137.535062,768349,Mechanical engineer,1955-04-25,sim_84c67da7-e45e-4cb5-b694-baca33bf0448,1706303527,31.250992,-99.764354,0,0.0,0
c912b976-f29c-4fd6-acdf-fc4068d3b66e,2024-01-26 21:25:03,4767286519011944,"fraud_Rowe, Batz and Goodwin",grocery_pos,146.07,Elizabeth,Brady,F,Harrisberg,DE,9271,37.340386,-137.535062,768349,Mechanical engineer,1955-04-25,sim_10238fec-7c35-4328-b61d-194065f80dd6,1706304303,41.458919,-96.955278,0,0.0,0
c912b976-f29c-4fd6-acdf-fc4068d3b66e,2024-01-26 23:22:03,4767286519011944,"fraud_Cormier, Stracke and Thiel",entertainment,31.87,Elizabeth,Brady,F,Harrisberg,DE,9271,37.340386,-137.535062,768349,Mechanical engineer,1955-04-25,sim_2ca50d9e-b769-48dc-be51-8911e4caca71,1706311323,33.402055,-88.797628,0,0.0,0
c912b976-f29c-4fd6-acdf-fc4068d3b66e,2024-01-27 03:28:57,4767286519011944,fraud_Schuppe-Schuppe,food_dining,58.16,Elizabeth,Brady,F,Harrisberg,DE,9271,37.340386,-137.535062,768349,Mechanical engineer,1955-04-25,sim_2f78b469-32e1-4db0-a516-4ea2aa96767f,1706326137,44.303642,-90.31796,0,0.0,0
c912b976-f29c-4fd6-acdf-fc4068d3b66e,2024-01-27 06:03:58,4767286519011944,"fraud_Reichert, Huels and Hoppe",shopping_net,3.64,Elizabeth,Brady,F,Harrisberg,DE,9271,37.340386,-137.535062,768349,Mechanical engineer,1955-04-25,sim_ea4f4c91-c93d-4d08-ac77-a35d80bd3f12,1706335438,40.3072,-80.31558000000001,0,0.0,0
c912b976-f29c-4fd6-acdf-fc4068d3b66e,2024-01-27 08:38:50,4767286519011944,fraud_Haag-Blanda,food_dining,54.24,Elizabeth,Brady,F,Harrisberg,DE,9271,37.340386,-137.535062,768349,Mechanical engineer,1955-04-25,sim_e239dd1f-7d44-4723-bfc8-758625f72215,1706344730,32.116463,-90.8621,0,0.0,0
c912b976-f29c-4fd6-acdf-fc4068d3b66e,2024-01-27 10:20:21,4767286519011944,fraud_Medhurst PLC,shopping_net,2.83,Elizabeth,Brady,F,Harrisberg,DE,9271,37.340386,-137.535062,768349,Mechanical engineer,1955-04-25,sim_0d46d187-924c-4536-b324-531472a1f423,1706350821,33.913867,-86.51307,0,0.0,0
c912b976-f29c-4fd6-acdf-fc4068d3b66e,2024-01-27 12:38:19,4767286519011944,fraud_Sporer Inc,gas_transport,56.76,Elizabeth,Brady,F,Harrisberg,DE,9271,37.340386,-137.535062,768349,Mechanical engineer,1955-04-25,sim_c5885eca-b2d1-419c-9396-a1ab528bc96d,1706359099,41.679806,-123.067559,0,0.0,0
c912b976-f29c-4fd6-acdf-fc4068d3b66e,2024-01-27 12:39:56,4767286519011944,fraud_Bauch-Raynor,grocery_pos,173.63,Elizabeth,Brady,F,Harrisberg,DE,9271,37.340386,-137.535062,768349,Mechanical engineer,1955-04-25,sim_57b0a019-e508-4aa0-8a7a-d0ea2736a15d,1706359196,40.61657,-74.380534,0,0.0,0
c912b976-f29c-4fd6-acdf-fc4068d3b66e,2024-01-27 14:49:53,4767286519011944,fraud_Gottlieb-Hansen,personal_care,42.57,Elizabeth,Brady,F,Harrisberg,DE,9271,37.340386,-137.535062,768349,Mechanical engineer,1955-04-25,sim_43cc3a59-872c-4e8c-8264-e125bdde0475,1706366993,44.730691,-92.329069,0,0.0,0
c912b976-f29c-4fd6-acdf-fc4068d3b66e,2024-01-27 18:01:01,4767286519011944,"fraud_Baumbach, Strosin and Nicolas",shopping_pos,185.02,Elizabeth,Brady,F,Harrisberg,DE,9271,37.340386,-137.535062,768349,Mechanical engineer,1955-04-25,sim_57876935-15a7-475f-ab3a-4cf73b447e0b,1706378461,40.461231,-81.80606800000001,0,0.0,0
c912b976-f29c-4fd6-acdf-fc4068d3b66e,2024-01-27 18:43:53,4767286519011944,"fraud_Towne, Greenholt and Koepp",shopping_net,271.37,Elizabeth,Brady,F,Harrisberg,DE,9271,37.340386,-137.535062,768349,Mechanical engineer,1955-04-25,sim_d625d69a-dda1-46e2-b7f3-92571ab49bc5,1706381033,33.618543,-87.567228,0,0.0,0
c912b976-f29c-4fd6-acdf-fc4068d3b66e,2024-01-27 20:04:17,4767286519011944,fraud_Lynch Ltd,shopping_pos,8.41,Elizabeth,Brady,F,Harrisberg,DE,9271,37.340386,-137.535062,768349,Mechanical engineer,1955-04-25,sim_49afc46b-f5c8-4cde-860b-8b156e54ee0c,1706385857,38.613724,-82.203228,0,0.0,0
c912b976-f29c-4fd6-acdf-fc4068d3b66e,2024-01-27 21:31:49,4767286519011944,fraud_Beer-Jast,kids_pets,157.71,Elizabeth,Brady,F,Harrisberg,DE,9271,37.340386,-137.535062,768349,Mechanical engineer,1955-04-25,sim_8f40220d-e2d9-4f44-8951-fb9c154e1ecd,1706391109,38.092743,-120.810467,0,0.0,0
c912b976-f29c-4fd6-acdf-fc4068d3b66e,2024-01-28 01:47:34,4767286519011944,"fraud_Gutmann, McLaughlin and Wiza",home,66.77,Elizabeth,Brady,F,Harrisberg,DE,9271,37.340386,-137.535062,768349,Mechanical engineer,1955-04-25,sim_d330caca-9085-45d0-a884-915149e8a5f2,1706406454,46.568655,-84.266289,0,0.0,0
c912b976-f29c-4fd6-acdf-fc4068d3b66e,2024-01-28 02:35:45,4767286519011944,fraud_Barrows PLC,shopping_pos,2.05,Elizabeth,Brady,F,Harrisberg,DE,9271,37.340386,-137.535062,768349,Mechanical engineer,1955-04-25,sim_d84c9bb6-2219-4a74-bc49-a6b9e095d2c9,1706409345,39.986969,-74.422289,0,0.0,0
c912b976-f29c-4fd6-acdf-fc4068d3b66e,2024-01-28 06:05:39,4767286519011944,fraud_Bednar Inc,travel,9.88,Elizabeth,Brady,F,Harrisberg,DE,9271,37.340386,-137.535062,768349,Mechanical engineer,1955-04-25,sim_8c6ce531-bc39-4f89-800d-5a900fd4c833,1706421939,38.581208,-74.739373,0,0.0,0
c912b976-f29c-4fd6-acdf-fc4068d3b66e,2024-01-28 07:30:38,4767286519011944,fraud_White and Sons,home,18.1,Elizabeth,Brady,F,Harrisberg,DE,9271,37.340386,-137.535062,768349,Mechanical engineer,1955-04-25,sim_e9e4130a-82cf-475e-9664-dc8def528cbc,1706427038,37.045994,-86.298355,0,0.0,0
c912b976-f29c-4fd6-acdf-fc4068d3b66e,2024-01-28 07:46:42,4767286519011944,"fraud_Schiller, Blanda and Johnson",home,131.04,Elizabeth,Brady,F,Harrisberg,DE,9271,37.340386,-137.535062,768349,Mechanical engineer,1955-04-25,sim_563298c8-db1d-4f4f-a437-982fbbc7fb2f,1706428002,42.042674,-86.656362,0,0.0,0
c912b976-f29c-4fd6-acdf-fc4068d3b66e,2024-01-28 08:56:41,4767286519011944,"fraud_O'Reilly, Mohr and Purdy",home,6.62,Elizabeth,Brady,F,Harrisberg,DE,9271,37.340386,-137.535062,768349,Mechanical engineer,1955-04-25,sim_b02aa0cf-6bdb-4197-ab14-c77b5c03ce12,1706432201,32.04508,-89.27754300000001,0,0.0,0
c912b976-f29c-4fd6-acdf-fc4068d3b66e,2024-01-28 13:48:42,4767286519011944,fraud_Cormier LLC,health_fitness,22.43,Elizabeth,Brady,F,Harrisberg,DE,9271,37.340386,-137.535062,768349,Mechanical engineer,1955-04-25,sim_f9560382-ac8c-4803-ba2d-e3f97375030a,1706449722,29.606134,-95.70244,0,0.0,0
c912b976-f29c-4fd6-acdf-fc4068d3b66e,2024-01-28 15:59:10,4767286519011944,fraud_Kessler Group,travel,3.4,Elizabeth,Brady,F,Harrisberg,DE,9271,37.340386,-137.535062,768349,Mechanical engineer,1955-04-25,sim_33646ca8-4697-4d8a-a9ba-acdd30a1d15d,1706457550,39.288253000000005,-90.44974,0,0.0,0
c912b976-f29c-4fd6-acdf-fc4068d3b66e,2024-01-28 21:53:55,4767286519011944,fraud_Erdman-Durgan,health_fitness,38.4,Elizabeth,Brady,F,Harrisberg,DE,9271,37.340386,-137.535062,768349,Mechanical engineer,1955-04-25,sim_88687e96-7133-4d8d-bf23-88d4e09abdb7,1706478835,32.003974,-90.156567,0,0.0,0
c912b976-f29c-4fd6-acdf-fc4068d3b66e,2024-01-29 02:20:58,4767286519011944,"fraud_Feil, Hilpert and Koss",food_dining,3.92,Elizabeth,Brady,F,Harrisberg,DE,9271,37.340386,-137.535062,768349,Mechanical engineer,1955-04-25,sim_69cb7659-f8fa-477b-8fa8-ad4648fff7c9,1706494858,39.934875,-80.586927,0,0.0,0
c912b976-f29c-4fd6-acdf-fc4068d3b66e,2024-01-29 08:14:46,4767286519011944,"fraud_Wiza, Schaden and Stark",misc_pos,350.75,Elizabeth,Brady,F,Harrisberg,DE,9271,37.340386,-137.535062,768349,Mechanical engineer,1955-04-25,sim_f4cc7b45-99ae-46a5-a13a-8b907c324a6d,1706516086,38.386655,-89.370839,0,0.0,0
c912b976-f29c-4fd6-acdf-fc4068d3b66e,2024-01-29 13:34:22,4767286519011944,fraud_Cummings LLC,gas_transport,67.36,Elizabeth,Brady,F,Harrisberg,DE,9271,37.340386,-137.535062,768349,Mechanical engineer,1955-04-25,sim_f853581c-03fb-4e39-8b68-d38ff52fb1f3,1706535262,37.70391,-75.295735,0,0.0,0
c912b976-f29c-4fd6-acdf-fc4068d3b66e,2024-01-29 13:41:56,4767286519011944,"fraud_Johnson, Runolfsdottir and Mayer",misc_net,83.42,Elizabeth,Brady,F,Harrisberg,DE,9271,37.340386,-137.535062,768349,Mechanical engineer,1955-04-25,sim_49d2689a-6e72-4c7e-b616-ad9e81ef19dd,1706535716,38.654591,-79.673445,0,0.0,0
c912b976-f29c-4fd6-acdf-fc4068d3b66e,2024-01-29 18:24:06,4767286519011944,"fraud_Schaefer, Fay and Hilll",entertainment,34.76,Elizabeth,Brady,F,Harrisberg,DE,9271,37.340386,-137.535062,768349,Mechanical engineer,1955-04-25,sim_2cc0d590-2bcf-4dc1-b1c0-42c8efaa598d,1706552646,33.544937,-86.899742,0,0.0,0
c912b976-f29c-4fd6-acdf-fc4068d3b66e,2024-01-29 21:52:37,4767286519011944,fraud_Quitzon-Goyette,home,67.21,Elizabeth,Brady,F,Harrisberg,DE,9271,37.340386,-137.535062,768349,Mechanical engineer,1955-04-25,sim_62b4f9f3-0ab8-4a29-aa3a-eac84523146d,1706565157,44.195397,-89.49060300000001,0,0.0,0
c912b976-f29c-4fd6-acdf-fc4068d3b66e,2024-01-29 22:58:13,4767286519011944,"fraud_Medhurst, Cartwright and Ebert",personal_care,95.36,Elizabeth,Brady,F,Harrisberg,DE,9271,37.340386,-137.535062,768349,Mechanical engineer,1955-04-25,sim_04884648-9c3e-422c-95de-b103699efadd,1706569093,41.336171,-77.734095,0,0.0,0
c912b976-f29c-4fd6-acdf-fc4068d3b66e,2024-01-30 02:25:02,4767286519011944,fraud_Gerlach Inc,shopping_net,1.27,Elizabeth,Brady,F,Harrisberg,DE,9271,37.340386,-137.535062,768349,Mechanical engineer,1955-04-25,sim_57edc188-3922-4edf-9f96-33606e0a817c,1706581502,39.668786,-82.513588,0,0.0,0
c912b976-f29c-4fd6-acdf-fc4068d3b66e,2024-01-30 04:36:53,4767286519011944,fraud_Vandervort-Funk,grocery_pos,99.31,Elizabeth,Brady,F,Harrisberg,DE,9271,37.340386,-137.535062,768349,Mechanical engineer,1955-04-25,sim_cd4c6fc8-6711-4d2a-a4f1-352477330a8a,1706589413,34.035222999999995,-89.711159,0,0.0,0
c912b976-f29c-4fd6-acdf-fc4068d3b66e,2024-01-30 07:48:17,4767286519011944,fraud_Kub-Heaney,health_fitness,12.48,Elizabeth,Brady,F,Harrisberg,DE,9271,37.340386,-137.535062,768349,Mechanical engineer,1955-04-25,sim_cfb2dc13-e8c4-4c75-b88b-5405de6e9a20,1706600897,32.093557000000004,-90.120078,0,0.0,0
c912b976-f29c-4fd6-acdf-fc4068d3b66e,2024-01-30 07:51:34,4767286519011944,fraud_Barrows PLC,shopping_pos,13.34,Elizabeth,Brady,F,Harrisberg,DE,9271,37.340386,-137.535062,768349,Mechanical engineer,1955-04-25,sim_36ffbd67-3719-471b-8e8d-61321a7a1eaf,1706601094,34.612714000000004,-117.893496,0,0.0,0
c912b976-f29c-4fd6-acdf-fc4068d3b66e,2024-01-30 12:06:43,4767286519011944,fraud_Erdman-Durgan,health_fitness,39.09,Elizabeth,Brady,F,Harrisberg,DE,9271,37.340386,-137.535062,768349,Mechanical engineer,1955-04-25,sim_d5fbfb0f-2983-4b7d-b2c2-0a836574f4b0,1706616403,30.854103,-86.91504,0,0.0,0
c912b976-f29c-4fd6-acdf-fc4068d3b66e,2024-01-30 13:56:39,4767286519011944,fraud_Turcotte-Halvorson,misc_pos,3.16,Elizabeth,Brady,F,Harrisberg,DE,9271,37.340386,-137.535062,768349,Mechanical engineer,1955-04-25,sim_81f0ac90-ac41-46b6-901f-cc09f902f45d,1706622999,41.685853,-78.766808,0,0.0,0
c912b976-f29c-4fd6-acdf-fc4068d3b66e,2024-01-30 19:04:52,4767286519011944,fraud_Torp-Labadie,gas_transport,48.01,Elizabeth,Brady,F,Harrisberg,DE,9271,37.340386,-137.535062,768349,Mechanical engineer,1955-04-25,sim_dbe5ede7-4f36-4ac2-b650-1a92783b9eeb,1706641492,40.08033,-84.20985999999999,0,0.0,0
c912b976-f29c-4fd6-acdf-fc4068d3b66e,2024-01-30 19:43:53,4767286519011944,"fraud_Dare, Fritsch and Zboncak",health_fitness,54.31,Elizabeth,Brady,F,Harrisberg,DE,9271,37.340386,-137.535062,768349,Mechanical engineer,1955-04-25,sim_a80f8d33-ccc1-46b8-a1c0-3d2b6e9a143b,1706643833,42.22716,-80.48875,0,0.0,0
c912b976-f29c-4fd6-acdf-fc4068d3b66e,2024-01-31 00:33:38,4767286519011944,"fraud_Bins, Balistreri and Beatty",shopping_pos,9.09,Elizabeth,Brady,F,Harrisberg,DE,9271,37.340386,-137.535062,768349,Mechanical engineer,1955-04-25,sim_594888bb-395a-4645-a4f3-071f77c3e82b,1706661218,38.132418,-77.54540899999999,0,0.0,0
c912b976-f29c-4fd6-acdf-fc4068d3b66e,2024-01-31 05:32:21,4767286519011944,"fraud_Koss, McLaughlin and Mayer",food_dining,8.32,Elizabeth,Brady,F,Harrisberg,DE,9271,37.340386,-137.535062,768349,Mechanical engineer,1955-04-25,sim_ff6af2db-1891-41a1-b08e-0e4260164d9a,1706679141,43.259566,-90.711843,0,0.0,0
c912b976-f29c-4fd6-acdf-fc4068d3b66e,2024-01-31 07:10:51,4767286519011944,fraud_Huels-Hahn,gas_transport,73.35,Elizabeth,Brady,F,Harrisberg,DE,9271,37.340386,-137.535062,768349,Mechanical engineer,1955-04-25,sim_2922a7c6-70af-40b2-a77b-9bcc8cec4132,1706685051,39.154869,-78.902019,0,0.0,0
c912b976-f29c-4fd6-acdf-fc4068d3b66e,2024-01-31 12:01:30,4767286519011944,"fraud_Conroy, Balistreri and Gorczany",health_fitness,3.69,Elizabeth,Brady,F,Harrisberg,DE,9271,37.340386,-137.535062,768349,Mechanical engineer,1955-04-25,sim_267f33dc-26c1-47bd-8e78-05bef1b49222,1706702490,34.773153,-90.885916,0,0.0,0
c912b976-f29c-4fd6-acdf-fc4068d3b66e,2024-01-31 15:23:11,4767286519011944,fraud_Morissette-Schaefer,personal_care,73.24,Elizabeth,Brady,F,Harrisberg,DE,9271,37.340386,-137.535062,768349,Mechanical engineer,1955-04-25,sim_a0e48326-15f5-4700-9f9b-f4a3f5970688,1706714591,41.500053,-80.108745,0,0.0,0
c912b976-f29c-4fd6-acdf-fc4068d3b66e,2024-01-31 20:06:39,4767286519011944,fraud_Wilkinson PLC,kids_pets,98.31,Elizabeth,Brady,F,Harrisberg,DE,9271,37.340386,-137.535062,768349,Mechanical engineer,1955-04-25,sim_b702f300-eee8-47fd-91c4-9b8372bbb0c1,1706731599,37.083555,-79.451369,0,0.0,0
c912b976-f29c-4fd6-acdf-fc4068d3b66e,2024-01-31 20:54:47,4767286519011944,fraud_Doyle Ltd,grocery_pos,121.02,Elizabeth,Brady,F,Harrisberg,DE,9271,37.340386,-137.535062,768349,Mechanical engineer,1955-04-25,sim_41d29dc5-c843-488b-989c-b6222e7f6dd3,1706734487,43.276243,-98.540082,0,0.0,0
c912b976-f29c-4fd6-acdf-fc4068d3b66e,2024-02-01 01:56:14,4767286519011944,fraud_Jakubowski Inc,home,84.72,Elizabeth,Brady,F,Harrisberg,DE,9271,37.340386,-137.535062,768349,Mechanical engineer,1955-04-25,sim_1bcd215a-a79a-42f7-8794-f6560644c74f,1706752574,41.628327,-82.835096,0,0.0,0
c912b976-f29c-4fd6-acdf-fc4068d3b66e,2024-02-01 04:38:22,4767286519011944,fraud_Klein Group,entertainment,5.88,Elizabeth,Brady,F,Harrisberg,DE,9271,37.340386,-137.535062,768349,Mechanical engineer,1955-04-25,sim_b26f4561-1cec-4813-b637-13dab3e752ac,1706762302,41.093026,-91.595439,0,0.0,0
c912b976-f29c-4fd6-acdf-fc4068d3b66e,2024-02-01 09:14:30,4767286519011944,fraud_Kuphal-Predovic,misc_net,6.57,Elizabeth,Brady,F,Harrisberg,DE,9271,37.340386,-137.535062,768349,Mechanical engineer,1955-04-25,sim_1c5f968d-5712-4ece-8e35-065dc99ea32c,1706778870,37.132772,-96.716299,0,0.0,0
c912b976-f29c-4fd6-acdf-fc4068d3b66e,2024-02-01 09:57:03,4767286519011944,"fraud_Greenholt, O'Hara and Balistreri",shopping_net,3.14,Elizabeth,Brady,F,Harrisberg,DE,9271,37.340386,-137.535062,768349,Mechanical engineer,1955-04-25,sim_e7aaa5d6-3b35-4b35-8262-db9f9a6c2c73,1706781423,33.584934000000004,-96.522843,0,0.0,0
c912b976-f29c-4fd6-acdf-fc4068d3b66e,2024-02-01 10:20:23,4767286519011944,"fraud_Haley, Jewess and Bechtelar",shopping_pos,7.78,Elizabeth,Brady,F,Harrisberg,DE,9271,37.340386,-137.535062,768349,Mechanical engineer,1955-04-25,sim_280830f6-0049-4423-8719-9056378741e1,1706782823,36.25544,-80.521392,0,0.0,0
c912b976-f29c-4fd6-acdf-fc4068d3b66e,2024-02-01 15:32:21,4767286519011944,"fraud_Okuneva, Schneider and Rau",shopping_pos,348.37,Elizabeth,Brady,F,Harrisberg,DE,9271,37.340386,-137.535062,768349,Mechanical engineer,1955-04-25,sim_d157da31-b10d-4561-94c0-fbda416a1577,1706801541,46.806284000000005,-86.80364,0,0.03,0
c912b976-f29c-4fd6-acdf-fc4068d3b66e,2024-02-01 20:12:31,4767286519011944,fraud_Altenwerth-Kilback,home,26.95,Elizabeth,Brady,F,Harrisberg,DE,9271,37.340386,-137.535062,768349,Mechanical engineer,1955-04-25,sim_2c9518ad-3dab-4e90-9dd7-38aadd7edf98,1706818351,27.259756,-80.695112,0,0.0,0
c912b976-f29c-4fd6-acdf-fc4068d3b66e,2024-02-02 01:17:00,4767286519011944,"fraud_Hyatt, Russel and Gleichner",health_fitness,1.47,Elizabeth,Brady,F,Harrisberg,DE,9271,37.340386,-137.535062,768349,Mechanical engineer,1955-04-25,sim_73a7b5b5-9ae3-4dee-b27d-bfef2c7fb72d,1706836620,42.841509,-71.197519,0,0.0,0
c912b976-f29c-4fd6-acdf-fc4068d3b66e,2024-02-02 05:22:47,4767286519011944,"fraud_Nienow, Barrows and Romaguera",personal_care,15.33,Elizabeth,Brady,F,Harrisberg,DE,9271,37.340386,-137.535062,768349,Mechanical engineer,1955-04-25,sim_2a2b3bdc-203a-44bc-b5b5-e01967a06367,1706851367,39.750367,-94.340528,0,0.0,0
c912b976-f29c-4fd6-acdf-fc4068d3b66e,2024-02-02 07:49:49,4767286519011944,fraud_Reynolds-Schinner,misc_pos,9.31,Elizabeth,Brady,F,Harrisberg,DE,9271,37.340386,-137.535062,768349,Mechanical engineer,1955-04-25,sim_e8cec5db-2279-4eae-b863-c9d516eb5f01,1706860189,39.552782,-77.624157,0,0.0,0
c912b976-f29c-4fd6-acdf-fc4068d3b66e,2024-02-02 13:03:12,4767286519011944,fraud_Maggio-Fahey,misc_pos,36.19,Elizabeth,Brady,F,Harrisberg,DE,9271,37.340386,-137.535062,768349,Mechanical engineer,1955-04-25,sim_cbf5d513-9e07-4203-8dcc-14b52e56bfef,1706878992,30.371219,-95.968758,0,0.0,0
c912b976-f29c-4fd6-acdf-fc4068d3b66e,2024-02-02 17:20:57,4767286519011944,fraud_Koepp-Witting,grocery_pos,211.78,Elizabeth,Brady,F,Harrisberg,DE,9271,37.340386,-137.535062,768349,Mechanical engineer,1955-04-25,sim_c5306675-a0b0-4eef-8f4f-86b6a6a6b9c8,1706894457,42.233445,-84.799782,0,0.0,0
c912b976-f29c-4fd6-acdf-fc4068d3b66e,2024-02-02 21:46:43,4767286519011944,"fraud_Olson, Becker and Koch",gas_transport,60.43,Elizabeth,Brady,F,Harrisberg,DE,9271,37.340386,-137.535062,768349,Mechanical engineer,1955-04-25,sim_348108de-df13-44a4-bf2f-25926b615bbd,1706910403,31.055946,-90.300674,0,0.0,0
c912b976-f29c-4fd6-acdf-fc4068d3b66e,2024-02-03 01:02:03,4767286519011944,fraud_Daugherty LLC,kids_pets,64.6,Elizabeth,Brady,F,Harrisberg,DE,9271,37.340386,-137.535062,768349,Mechanical engineer,1955-04-25,sim_da97baa4-98b7-4dfc-8ead-ae169f473489,1706922123,40.493866,-82.193516,0,0.0,0
c912b976-f29c-4fd6-acdf-fc4068d3b66e,2024-02-03 01:07:26,4767286519011944,fraud_Barton Inc,grocery_pos,134.04,Elizabeth,Brady,F,Harrisberg,DE,9271,37.340386,-137.535062,768349,Mechanical engineer,1955-04-25,sim_310ebc68-bce1-4565-999b-fdedb1c4799c,1706922446,39.177014,-120.356022,0,0.0,0
c912b976-f29c-4fd6-acdf-fc4068d3b66e,2024-02-03 03:35:22,4767286519011944,fraud_McDermott-Weimann,grocery_pos,73.3,Elizabeth,Brady,F,Harrisberg,DE,9271,37.340386,-137.535062,768349,Mechanical engineer,1955-04-25,sim_7e5bf034-4687-4a1f-9687-b9e1573ded5e,1706931322,34.875044,-98.355785,0,0.0,0
c912b976-f29c-4fd6-acdf-fc4068d3b66e,2024-02-03 08:19:30,4767286519011944,fraud_Kozey-Kuhlman,personal_care,12.59,Elizabeth,Brady,F,Harrisberg,DE,9271,37.340386,-137.535062,768349,Mechanical engineer,1955-04-25,sim_1ac10cdc-13b0-4c01-90b3-a7c39c77f647,1706948370,36.746471,-122.118324,0,0.01,0
c912b976-f29c-4fd6-acdf-fc4068d3b66e,2024-02-03 12:05:57,4767286519011944,"fraud_Bernier, Streich and Jewess",grocery_net,36.82,Elizabeth,Brady,F,Harrisberg,DE,9271,37.340386,-137.535062,768349,Mechanical engineer,1955-04-25,sim_3e506faa-3240-495d-9918-b7f0a85d5660,1706961957,34.503715,-81.957585,0,0.0,0
c912b976-f29c-4fd6-acdf-fc4068d3b66e,2024-02-03 14:47:45,4767286519011944,fraud_McKenzie-Huels,food_dining,161.02,Elizabeth,Brady,F,Harrisberg,DE,9271,37.340386,-137.535062,768349,Mechanical engineer,1955-04-25,sim_f940e032-1010-40db-9fe6-32a827dc1248,1706971665,36.982218,-80.323725,0,0.0,0
c912b976-f29c-4fd6-acdf-fc4068d3b66e,2024-02-03 18:52:37,4767286519011944,fraud_Denesik and Sons,shopping_pos,6.57,Elizabeth,Brady,F,Harrisberg,DE,9271,37.340386,-137.535062,768349,Mechanical engineer,1955-04-25,sim_9d2e7352-1001-40b2-a736-82325c55bcc3,1706986357,27.681409,-82.985174,0,0.0,0
c912b976-f29c-4fd6-acdf-fc4068d3b66e,2024-02-03 23:13:56,4767286519011944,fraud_Spinka-Welch,grocery_net,118.93,Elizabeth,Brady,F,Harrisberg,DE,9271,37.340386,-137.535062,768349,Mechanical engineer,1955-04-25,sim_7685a418-e7c0-4a69-a42f-f08d7adc6374,1707002036,36.519813,-80.71194200000001,0,0.0,0
c912b976-f29c-4fd6-acdf-fc4068d3b66e,2024-02-04 04:41:38,4767286519011944,fraud_Weber and Sons,food_dining,48.53,Elizabeth,Brady,F,Harrisberg,DE,9271,37.340386,-137.535062,768349,Mechanical engineer,1955-04-25,sim_f119a409-9c5e-4685-8339-ce2b79914d9b,1707021698,28.933090000000004,-98.386648,0,0.0,0
c912b976-f29c-4fd6-acdf-fc4068d3b66e,2024-02-04 09:02:34,4767286519011944,fraud_Cartwright PLC,kids_pets,105.58,Elizabeth,Brady,F,Harrisberg,DE,9271,37.340386,-137.535062,768349,Mechanical engineer,1955-04-25,sim_3d5dc794-7003-424a-8bae-44a23816c229,1707037354,42.927227,-73.86832,0,0.0,0
c912b976-f29c-4fd6-acdf-fc4068d3b66e,2024-02-04 15:01:14,4767286519011944,"fraud_Wintheiser, Dietrich and Schimmel",misc_pos,4.29,Elizabeth,Brady,F,Harrisberg,DE,9271,37.340386,-137.535062,768349,Mechanical engineer,1955-04-25,sim_6cbf63a1-3569-4450-9584-aa7c20048d05,1707058874,29.66831,-90.795964,0,0.0,0
c912b976-f29c-4fd6-acdf-fc4068d3b66e,2024-02-04 16:16:42,4767286519011944,fraud_Kunze Inc,grocery_pos,170.45,Elizabeth,Brady,F,Harrisberg,DE,9271,37.340386,-137.535062,768349,Mechanical engineer,1955-04-25,sim_5446121d-4932-490d-b9ff-9a12d139560c,1707063402,41.526731,-81.489807,0,0.0,0
c912b976-f29c-4fd6-acdf-fc4068d3b66e,2024-02-04 19:32:46,4767286519011944,fraud_Kiehn-Emmerich,grocery_pos,140.18,Elizabeth,Brady,F,Harrisberg,DE,9271,37.340386,-137.535062,768349,Mechanical engineer,1955-04-25,sim_965850fc-821d-49d1-9ce1-5865b1a1a645,1707075166,40.970145,-111.37253,0,0.0,0
c912b976-f29c-4fd6-acdf-fc4068d3b66e,2024-02-05 00:10:59,4767286519011944,fraud_Stark-Koss,home,28.38,Elizabeth,Brady,F,Harrisberg,DE,9271,37.340386,-137.535062,768349,Mechanical engineer,1955-04-25,sim_bffb7d38-4312-4f15-9b94-74fb5a0d10a6,1707091859,42.223951,-88.712756,0,0.0,0
c912b976-f29c-4fd6-acdf-fc4068d3b66e,2024-02-05 05:08:51,4767286519011944,fraud_Botsford and Sons,home,72.32,Elizabeth,Brady,F,Harrisberg,DE,9271,37.340386,-137.535062,768349,Mechanical engineer,1955-04-25,sim_75fec05c-e628-45e0-ad69-9ad9690f3fcd,1707109731,41.336799,-102.906842,0,0.0,0
c912b976-f29c-4fd6-acdf-fc4068d3b66e,2024-02-05 11:04:19,4767286519011944,fraud_Kozey-Kuhlman,personal_care,35.12,Elizabeth,Brady,F,Harrisberg,DE,9271,37.340386,-137.535062,768349,Mechanical engineer,1955-04-25,sim_9c37ff25-79e7-4a7f-9615-9004e5b57055,1707131059,40.344783,-101.035854,0,0.0,0
c912b976-f29c-4fd6-acdf-fc4068d3b66e,2024-02-05 15:25:00,4767286519011944,fraud_Rempel Inc,shopping_net,4.81,Elizabeth,Brady,F,Harrisberg,DE,9271,37.340386,-137.535062,768349,Mechanical engineer,1955-04-25,sim_95c89fff-2211-47e4-b4b1-eae04151460e,1707146700,40.508354,-86.893951,0,0.0,0
c912b976-f29c-4fd6-acdf-fc4068d3b66e,2024-02-05 20:59:57,4767286519011944,fraud_Keeling-Crist,misc_pos,3.07,Elizabeth,Brady,F,Harrisberg,DE,9271,37.340386,-137.535062,768349,Mechanical engineer,1955-04-25,sim_ee7f8f14-dc9a-4d06-8231-2efdf1b674ba,1707166797,33.093725,-89.305008,0,0.0,0
c912b976-f29c-4fd6-acdf-fc4068d3b66e,2024-02-05 22:24:30,4767286519011944,fraud_Towne LLC,misc_pos,1.92,Elizabeth,Brady,F,Harrisberg,DE,9271,37.340386,-137.535062,768349,Mechanical engineer,1955-04-25,sim_3073bed0-fe15-466e-9f6b-8df8c00ac960,1707171870,38.456038,-78.64540500000001,0,0.0,0
c912b976-f29c-4fd6-acdf-fc4068d3b66e,2024-02-06 03:14:11,4767286519011944,fraud_Adams-Barrows,health_fitness,104.92,Elizabeth,Brady,F,Harrisberg,DE,9271,37.340386,-137.535062,768349,Mechanical engineer,1955-04-25,sim_8e2beb78-00d7-4385-844b-49508f1c7ca3,1707189251,65.45402,-166.659277,0,0.0,0
c912b976-f29c-4fd6-acdf-fc4068d3b66e,2024-02-06 06:42:05,4767286519011944,fraud_Jakubowski Group,food_dining,69.23,Elizabeth,Brady,F,Harrisberg,DE,9271,37.340386,-137.535062,768349,Mechanical engineer,1955-04-25,sim_d73e4495-a319-4691-9b41-4d450b9f9bf6,1707201725,39.114367,-74.48486700000001,0,0.0,0
c912b976-f29c-4fd6-acdf-fc4068d3b66e,2024-02-06 08:58:58,4767286519011944,"fraud_Fadel, Mertz and Rippin",entertainment,3.71,Elizabeth,Brady,F,Harrisberg,DE,9271,37.340386,-137.535062,768349,Mechanical engineer,1955-04-25,sim_84d0b629-4805-4b95-a203-ab1f776f50c1,1707209938,41.647490000000005,-101.29143,0,0.0,0
c912b976-f29c-4fd6-acdf-fc4068d3b66e,2024-02-06 10:24:18,4767286519011944,fraud_Lubowitz-Walter,kids_pets,58.09,Elizabeth,Brady,F,Harrisberg,DE,9271,37.340386,-137.535062,768349,Mechanical engineer,1955-04-25,sim_59e1026f-4daf-4f19-ac98-523522f1eecf,1707215058,43.135903000000006,-94.944418,0,0.0,0
c912b976-f29c-4fd6-acdf-fc4068d3b66e,2024-02-06 12:46:16,4767286519011944,fraud_Doyle Ltd,grocery_pos,187.52,Elizabeth,Brady,F,Harrisberg,DE,9271,37.340386,-137.535062,768349,Mechanical engineer,1955-04-25,sim_2f688e9e-decf-4d7e-a054-6b390bfcf884,1707223576,33.026125,-84.354297,0,0.0,0
c912b976-f29c-4fd6-acdf-fc4068d3b66e,2024-02-06 15:48:06,4767286519011944,"fraud_Monahan, Hermann and Johns",travel,4.82,Elizabeth,Brady,F,Harrisberg,DE,9271,37.340386,-137.535062,768349,Mechanical engineer,1955-04-25,sim_ba5b8a04-bd21-4402-98ec-569ab8016cfd,1707234486,29.945222,-88.155851,0,0.0,0
c912b976-f29c-4fd6-acdf-fc4068d3b66e,2024-02-06 18:18:59,4767286519011944,fraud_Towne LLC,misc_pos,1.89,Elizabeth,Brady,F,Harrisberg,DE,9271,37.340386,-137.535062,768349,Mechanical engineer,1955-04-25,sim_76f5a669-1105-4b18-9252-09b3074798e9,1707243539,40.811895,-94.358144,0,0.0,0
c912b976-f29c-4fd6-acdf-fc4068d3b66e,2024-02-06 20:18:02,4767286519011944,"fraud_Schiller, Blanda and Johnson",home,14.27,Elizabeth,Brady,F,Harrisberg,DE,9271,37.340386,-137.535062,768349,Mechanical engineer,1955-04-25,sim_feab622e-5853-4fb2-b40e-8d3799868fd0,1707250682,27.03048,-79.85565,0,0.0,0
c912b976-f29c-4fd6-acdf-fc4068d3b66e,2024-02-07 00:28:42,4767286519011944,"fraud_Bahringer, Bergnaum and Quitzon",home,74.0,Elizabeth,Brady,F,Harrisberg,DE,9271,37.340386,-137.535062,768349,Mechanical engineer,1955-04-25,sim_d4695ea7-ccd1-4344-b206-f34806aed32c,1707265722,42.164958,-108.950508,0,0.0,0
c912b976-f29c-4fd6-acdf-fc4068d3b66e,2024-02-07 02:44:07,4767286519011944,fraud_Williamson LLC,misc_pos,32.52,Elizabeth,Brady,F,Harrisberg,DE,9271,37.340386,-137.535062,768349,Mechanical engineer,1955-04-25,sim_1862577e-80cc-461c-8d70-85fccb29db17,1707273847,27.691099,-81.776095,0,0.0,0
c912b976-f29c-4fd6-acdf-fc4068d3b66e,2024-02-07 03:00:08,4767286519011944,fraud_Hickle Group,shopping_pos,9.95,Elizabeth,Brady,F,Harrisberg,DE,9271,37.340386,-137.535062,768349,Mechanical engineer,1955-04-25,sim_57c13416-689d-4e56-a5ac-7ac5209a5d32,1707274808,37.273648,-76.705288,0,0.0,0
c912b976-f29c-4fd6-acdf-fc4068d3b66e,2024-02-07 07:20:06,4767286519011944,"fraud_Torp, Muller and Borer",health_fitness,68.22,Elizabeth,Brady,F,Harrisberg,DE,9271,37.340386,-137.535062,768349,Mechanical engineer,1955-04-25,sim_3b2bf05c-9f4b-4867-80cb-8accdc5d5e55,1707290406,31.957477,-94.1873,0,0.0,0
c912b976-f29c-4fd6-acdf-fc4068d3b66e,2024-02-07 08:40:20,4767286519011944,fraud_Bahringer-Streich,food_dining,12.49,Elizabeth,Brady,F,Harrisberg,DE,9271,37.340386,-137.535062,768349,Mechanical engineer,1955-04-25,sim_d1cc760b-8408-4c15-b1d5-4905b6c82a23,1707295220,34.497898,-90.847067,0,0.0,0
c912b976-f29c-4fd6-acdf-fc4068d3b66e,2024-02-07 11:07:38,4767286519011944,fraud_Durgan-Auer,misc_net,9.32,Elizabeth,Brady,F,Harrisberg,DE,9271,37.340386,-137.535062,768349,Mechanical engineer,1955-04-25,sim_67fc7761-5456-4732-a1f1-895be14238e4,1707304058,28.418436,-82.941175,0,0.0,0
c912b976-f29c-4fd6-acdf-fc4068d3b66e,2024-02-07 13:31:08,4767286519011944,fraud_Johns-Hoeger,entertainment,80.8,Elizabeth,Brady,F,Harrisberg,DE,9271,37.340386,-137.535062,768349,Mechanical engineer,1955-04-25,sim_2f9ffe91-3838-4707-b797-e5430412ecd7,1707312668,34.048561,-102.473188,0,0.0,0
c912b976-f29c-4fd6-acdf-fc4068d3b66e,2024-02-07 17:33:34,4767286519011944,fraud_Adams-Barrows,health_fitness,11.31,Elizabeth,Brady,F,Harrisberg,DE,9271,37.340386,-137.535062,768349,Mechanical engineer,1955-04-25,sim_04f5bf45-e216-4a31-9871-d9481a166561,1707327214,41.32005,-94.700325,0,0.0,0
c912b976-f29c-4fd6-acdf-fc4068d3b66e,2024-02-07 20:27:08,4767286519011944,"fraud_Rodriguez, Yost and Jenkins",misc_net,9.4,Elizabeth,Brady,F,Harrisberg,DE,9271,37.340386,-137.535062,768349,Mechanical engineer,1955-04-25,sim_62237a28-eed0-4808-bb93-87e9916cc713,1707337628,41.784022,-85.171534,0,0.0,0
c912b976-f29c-4fd6-acdf-fc4068d3b66e,2024-02-07 20:42:14,4767286519011944,"fraud_Kutch, Steuber and Gerhold",food_dining,3.08,Elizabeth,Brady,F,Harrisberg,DE,9271,37.340386,-137.535062,768349,Mechanical engineer,1955-04-25,sim_fc9d0606-03fc-48ef-914d-0a0473d2f23d,1707338534,48.803841,-118.947595,0,0.01,0
c912b976-f29c-4fd6-acdf-fc4068d3b66e,2024-02-07 21:45:11,4767286519011944,fraud_Bechtelar-Rippin,food_dining,1.16,Elizabeth,Brady,F,Harrisberg,DE,9271,37.340386,-137.535062,768349,Mechanical engineer,1955-04-25,sim_726c7ecc-6af7-4e63-9b7a-1fc130a93024,1707342311,33.645888,-91.197219,0,0.0,0
c912b976-f29c-4fd6-acdf-fc4068d3b66e,2024-02-08 01:07:29,4767286519011944,fraud_Mohr-Bayer,shopping_net,4.26,Elizabeth,Brady,F,Harrisberg,DE,9271,37.340386,-137.535062,768349,Mechanical engineer,1955-04-25,sim_0cd11bd3-d91b-4558-b171-67385b6d162b,1707354449,48.831413,-103.879761,0,0.0,0
c912b976-f29c-4fd6-acdf-fc4068d3b66e,2024-02-08 03:54:48,4767286519011944,"fraud_Feil, Hilpert and Koss",food_dining,100.88,Elizabeth,Brady,F,Harrisberg,DE,9271,37.340386,-137.535062,768349,Mechanical engineer,1955-04-25,sim_7d5b62f6-8483-4a7a-984b-02f1b9b45c0c,1707364488,42.175061,-87.212006,0,0.0,0
c912b976-f29c-4fd6-acdf-fc4068d3b66e,2024-02-08 05:24:10,4767286519011944,fraud_Torp-Labadie,gas_transport,87.09,Elizabeth,Brady,F,Harrisberg,DE,9271,37.340386,-137.535062,768349,Mechanical engineer,1955-04-25,sim_922d28ef-5a59-4778-8fd7-c4bc4b960a51,1707369850,33.040649,-85.876705,0,0.0,0
c912b976-f29c-4fd6-acdf-fc4068d3b66e,2024-02-08 06:07:26,4767286519011944,fraud_Emard Inc,gas_transport,50.22,Elizabeth,Brady,F,Harrisberg,DE,9271,37.340386,-137.535062,768349,Mechanical engineer,1955-04-25,sim_64fe987e-f663-4e6f-8376-d5f68a5e52c2,1707372446,41.896859,-73.23179,0,0.0,0
c912b976-f29c-4fd6-acdf-fc4068d3b66e,2024-02-08 10:17:31,4767286519011944,"fraud_Tillman, Fritsch and Schmitt",misc_net,166.5,Elizabeth,Brady,F,Harrisberg,DE,9271,37.340386,-137.535062,768349,Mechanical engineer,1955-04-25,sim_40cee8e5-51c2-497b-a697-1229d498dfd2,1707387451,40.440242,-81.14627,0,0.0,0
c912b976-f29c-4fd6-acdf-fc4068d3b66e,2024-02-08 15:14:45,4767286519011944,fraud_Harris Inc,gas_transport,55.9,Elizabeth,Brady,F,Harrisberg,DE,9271,37.340386,-137.535062,768349,Mechanical engineer,1955-04-25,sim_b7deab06-c530-4292-ba3f-edb0e452d1ac,1707405285,39.1249,-99.736354,0,0.0,0
c912b976-f29c-4fd6-acdf-fc4068d3b66e,2024-02-08 18:30:18,4767286519011944,fraud_Brekke and Sons,gas_transport,71.96,Elizabeth,Brady,F,Harrisberg,DE,9271,37.340386,-137.535062,768349,Mechanical engineer,1955-04-25,sim_d94ffecf-8a02-4cc5-a6a0-d523fa65bb4e,1707417018,43.323407,-70.262235,0,0.0,0
c912b976-f29c-4fd6-acdf-fc4068d3b66e,2024-02-08 21:52:57,4767286519011944,fraud_Watsica LLC,personal_care,55.51,Elizabeth,Brady,F,Harrisberg,DE,9271,37.340386,-137.535062,768349,Mechanical engineer,1955-04-25,sim_2d779b44-5198-4e14-8c95-155d7f4c5dd6,1707429177,37.864596,-89.379927,0,0.0,0
c912b976-f29c-4fd6-acdf-fc4068d3b66e,2024-02-08 23:24:08,4767286519011944,"fraud_Labadie, Treutel and Bode",shopping_net,2.94,Elizabeth,Brady,F,Harrisberg,DE,9271,37.340386,-137.535062,768349,Mechanical engineer,1955-04-25,sim_32b4536d-df0c-4425-887c-f7e18fa406bc,1707434648,38.463053,-114.042176,0,0.0,0
c912b976-f29c-4fd6-acdf-fc4068d3b66e,2024-02-09 01:45:39,4767286519011944,"fraud_Parisian, Schiller and Altenwerth",misc_net,7.59,Elizabeth,Brady,F,Harrisberg,DE,9271,37.340386,-137.535062,768349,Mechanical engineer,1955-04-25,sim_cb9c0882-abff-4667-bb61-3224375f88bc,1707443139,36.296466,-98.930097,0,0.0,0
c912b976-f29c-4fd6-acdf-fc4068d3b66e,2024-02-09 04:08:28,4767286519011944,fraud_Barrows PLC,shopping_pos,2.63,Elizabeth,Brady,F,Harrisberg,DE,9271,37.340386,-137.535062,768349,Mechanical engineer,1955-04-25,sim_1dc5dd02-91ad-432d-b5d7-559478574dc7,1707451708,34.228063,-112.668515,0,0.0,0
c912b976-f29c-4fd6-acdf-fc4068d3b66e,2024-02-09 08:07:39,4767286519011944,"fraud_Tillman, Dickinson and Labadie",gas_transport,44.83,Elizabeth,Brady,F,Harrisberg,DE,9271,37.340386,-137.535062,768349,Mechanical engineer,1955-04-25,sim_c55d82eb-35d8-4319-bdb0-fda2165f971c,1707466059,31.848175,-87.41091899999999,0,0.0,0
c912b976-f29c-4fd6-acdf-fc4068d3b66e,2024-02-09 10:37:40,4767286519011944,"fraud_Effertz, Welch and Schowalter",entertainment,9.07,Elizabeth,Brady,F,Harrisberg,DE,9271,37.340386,-137.535062,768349,Mechanical engineer,1955-04-25,sim_260fca2c-843d-4c46-9004-88c75a656931,1707475060,29.21036,-98.415372,0,0.0,0
c912b976-f29c-4fd6-acdf-fc4068d3b66e,2024-02-09 14:33:46,4767286519011944,fraud_Schiller Ltd,personal_care,3.58,Elizabeth,Brady,F,Harrisberg,DE,9271,37.340386,-137.535062,768349,Mechanical engineer,1955-04-25,sim_505b58c5-9a2f-48a4-b2eb-45f0e5c728d1,1707489226,31.708034,-87.728789,0,0.0,0
c912b976-f29c-4fd6-acdf-fc4068d3b66e,2024-02-09 16:50:23,4767286519011944,fraud_Spencer-Runolfsson,misc_pos,470.29,Elizabeth,Brady,F,Harrisberg,DE,9271,37.340386,-137.535062,768349,Mechanical engineer,1955-04-25,sim_506118b7-4fba-46d9-a7e1-5aec40ee11b0,1707497423,39.32081,-80.33246899999999,0,0.0,0
c912b976-f29c-4fd6-acdf-fc4068d3b66e,2024-02-09 20:14:00,4767286519011944,"fraud_Robel, Cummerata and Prosacco",gas_transport,71.51,Elizabeth,Brady,F,Harrisberg,DE,9271,37.340386,-137.535062,768349,Mechanical engineer,1955-04-25,sim_2ff7ecc4-86e6-44d2-89fa-a091e1c13520,1707509640,39.892644,-76.26592,0,0.0,0
c912b976-f29c-4fd6-acdf-fc4068d3b66e,2024-02-09 22:59:23,4767286519011944,fraud_Jaskolski-Dibbert,grocery_net,60.51,Elizabeth,Brady,F,Harrisberg,DE,9271,37.340386,-137.535062,768349,Mechanical engineer,1955-04-25,sim_414159a9-4187-45ef-98ba-955fba556e05,1707519563,40.515819,-91.858561,0,0.0,0
c912b976-f29c-4fd6-acdf-fc4068d3b66e,2024-02-10 03:17:11,4767286519011944,"fraud_Witting, Beer and Ernser",home,120.08,Elizabeth,Brady,F,Harrisberg,DE,9271,37.340386,-137.535062,768349,Mechanical engineer,1955-04-25,sim_2919aec5-4347-4062-b1a6-2f58a8c37f7b,1707535031,42.99817,-84.21288,0,0.0,0
c912b976-f29c-4fd6-acdf-fc4068d3b66e,2024-02-10 07:32:43,4767286519011944,fraud_Kihn Inc,shopping_pos,7.1,Elizabeth,Brady,F,Harrisberg,DE,9271,37.340386,-137.535062,768349,Mechanical engineer,1955-04-25,sim_965c75db-40f0-428a-b157-ad942ce2c1ea,1707550363,33.752523,-88.310852,0,0.0,0
c912b976-f29c-4fd6-acdf-fc4068d3b66e,2024-02-10 10:43:48,4767286519011944,"fraud_Greenholt, O'Hara and Balistreri",shopping_net,3.91,Elizabeth,Brady,F,Harrisberg,DE,9271,37.340386,-137.535062,768349,Mechanical engineer,1955-04-25,sim_bfcace07-a8c0-43fe-9321-b85f217fb209,1707561828,44.572917,-120.901927,0,0.0,0
c912b976-f29c-4fd6-acdf-fc4068d3b66e,2024-02-10 12:23:04,4767286519011944,fraud_Torphy-Kertzmann,health_fitness,61.14,Elizabeth,Brady,F,Harrisberg,DE,9271,37.340386,-137.535062,768349,Mechanical engineer,1955-04-25,sim_06ff7999-de92-43bb-b318-fdc21758791b,1707567784,30.416809000000004,-93.559347,0,0.0,0
c912b976-f29c-4fd6-acdf-fc4068d3b66e,2024-02-10 14:07:06,4767286519011944,"fraud_Parker, Nolan and Trantow",entertainment,121.8,Elizabeth,Brady,F,Harrisberg,DE,9271,37.340386,-137.535062,768349,Mechanical engineer,1955-04-25,sim_bbac9106-db17-4238-8c70-ddad06fc2692,1707574026,32.070902000000004,-94.565183,0,0.0,0
c912b976-f29c-4fd6-acdf-fc4068d3b66e,2024-02-10 16:10:09,4767286519011944,fraud_Bartoletti-Wunsch,gas_transport,80.08,Elizabeth,Brady,F,Harrisberg,DE,9271,37.340386,-137.535062,768349,Mechanical engineer,1955-04-25,sim_59a05089-b80d-41f3-8fa4-231b2efe523d,1707581409,32.501639000000004,-95.875563,0,0.0,0
c912b976-f29c-4fd6-acdf-fc4068d3b66e,2024-02-10 16:59:11,4767286519011944,fraud_Koss and Sons,gas_transport,55.08,Elizabeth,Brady,F,Harrisberg,DE,9271,37.340386,-137.535062,768349,Mechanical engineer,1955-04-25,sim_ae70661e-5382-4dd9-bc59-2355a1066c9f,1707584351,41.775275,-123.522032,0,0.0,0
c912b976-f29c-4fd6-acdf-fc4068d3b66e,2024-02-10 18:57:20,4767286519011944,fraud_Vandervort-Funk,grocery_pos,105.86,Elizabeth,Brady,F,Harrisberg,DE,9271,37.340386,-137.535062,768349,Mechanical engineer,1955-04-25,sim_c827d34a-cc08-4882-b042-870da19e58c0,1707591440,41.674503,-95.414155,0,0.0,0
c912b976-f29c-4fd6-acdf-fc4068d3b66e,2024-02-10 20:01:23,4767286519011944,fraud_Paucek-Wiza,grocery_net,22.27,Elizabeth,Brady,F,Harrisberg,DE,9271,37.340386,-137.535062,768349,Mechanical engineer,1955-04-25,sim_21855c90-2505-4cc2-b55a-1d80b7c30344,1707595283,31.335428000000004,-96.34382,0,0.0,0
c912b976-f29c-4fd6-acdf-fc4068d3b66e,2024-02-10 21:00:13,4767286519011944,fraud_Jakubowski Group,food_dining,6.01,Elizabeth,Brady,F,Harrisberg,DE,9271,37.340386,-137.535062,768349,Mechanical engineer,1955-04-25,sim_cb95bda1-4aba-4b49-98c2-b384db268cf4,1707598813,43.298714,-70.168726,0,0.0,0
c912b976-f29c-4fd6-acdf-fc4068d3b66e,2024-02-10 23:19:35,4767286519011944,fraud_Little Ltd,kids_pets,10.88,Elizabeth,Brady,F,Harrisberg,DE,9271,37.340386,-137.535062,768349,Mechanical engineer,1955-04-25,sim_e4c6c2c4-4fab-4bf7-89ca-262b693eeae3,1707607175,39.898133,-95.708002,0,0.0,0
c912b976-f29c-4fd6-acdf-fc4068d3b66e,2024-02-11 04:56:42,4767286519011944,"fraud_Konopelski, Schneider and Hartmann",food_dining,11.13,Elizabeth,Brady,F,Harrisberg,DE,9271,37.340386,-137.535062,768349,Mechanical engineer,1955-04-25,sim_028b470b-29fe-47e6-af2c-29a8d2f9fb87,1707627402,29.805893,-97.901471,0,0.0,0
c912b976-f29c-4fd6-acdf-fc4068d3b66e,2024-02-11 09:02:31,4767286519011944,fraud_Gottlieb Group,kids_pets,55.9,Elizabeth,Brady,F,Harrisberg,DE,9271,37.340386,-137.535062,768349,Mechanical engineer,1955-04-25,sim_3c8087cb-1347-400f-9da4-d6d2a60610e7,1707642151,45.865462,-89.979771,0,0.0,0
c912b976-f29c-4fd6-acdf-fc4068d3b66e,2024-02-11 13:28:22,4767286519011944,fraud_Collier LLC,home,71.0,Elizabeth,Brady,F,Harrisberg,DE,9271,37.340386,-137.535062,768349,Mechanical engineer,1955-04-25,sim_40668a12-ae8b-40d7-9023-3db8a5c868f9,1707658102,39.811975,-86.271431,0,0.0,0
c912b976-f29c-4fd6-acdf-fc4068d3b66e,2024-02-11 18:06:51,4767286519011944,fraud_Kuhic Inc,grocery_pos,147.6,Elizabeth,Brady,F,Harrisberg,DE,9271,37.340386,-137.535062,768349,Mechanical engineer,1955-04-25,sim_05af2507-0c10-42b8-8957-68a5900a7d8b,1707674811,39.794832,-94.755581,0,0.0,0
c912b976-f29c-4fd6-acdf-fc4068d3b66e,2024-02-11 22:43:16,4767286519011944,fraud_Hermann and Sons,shopping_pos,6.48,Elizabeth,Brady,F,Harrisberg,DE,9271,37.340386,-137.535062,768349,Mechanical engineer,1955-04-25,sim_e26e3126-3699-4b14-880a-ef8779a696c9,1707691396,38.30919,-79.394515,0,0.0,0
c912b976-f29c-4fd6-acdf-fc4068d3b66e,2024-02-12 02:32:38,4767286519011944,"fraud_O'Reilly, Mohr and Purdy",home,59.35,Elizabeth,Brady,F,Harrisberg,DE,9271,37.340386,-137.535062,768349,Mechanical engineer,1955-04-25,sim_fce13f69-efae-430a-a734-e9cfd9bcfb15,1707705158,31.797723,-97.302873,0,0.0,0
c912b976-f29c-4fd6-acdf-fc4068d3b66e,2024-02-12 08:18:24,4767286519011944,fraud_Nienow PLC,entertainment,11.84,Elizabeth,Brady,F,Harrisberg,DE,9271,37.340386,-137.535062,768349,Mechanical engineer,1955-04-25,sim_0dc63c3f-9a67-4eb3-817c-07a7e1af1adb,1707725904,41.91718,-83.862597,0,0.0,0
c912b976-f29c-4fd6-acdf-fc4068d3b66e,2024-02-12 12:49:10,4767286519011944,fraud_Rodriguez Group,gas_transport,73.78,Elizabeth,Brady,F,Harrisberg,DE,9271,37.340386,-137.535062,768349,Mechanical engineer,1955-04-25,sim_b3ca47af-5385-4b4f-885a-92bc7e8866c1,1707742150,40.615656,-71.800394,0,0.0,0
c912b976-f29c-4fd6-acdf-fc4068d3b66e,2024-02-12 17:29:25,4767286519011944,fraud_Baumbach Ltd,personal_care,1.07,Elizabeth,Brady,F,Harrisberg,DE,9271,37.340386,-137.535062,768349,Mechanical engineer,1955-04-25,sim_a710a714-95fa-4a3a-812e-269de837624e,1707758965,41.879153,-82.298007,0,0.0,0
c912b976-f29c-4fd6-acdf-fc4068d3b66e,2024-02-12 21:23:40,4767286519011944,"fraud_Bernhard, Grant and Langworth",shopping_pos,19.78,Elizabeth,Brady,F,Harrisberg,DE,9271,37.340386,-137.535062,768349,Mechanical engineer,1955-04-25,sim_236cabcd-2dc3-475f-96ab-e3faa60ff4b7,1707773020,34.391081,-96.906976,0,0.0,0
c912b976-f29c-4fd6-acdf-fc4068d3b66e,2024-02-12 21:59:15,4767286519011944,"fraud_Baumbach, Hodkiewicz and Walsh",shopping_pos,49.82,Elizabeth,Brady,F,Harrisberg,DE,9271,37.340386,-137.535062,768349,Mechanical engineer,1955-04-25,sim_0a008de5-94ed-4acb-87f2-da3ee7b0170d,1707775155,39.678654,-75.136103,0,0.0,0
c912b976-f29c-4fd6-acdf-fc4068d3b66e,2024-02-13 01:06:16,4767286519011944,fraud_Simonis-Prohaska,misc_pos,39.99,Elizabeth,Brady,F,Harrisberg,DE,9271,37.340386,-137.535062,768349,Mechanical engineer,1955-04-25,sim_bd4137a2-a53e-43a3-8fcb-5cf9d6bfc7fb,1707786376,42.648274,-102.200993,0,0.0,0
c912b976-f29c-4fd6-acdf-fc4068d3b66e,2024-02-13 01:45:49,4767286519011944,fraud_Thiel Ltd,travel,2.14,Elizabeth,Brady,F,Harrisberg,DE,9271,37.340386,-137.535062,768349,Mechanical engineer,1955-04-25,sim_5f86718f-395d-45a6-8d72-05cd36fc0e37,1707788749,28.15033,-79.679434,0,0.0,0
c912b976-f29c-4fd6-acdf-fc4068d3b66e,2024-02-13 02:44:37,4767286519011944,fraud_Medhurst Inc,home,106.83,Elizabeth,Brady,F,Harrisberg,DE,9271,37.340386,-137.535062,768349,Mechanical engineer,1955-04-25,sim_83ff1fc6-99ce-42b1-b0f2-3af7c7215139,1707792277,39.012976,-81.939436,0,0.0,0
c912b976-f29c-4fd6-acdf-fc4068d3b66e,2024-02-13 06:17:16,4767286519011944,"fraud_Schultz, Simonis and Little",grocery_pos,100.05,Elizabeth,Brady,F,Harrisberg,DE,9271,37.340386,-137.535062,768349,Mechanical engineer,1955-04-25,sim_aacc1424-66e0-4da1-8d97-6d15d878c13d,1707805036,39.952871,-92.858755,0,0.0,0
c912b976-f29c-4fd6-acdf-fc4068d3b66e,2024-02-13 11:16:30,4767286519011944,"fraud_Yost, Schamberger and Windler",kids_pets,8.82,Elizabeth,Brady,F,Harrisberg,DE,9271,37.340386,-137.535062,768349,Mechanical engineer,1955-04-25,sim_57a41a8f-26d8-4d06-a14d-308a62cae15c,1707822990,41.997727000000005,-78.39156700000001,0,0.0,0
c912b976-f29c-4fd6-acdf-fc4068d3b66e,2024-02-13 11:34:21,4767286519011944,fraud_Kuhn LLC,shopping_pos,156.51,Elizabeth,Brady,F,Harrisberg,DE,9271,37.340386,-137.535062,768349,Mechanical engineer,1955-04-25,sim_3bfbc8eb-5ded-40b8-9c90-de733570a836,1707824061,43.794882,-82.634641,0,0.0,0
c912b976-f29c-4fd6-acdf-fc4068d3b66e,2024-02-13 12:55:43,4767286519011944,fraud_Kuphal-Toy,food_dining,39.6,Elizabeth,Brady,F,Harrisberg,DE,9271,37.340386,-137.535062,768349,Mechanical engineer,1955-04-25,sim_f245cbab-4ec1-4529-bca2-a20c7b20c2ff,1707828943,39.360382,-93.905695,0,0.0,0
c912b976-f29c-4fd6-acdf-fc4068d3b66e,2024-02-13 16:57:59,4767286519011944,"fraud_Schoen, Kuphal and Nitzsche",grocery_pos,58.74,Elizabeth,Brady,F,Harrisberg,DE,9271,37.340386,-137.535062,768349,Mechanical engineer,1955-04-25,sim_de049fd0-24f5-4995-8af7-a01f0029a7ae,1707843479,34.213077,-111.763863,0,0.0,0
c912b976-f29c-4fd6-acdf-fc4068d3b66e,2024-02-13 18:22:39,4767286519011944,"fraud_Towne, Greenholt and Koepp",shopping_net,4.93,Elizabeth,Brady,F,Harrisberg,DE,9271,37.340386,-137.535062,768349,Mechanical engineer,1955-04-25,sim_8e9520d5-bd30-4c69-b843-286e8dd86e30,1707848559,34.187124,-111.746674,0,0.0,0
c912b976-f29c-4fd6-acdf-fc4068d3b66e,2024-02-13 19:22:30,4767286519011944,"fraud_Olson, Becker and Koch",gas_transport,70.02,Elizabeth,Brady,F,Harrisberg,DE,9271,37.340386,-137.535062,768349,Mechanical engineer,1955-04-25,sim_ed00a2e8-d1f4-47b9-bc4f-ebc93f4f29fd,1707852150,29.046752,-81.712037,0,0.0,0
c912b976-f29c-4fd6-acdf-fc4068d3b66e,2024-02-13 20:45:13,4767286519011944,fraud_Block-Hauck,travel,3.59,Elizabeth,Brady,F,Harrisberg,DE,9271,37.340386,-137.535062,768349,Mechanical engineer,1955-04-25,sim_65b02c9e-90c3-48a4-9990-3dee56e43c0a,1707857113,44.077174,-69.643789,0,0.0,0
c912b976-f29c-4fd6-acdf-fc4068d3b66e,2024-02-14 01:07:18,4767286519011944,fraud_Eichmann-Kilback,home,7.97,Elizabeth,Brady,F,Harrisberg,DE,9271,37.340386,-137.535062,768349,Mechanical engineer,1955-04-25,sim_78c289f1-5c54-456f-a4db-3137f425a19c,1707872838,35.856809000000005,-84.02548399999999,0,0.0,0
c912b976-f29c-4fd6-acdf-fc4068d3b66e,2024-02-14 03:45:27,4767286519011944,fraud_Ernser-Feest,home,15.92,Elizabeth,Brady,F,Harrisberg,DE,9271,37.340386,-137.535062,768349,Mechanical engineer,1955-04-25,sim_c8ab32c4-93d8-43c3-a557-040549b08e0d,1707882327,34.695467,-100.971479,0,0.0,0
c912b976-f29c-4fd6-acdf-fc4068d3b66e,2024-02-14 05:33:18,4767286519011944,fraud_Medhurst Inc,home,75.87,Elizabeth,Brady,F,Harrisberg,DE,9271,37.340386,-137.535062,768349,Mechanical engineer,1955-04-25,sim_11626cf8-8427-4940-802e-5dc47c04155b,1707888798,48.382691,-92.109709,0,0.0,0
c912b976-f29c-4fd6-acdf-fc4068d3b66e,2024-02-14 10:08:26,4767286519011944,"fraud_Roberts, Ryan and Smith",personal_care,134.04,Elizabeth,Brady,F,Harrisberg,DE,9271,37.340386,-137.535062,768349,Mechanical engineer,1955-04-25,sim_5547f7b4-0ae1-45af-bb30-695549708cd1,1707905306,36.275544,-81.183474,0,0.0,0
c912b976-f29c-4fd6-acdf-fc4068d3b66e,2024-02-14 12:39:51,4767286519011944,"fraud_Goyette, Howell and Collier",shopping_pos,9.05,Elizabeth,Brady,F,Harrisberg,DE,9271,37.340386,-137.535062,768349,Mechanical engineer,1955-04-25,sim_f4e58afa-559d-44ab-9e7d-d8c96fe3e4e9,1707914391,44.43164,-94.815696,0,0.0,0
c912b976-f29c-4fd6-acdf-fc4068d3b66e,2024-02-14 16:23:37,4767286519011944,fraud_McDermott-Weimann,grocery_pos,57.02,Elizabeth,Brady,F,Harrisberg,DE,9271,37.340386,-137.535062,768349,Mechanical engineer,1955-04-25,sim_130b1829-22ef-471f-81ef-6d8468e33fc8,1707927817,37.00115,-121.848645,0,0.0,0
c912b976-f29c-4fd6-acdf-fc4068d3b66e,2024-02-14 17:01:24,4767286519011944,fraud_Schuppe-Schuppe,food_dining,10.25,Elizabeth,Brady,F,Harrisberg,DE,9271,37.340386,-137.535062,768349,Mechanical engineer,1955-04-25,sim_a3027271-a24c-4bfa-b2e3-a4f38f386c43,1707930084,31.621636,-81.101718,0,0.0,0
c912b976-f29c-4fd6-acdf-fc4068d3b66e,2024-02-14 22:28:07,4767286519011944,fraud_Murray-Smitham,grocery_pos,137.78,Elizabeth,Brady,F,Harrisberg,DE,9271,37.340386,-137.535062,768349,Mechanical engineer,1955-04-25,sim_80021648-4a94-4b86-88d9-f5ed104dfb4d,1707949687,39.422416,-79.575981,0,0.0,0
c912b976-f29c-4fd6-acdf-fc4068d3b66e,2024-02-15 02:50:11,4767286519011944,fraud_Kihn Inc,shopping_pos,412.1,Elizabeth,Brady,F,Harrisberg,DE,9271,37.340386,-137.535062,768349,Mechanical engineer,1955-04-25,sim_af2e4c28-098a-4416-b9c1-1c20a2552837,1707965411,43.942111,-86.073348,0,0.0,0
c912b976-f29c-4fd6-acdf-fc4068d3b66e,2024-02-15 07:46:50,4767286519011944,"fraud_Rippin, Kub and Mann",misc_net,137.83,Elizabeth,Brady,F,Harrisberg,DE,9271,37.340386,-137.535062,768349,Mechanical engineer,1955-04-25,sim_b9f506f2-1709-4925-8042-99aa94a01e1f,1707983210,39.513906,-89.895797,0,0.0,0
c912b976-f29c-4fd6-acdf-fc4068d3b66e,2024-02-15 08:35:39,4767286519011944,"fraud_Metz, Russel and Metz",kids_pets,88.09,Elizabeth,Brady,F,Harrisberg,DE,9271,37.340386,-137.535062,768349,Mechanical engineer,1955-04-25,sim_2154c0f5-0ce5-4cfa-bd8c-c6c54ed221a1,1707986139,35.455238,-91.680665,0,0.0,0
c912b976-f29c-4fd6-acdf-fc4068d3b66e,2024-02-15 12:42:06,4767286519011944,"fraud_Kutch, Hermiston and Farrell",gas_transport,52.41,Elizabeth,Brady,F,Harrisberg,DE,9271,37.340386,-137.535062,768349,Mechanical engineer,1955-04-25,sim_72d7fd6c-374c-49f7-b5db-8f2fcef0bb93,1708000926,33.896566,-89.262023,0,0.0,0
c912b976-f29c-4fd6-acdf-fc4068d3b66e,2024-02-15 18:40:29,4767286519011944,fraud_Ankunding-Carroll,travel,1.79,Elizabeth,Brady,F,Harrisberg,DE,9271,37.340386,-137.535062,768349,Mechanical engineer,1955-04-25,sim_22c0978a-f0e1-4452-8c62-8e8cf981e214,1708022429,39.572796,-82.35030400000001,0,0.0,0
c912b976-f29c-4fd6-acdf-fc4068d3b66e,2024-02-15 20:01:22,4767286519011944,fraud_Ernser-Lynch,food_dining,8.94,Elizabeth,Brady,F,Harrisberg,DE,9271,37.340386,-137.535062,768349,Mechanical engineer,1955-04-25,sim_5e0db758-23bc-4268-90c5-ffb9dbda804e,1708027282,39.766928,-82.895415,0,0.0,0
c912b976-f29c-4fd6-acdf-fc4068d3b66e,2024-02-15 21:19:21,4767286519011944,fraud_Hintz-Bruen,grocery_net,33.7,Elizabeth,Brady,F,Harrisberg,DE,9271,37.340386,-137.535062,768349,Mechanical engineer,1955-04-25,sim_6ad5f254-6b17-4414-8365-fcc8a804e059,1708031961,38.159987,-84.63929399999999,0,0.0,0
c912b976-f29c-4fd6-acdf-fc4068d3b66e,2024-02-15 21:42:21,4767286519011944,"fraud_Raynor, Reinger and Hagenes",gas_transport,49.0,Elizabeth,Brady,F,Harrisberg,DE,9271,37.340386,-137.535062,768349,Mechanical engineer,1955-04-25,sim_3ccaab95-2fbc-42a7-bfe8-5ca5168fd067,1708033341,39.274677,-75.179273,0,0.0,0
c912b976-f29c-4fd6-acdf-fc4068d3b66e,2024-02-15 23:47:36,4767286519011944,fraud_Waelchi-Wolf,kids_pets,1.73,Elizabeth,Brady,F,Harrisberg,DE,9271,37.340386,-137.535062,768349,Mechanical engineer,1955-04-25,sim_c35e096b-d4fa-43b0-b76f-e59817539ecf,1708040856,40.541881,-82.167165,0,0.0,0
c912b976-f29c-4fd6-acdf-fc4068d3b66e,2024-02-16 04:12:08,4767286519011944,"fraud_Roob, Conn and Tremblay",shopping_pos,2.84,Elizabeth,Brady,F,Harrisberg,DE,9271,37.340386,-137.535062,768349,Mechanical engineer,1955-04-25,sim_5b52f417-9723-406f-aed7-226772f55f7b,1708056728,35.842099,-82.711832,0,0.0,0
c912b976-f29c-4fd6-acdf-fc4068d3b66e,2024-02-16 07:19:56,4767286519011944,fraud_Miller-Harris,misc_net,14.56,Elizabeth,Brady,F,Harrisberg,DE,9271,37.340386,-137.535062,768349,Mechanical engineer,1955-04-25,sim_fe401539-1c80-4326-85bb-c3396ca74094,1708067996,25.76407,-79.276524,0,0.0,0
c912b976-f29c-4fd6-acdf-fc4068d3b66e,2024-02-16 08:53:28,4767286519011944,fraud_Durgan-Auer,misc_net,2.84,Elizabeth,Brady,F,Harrisberg,DE,9271,37.340386,-137.535062,768349,Mechanical engineer,1955-04-25,sim_6c01064d-7404-4632-b7e0-9ed2e5338854,1708073608,40.323498,-82.73606,0,0.0,0
c912b976-f29c-4fd6-acdf-fc4068d3b66e,2024-02-16 14:15:18,4767286519011944,fraud_Johns-Hoeger,entertainment,24.61,Elizabeth,Brady,F,Harrisberg,DE,9271,37.340386,-137.535062,768349,Mechanical engineer,1955-04-25,sim_9e01e5f6-7f3f-4876-8d21-f1fcac659046,1708092918,35.53154,-92.116698,0,0.0,0
c912b976-f29c-4fd6-acdf-fc4068d3b66e,2024-02-16 16:15:21,4767286519011944,fraud_Wilkinson Ltd,entertainment,101.96,Elizabeth,Brady,F,Harrisberg,DE,9271,37.340386,-137.535062,768349,Mechanical engineer,1955-04-25,sim_5468f38f-3e88-430d-a8a5-92127adae2b7,1708100121,40.621643,-80.22088000000001,0,0.0,0
c912b976-f29c-4fd6-acdf-fc4068d3b66e,2024-02-16 16:33:11,4767286519011944,"fraud_Bernhard, Grant and Langworth",shopping_pos,816.62,Elizabeth,Brady,F,Harrisberg,DE,9271,37.340386,-137.535062,768349,Mechanical engineer,1955-04-25,sim_6d92e6f2-1e98-4b9f-812b-bcf769afad46,1708101191,39.280142,-88.467237,1,0.85,1
c912b976-f29c-4fd6-acdf-fc4068d3b66e,2024-02-16 19:12:23,4767286519011944,fraud_Botsford and Sons,home,2.01,Elizabeth,Brady,F,Harrisberg,DE,9271,37.340386,-137.535062,768349,Mechanical engineer,1955-04-25,sim_612776c6-d353-4dca-8caf-91dcbe8ffd7f,1708110743,38.643082,-91.841771,0,0.0,0
c912b976-f29c-4fd6-acdf-fc4068d3b66e,2024-02-16 19:39:28,4767286519011944,fraud_Schmitt Ltd,misc_net,72.2,Elizabeth,Brady,F,Harrisberg,DE,9271,37.340386,-137.535062,768349,Mechanical engineer,1955-04-25,sim_dba3304c-656d-4612-b601-118bbd5dc897,1708112368,33.564748,-118.239438,0,0.0,0
c912b976-f29c-4fd6-acdf-fc4068d3b66e,2024-02-16 19:50:04,4767286519011944,fraud_Daugherty-Thompson,food_dining,40.49,Elizabeth,Brady,F,Harrisberg,DE,9271,37.340386,-137.535062,768349,Mechanical engineer,1955-04-25,sim_e449426e-9671-4a42-a10f-6245a9313f98,1708113004,37.87838,-118.829193,0,0.0,0
c912b976-f29c-4fd6-acdf-fc4068d3b66e,2024-02-16 21:09:50,4767286519011944,"fraud_Koss, Hansen and Lueilwitz",home,72.34,Elizabeth,Brady,F,Harrisberg,DE,9271,37.340386,-137.535062,768349,Mechanical engineer,1955-04-25,sim_6bceb0c3-8713-4eed-a49d-716a67cee9a4,1708117790,40.015568,-85.310073,0,0.0,0
c912b976-f29c-4fd6-acdf-fc4068d3b66e,2024-02-16 22:32:56,4767286519011944,"fraud_Ledner, Hartmann and Feest",health_fitness,38.57,Elizabeth,Brady,F,Harrisberg,DE,9271,37.340386,-137.535062,768349,Mechanical engineer,1955-04-25,sim_67d2a1b6-bccc-4a25-8de3-8898fe15df0b,1708122776,42.289917,-82.073268,0,0.0,0
c912b976-f29c-4fd6-acdf-fc4068d3b66e,2024-02-17 00:58:39,4767286519011944,fraud_Pacocha-O'Reilly,grocery_pos,115.16,Elizabeth,Brady,F,Harrisberg,DE,9271,37.340386,-137.535062,768349,Mechanical engineer,1955-04-25,sim_0f9e2725-0389-4de4-9fb3-9fd573836240,1708131519,41.520797,-106.376995,0,0.0,0
c912b976-f29c-4fd6-acdf-fc4068d3b66e,2024-02-17 01:44:05,4767286519011944,fraud_Wilkinson Ltd,entertainment,44.9,Elizabeth,Brady,F,Harrisberg,DE,9271,37.340386,-137.535062,768349,Mechanical engineer,1955-04-25,sim_34d393c1-20a9-4ca0-9cf5-f8743f690477,1708134245,40.800671,-73.912037,0,0.0,0
c912b976-f29c-4fd6-acdf-fc4068d3b66e,2024-02-17 06:52:34,4767286519011944,fraud_Collier Inc,grocery_net,52.27,Elizabeth,Brady,F,Harrisberg,DE,9271,37.340386,-137.535062,768349,Mechanical engineer,1955-04-25,sim_c6e9d2e7-3234-4a24-aaec-8212e1ae6b58,1708152754,40.450613,-93.841641,0,0.0,0
c912b976-f29c-4fd6-acdf-fc4068d3b66e,2024-02-17 07:58:06,4767286519011944,"fraud_Douglas, DuBuque and McKenzie",travel,9.07,Elizabeth,Brady,F,Harrisberg,DE,9271,37.340386,-137.535062,768349,Mechanical engineer,1955-04-25,sim_f30214fc-1499-481d-bea8-63fd105bc892,1708156686,42.293804,-71.8936,0,0.0,0
c912b976-f29c-4fd6-acdf-fc4068d3b66e,2024-02-17 12:21:29,4767286519011944,fraud_Homenick LLC,personal_care,16.05,Elizabeth,Brady,F,Harrisberg,DE,9271,37.340386,-137.535062,768349,Mechanical engineer,1955-04-25,sim_0c9c3661-8f0d-4d3d-bb0c-23e0c1669601,1708172489,35.097192,-79.791149,0,0.0,0
c912b976-f29c-4fd6-acdf-fc4068d3b66e,2024-02-17 14:34:44,4767286519011944,fraud_Mosciski Group,travel,8.62,Elizabeth,Brady,F,Harrisberg,DE,9271,37.340386,-137.535062,768349,Mechanical engineer,1955-04-25,sim_d5304259-0d2d-4793-bde3-2e34cf0de821,1708180484,41.006134,-91.193468,0,0.0,0
c912b976-f29c-4fd6-acdf-fc4068d3b66e,2024-02-17 15:12:05,4767286519011944,fraud_Marks Inc,gas_transport,58.76,Elizabeth,Brady,F,Harrisberg,DE,9271,37.340386,-137.535062,768349,Mechanical engineer,1955-04-25,sim_fbf01b99-2b6a-4add-ab1a-2675d61df0f8,1708182725,41.674122,-72.438227,0,0.0,0
c912b976-f29c-4fd6-acdf-fc4068d3b66e,2024-02-17 17:37:51,4767286519011944,fraud_Kutch LLC,gas_transport,53.33,Elizabeth,Brady,F,Harrisberg,DE,9271,37.340386,-137.535062,768349,Mechanical engineer,1955-04-25,sim_329515d9-cda5-428d-a5e8-1a4040bd3fa6,1708191471,43.880341,-110.800874,0,0.0,0
c912b976-f29c-4fd6-acdf-fc4068d3b66e,2024-02-17 21:37:37,4767286519011944,fraud_Baumbach Ltd,personal_care,34.67,Elizabeth,Brady,F,Harrisberg,DE,9271,37.340386,-137.535062,768349,Mechanical engineer,1955-04-25,sim_fc4ba323-f215-45d0-8ea6-ac06f2c45c8e,1708205857,33.402469,-98.373608,0,0.0,0
c912b976-f29c-4fd6-acdf-fc4068d3b66e,2024-02-18 00:45:29,4767286519011944,fraud_Kuvalis Ltd,gas_transport,58.03,Elizabeth,Brady,F,Harrisberg,DE,9271,37.340386,-137.535062,768349,Mechanical engineer,1955-04-25,sim_ee955cb7-399b-4674-bc3f-b62a887afdbb,1708217129,43.529145,-68.661424,0,0.0,0
c912b976-f29c-4fd6-acdf-fc4068d3b66e,2024-02-18 01:59:41,4767286519011944,fraud_Hirthe-Beier,health_fitness,13.51,Elizabeth,Brady,F,Harrisberg,DE,9271,37.340386,-137.535062,768349,Mechanical engineer,1955-04-25,sim_793a1f7a-4688-40e1-b280-85d6acb3287f,1708221581,29.888465000000004,-87.009086,0,0.0,0
c912b976-f29c-4fd6-acdf-fc4068d3b66e,2024-02-18 04:57:10,4767286519011944,"fraud_Hettinger, McCullough and Fay",home,230.75,Elizabeth,Brady,F,Harrisberg,DE,9271,37.340386,-137.535062,768349,Mechanical engineer,1955-04-25,sim_326eb11e-5972-44d4-adc1-6adaedd76483,1708232230,31.169193,-84.69505699999999,0,0.0,0
c912b976-f29c-4fd6-acdf-fc4068d3b66e,2024-02-18 09:34:16,4767286519011944,fraud_Murray Ltd,grocery_net,38.31,Elizabeth,Brady,F,Harrisberg,DE,9271,37.340386,-137.535062,768349,Mechanical engineer,1955-04-25,sim_b4ffd5ac-de7b-4136-adfa-c614ff56f4d5,1708248856,28.248834,-82.36559,0,0.0,0
c912b976-f29c-4fd6-acdf-fc4068d3b66e,2024-02-18 09:35:39,4767286519011944,fraud_Medhurst Inc,home,76.88,Elizabeth,Brady,F,Harrisberg,DE,9271,37.340386,-137.535062,768349,Mechanical engineer,1955-04-25,sim_fe715ce2-fc1e-4ac4-8829-449e690abfb6,1708248939,34.339281,-98.098837,0,0.0,0
c912b976-f29c-4fd6-acdf-fc4068d3b66e,2024-02-18 15:34:35,4767286519011944,fraud_Bradtke PLC,grocery_pos,133.6,Elizabeth,Brady,F,Harrisberg,DE,9271,37.340386,-137.535062,768349,Mechanical engineer,1955-04-25,sim_4e0bbed0-0e5b-47bd-8c71-0bd9e1dc040e,1708270475,45.962986,-98.705172,0,0.0,0
c912b976-f29c-4fd6-acdf-fc4068d3b66e,2024-02-18 18:06:21,4767286519011944,fraud_Kihn Inc,shopping_pos,8.04,Elizabeth,Brady,F,Harrisberg,DE,9271,37.340386,-137.535062,768349,Mechanical engineer,1955-04-25,sim_a3aeda69-fef3-4d00-a4c6-2312655ca289,1708279581,38.503064,-80.977141,0,0.0,0
c912b976-f29c-4fd6-acdf-fc4068d3b66e,2024-02-18 22:32:56,4767286519011944,fraud_Kunze Inc,grocery_pos,206.94,Elizabeth,Brady,F,Harrisberg,DE,9271,37.340386,-137.535062,768349,Mechanical engineer,1955-04-25,sim_89964cca-bca8-420d-b830-72a4171efc4e,1708295576,41.401316,-71.748069,0,0.0,0
c912b976-f29c-4fd6-acdf-fc4068d3b66e,2024-02-18 23:02:56,4767286519011944,fraud_Vandervort-Funk,grocery_pos,155.43,Elizabeth,Brady,F,Harrisberg,DE,9271,37.340386,-137.535062,768349,Mechanical engineer,1955-04-25,sim_f62316ee-ba7c-4bc5-8d11-4eae4c99c02a,1708297376,40.336097,-75.230143,0,0.0,0
c912b976-f29c-4fd6-acdf-fc4068d3b66e,2024-02-19 02:05:10,4767286519011944,fraud_Schuppe LLC,entertainment,101.19,Elizabeth,Brady,F,Harrisberg,DE,9271,37.340386,-137.535062,768349,Mechanical engineer,1955-04-25,sim_8f81b7af-b1c4-4c8c-bf46-f07a9c3dc74e,1708308310,31.896339,-98.334365,0,0.0,0
c912b976-f29c-4fd6-acdf-fc4068d3b66e,2024-02-19 03:38:43,4767286519011944,fraud_Jakubowski Group,food_dining,74.06,Elizabeth,Brady,F,Harrisberg,DE,9271,37.340386,-137.535062,768349,Mechanical engineer,1955-04-25,sim_f7832675-242d-40fd-a01d-f932acce53cf,1708313923,34.89702,-77.347549,0,0.0,0
c912b976-f29c-4fd6-acdf-fc4068d3b66e,2024-02-19 09:14:06,4767286519011944,fraud_Rempel Inc,shopping_net,8.64,Elizabeth,Brady,F,Harrisberg,DE,9271,37.340386,-137.535062,768349,Mechanical engineer,1955-04-25,sim_48868a0d-2159-405b-ac0a-5240a9ce7e20,1708334046,36.28462,-86.51823,0,0.0,0
c912b976-f29c-4fd6-acdf-fc4068d3b66e,2024-02-19 10:28:30,4767286519011944,fraud_Pfeffer LLC,grocery_net,28.44,Elizabeth,Brady,F,Harrisberg,DE,9271,37.340386,-137.535062,768349,Mechanical engineer,1955-04-25,sim_2abce205-884c-4f0d-9ca1-d9b3a6d79bfc,1708338510,44.899152,-123.660382,0,0.0,0
c912b976-f29c-4fd6-acdf-fc4068d3b66e,2024-02-19 12:02:20,4767286519011944,fraud_Stamm-Rodriguez,misc_pos,54.85,Elizabeth,Brady,F,Harrisberg,DE,9271,37.340386,-137.535062,768349,Mechanical engineer,1955-04-25,sim_48d9d1bb-ffe6-47d8-b996-5d907c830739,1708344140,42.209173,-76.14423599999999,0,0.0,0
c912b976-f29c-4fd6-acdf-fc4068d3b66e,2024-02-19 17:06:52,4767286519011944,fraud_Schmitt Inc,gas_transport,60.85,Elizabeth,Brady,F,Harrisberg,DE,9271,37.340386,-137.535062,768349,Mechanical engineer,1955-04-25,sim_8edfee7f-c689-4f1f-b631-a1401b3329c2,1708362412,44.683648,-98.823875,0,0.0,0
c912b976-f29c-4fd6-acdf-fc4068d3b66e,2024-02-19 17:47:44,4767286519011944,fraud_Dare-Marvin,entertainment,5.41,Elizabeth,Brady,F,Harrisberg,DE,9271,37.340386,-137.535062,768349,Mechanical engineer,1955-04-25,sim_3d8f4730-a3d7-4ac9-8016-dae21759ed59,1708364864,42.716802,-82.733133,0,0.0,0
c912b976-f29c-4fd6-acdf-fc4068d3b66e,2024-02-19 18:02:57,4767286519011944,fraud_Goodwin-Nitzsche,grocery_pos,79.53,Elizabeth,Brady,F,Harrisberg,DE,9271,37.340386,-137.535062,768349,Mechanical engineer,1955-04-25,sim_26e93393-4e07-44b0-a855-0017dadc5225,1708365777,41.023675,-74.41391999999999,0,0.0,0
c912b976-f29c-4fd6-acdf-fc4068d3b66e,2024-02-19 20:50:02,4767286519011944,"fraud_Raynor, Feest and Miller",gas_transport,73.75,Elizabeth,Brady,F,Harrisberg,DE,9271,37.340386,-137.535062,768349,Mechanical engineer,1955-04-25,sim_a628594b-8bfa-4b16-81cf-badbe9ab881f,1708375802,43.718077,-102.214349,0,0.0,0
c912b976-f29c-4fd6-acdf-fc4068d3b66e,2024-02-19 20:57:07,4767286519011944,fraud_Skiles-Ankunding,grocery_net,51.35,Elizabeth,Brady,F,Harrisberg,DE,9271,37.340386,-137.535062,768349,Mechanical engineer,1955-04-25,sim_b5075bd1-7651-4ae1-bdbf-85637ed9c475,1708376227,39.512104,-80.964298,0,0.0,0
c912b976-f29c-4fd6-acdf-fc4068d3b66e,2024-02-20 00:37:17,4767286519011944,fraud_Kulas Group,health_fitness,33.18,Elizabeth,Brady,F,Harrisberg,DE,9271,37.340386,-137.535062,768349,Mechanical engineer,1955-04-25,sim_c68d401a-b5fe-45b9-adbf-906f685c9376,1708389437,37.178935,-75.820662,0,0.0,0
c912b976-f29c-4fd6-acdf-fc4068d3b66e,2024-02-20 05:30:35,4767286519011944,fraud_Kling-Grant,grocery_net,55.2,Elizabeth,Brady,F,Harrisberg,DE,9271,37.340386,-137.535062,768349,Mechanical engineer,1955-04-25,sim_37237994-d031-4f80-b798-57d0486231b8,1708407035,32.069805,-83.088503,0,0.0,0
c912b976-f29c-4fd6-acdf-fc4068d3b66e,2024-02-20 11:05:41,4767286519011944,fraud_Huel Ltd,misc_net,16.56,Elizabeth,Brady,F,Harrisberg,DE,9271,37.340386,-137.535062,768349,Mechanical engineer,1955-04-25,sim_4dca6a61-014e-46ea-84c9-ddb2931ad89c,1708427141,44.617712,-98.684661,0,0.0,0
c912b976-f29c-4fd6-acdf-fc4068d3b66e,2024-02-20 14:31:22,4767286519011944,fraud_Kemmer-Reinger,grocery_net,62.6,Elizabeth,Brady,F,Harrisberg,DE,9271,37.340386,-137.535062,768349,Mechanical engineer,1955-04-25,sim_d85cc34c-d451-4dce-8c07-dd104b293684,1708439482,40.756393,-73.887569,0,0.0,0
c912b976-f29c-4fd6-acdf-fc4068d3b66e,2024-02-20 16:22:31,4767286519011944,fraud_Crooks and Sons,personal_care,139.3,Elizabeth,Brady,F,Harrisberg,DE,9271,37.340386,-137.535062,768349,Mechanical engineer,1955-04-25,sim_53878e53-ff5f-4300-8a92-14eb1b8df3c6,1708446151,40.090871,-94.745952,0,0.0,0
c912b976-f29c-4fd6-acdf-fc4068d3b66e,2024-02-20 19:19:03,4767286519011944,"fraud_Kovacek, Dibbert and Ondricka",grocery_pos,50.69,Elizabeth,Brady,F,Harrisberg,DE,9271,37.340386,-137.535062,768349,Mechanical engineer,1955-04-25,sim_2232ffe5-2a00-41ce-8223-4870f5712825,1708456743,39.800712,-74.673273,0,0.0,0
c912b976-f29c-4fd6-acdf-fc4068d3b66e,2024-02-20 23:42:25,4767286519011944,"fraud_Crist, Jakubowski and Littel",home,33.39,Elizabeth,Brady,F,Harrisberg,DE,9271,37.340386,-137.535062,768349,Mechanical engineer,1955-04-25,sim_4c0cb540-73e8-44f6-8e41-241ffd6a2a54,1708472545,32.328244,-90.776408,0,0.0,0
c912b976-f29c-4fd6-acdf-fc4068d3b66e,2024-02-21 02:22:13,4767286519011944,"fraud_Hahn, Bahringer and McLaughlin",personal_care,40.36,Elizabeth,Brady,F,Harrisberg,DE,9271,37.340386,-137.535062,768349,Mechanical engineer,1955-04-25,sim_0fce5d30-14da-42ac-aba7-8b59cc91fd9c,1708482133,32.093041,-97.834643,0,0.0,0
c912b976-f29c-4fd6-acdf-fc4068d3b66e,2024-02-21 07:20:43,4767286519011944,fraud_Huels-Nolan,gas_transport,56.18,Elizabeth,Brady,F,Harrisberg,DE,9271,37.340386,-137.535062,768349,Mechanical engineer,1955-04-25,sim_9d05b417-7970-4aa9-b11b-773435e6854d,1708500043,39.197732,-119.706819,0,0.0,0
c912b976-f29c-4fd6-acdf-fc4068d3b66e,2024-02-21 12:04:10,4767286519011944,fraud_Bahringer Group,health_fitness,3.38,Elizabeth,Brady,F,Harrisberg,DE,9271,37.340386,-137.535062,768349,Mechanical engineer,1955-04-25,sim_30dc9239-3c9d-42b3-97fe-0c83b8566e26,1708517050,33.174698,-100.604274,0,0.0,0
c912b976-f29c-4fd6-acdf-fc4068d3b66e,2024-02-21 17:41:45,4767286519011944,"fraud_Monahan, Hermann and Johns",travel,4.92,Elizabeth,Brady,F,Harrisberg,DE,9271,37.340386,-137.535062,768349,Mechanical engineer,1955-04-25,sim_5563febf-d6f6-4fa7-8d01-240698543c5d,1708537305,26.821188,-80.81371899999999,0,0.0,0
c912b976-f29c-4fd6-acdf-fc4068d3b66e,2024-02-21 23:21:52,4767286519011944,fraud_Thompson-Gleason,health_fitness,18.16,Elizabeth,Brady,F,Harrisberg,DE,9271,37.340386,-137.535062,768349,Mechanical engineer,1955-04-25,sim_43489018-fcfe-4da9-8dec-8508ab8d7229,1708557712,36.038447,-96.795413,0,0.0,0
c912b976-f29c-4fd6-acdf-fc4068d3b66e,2024-02-22 05:15:29,4767286519011944,fraud_Windler LLC,kids_pets,32.89,Elizabeth,Brady,F,Harrisberg,DE,9271,37.340386,-137.535062,768349,Mechanical engineer,1955-04-25,sim_63c5627a-9b26-4150-a71e-3902371dd149,1708578929,39.825351,-87.764326,0,0.0,0
c912b976-f29c-4fd6-acdf-fc4068d3b66e,2024-02-22 09:11:40,4767286519011944,fraud_Heller-Langosh,gas_transport,68.47,Elizabeth,Brady,F,Harrisberg,DE,9271,37.340386,-137.535062,768349,Mechanical engineer,1955-04-25,sim_c4cdaaca-4a28-482c-9821-3345d2eaf162,1708593100,42.776721,-95.319889,0,0.0,0
c912b976-f29c-4fd6-acdf-fc4068d3b66e,2024-02-22 09:29:14,4767286519011944,fraud_Adams-Barrows,health_fitness,105.49,Elizabeth,Brady,F,Harrisberg,DE,9271,37.340386,-137.535062,768349,Mechanical engineer,1955-04-25,sim_f05c9f2b-6675-435e-bf20-5510a7bbe90f,1708594154,32.717939,-80.764691,0,0.0,0
c912b976-f29c-4fd6-acdf-fc4068d3b66e,2024-02-22 13:58:24,4767286519011944,fraud_Rippin-VonRueden,health_fitness,30.55,Elizabeth,Brady,F,Harrisberg,DE,9271,37.340386,-137.535062,768349,Mechanical engineer,1955-04-25,sim_f879bd68-3dbe-4bb8-8653-473a34fd6919,1708610304,31.406083,-97.309131,0,0.0,0
c912b976-f29c-4fd6-acdf-fc4068d3b66e,2024-02-22 19:43:50,4767286519011944,fraud_Cummings LLC,gas_transport,65.87,Elizabeth,Brady,F,Harrisberg,DE,9271,37.340386,-137.535062,768349,Mechanical engineer,1955-04-25,sim_61dac372-9028-487b-ab02-3d67b9a6ad24,1708631030,39.087994,-76.58401500000001,0,0.0,0
c912b976-f29c-4fd6-acdf-fc4068d3b66e,2024-02-23 01:41:24,4767286519011944,fraud_Emard Inc,gas_transport,84.46,Elizabeth,Brady,F,Harrisberg,DE,9271,37.340386,-137.535062,768349,Mechanical engineer,1955-04-25,sim_001736e1-328c-42ae-9987-7f40ef08b569,1708652484,40.364333,-83.496825,0,0.0,0
c912b976-f29c-4fd6-acdf-fc4068d3b66e,2024-02-23 07:21:49,4767286519011944,fraud_Christiansen-Gusikowski,misc_pos,5.96,Elizabeth,Brady,F,Harrisberg,DE,9271,37.340386,-137.535062,768349,Mechanical engineer,1955-04-25,sim_25bb3cf2-f9d6-47b3-adf8-b549d414f9a1,1708672909,35.036114000000005,-87.13776700000001,0,0.0,0
c912b976-f29c-4fd6-acdf-fc4068d3b66e,2024-02-23 11:45:32,4767286519011944,fraud_Waters-Cruickshank,health_fitness,2.9,Elizabeth,Brady,F,Harrisberg,DE,9271,37.340386,-137.535062,768349,Mechanical engineer,1955-04-25,sim_72865986-849b-4e5a-b2d3-2877d96f414f,1708688732,41.318905,-79.892269,0,0.0,0
c912b976-f29c-4fd6-acdf-fc4068d3b66e,2024-02-23 11:48:48,4767286519011944,fraud_Gutmann-Upton,misc_pos,4.66,Elizabeth,Brady,F,Harrisberg,DE,9271,37.340386,-137.535062,768349,Mechanical engineer,1955-04-25,sim_d94a3752-9cfe-4795-9df7-200709f8aa2f,1708688928,40.50455,-75.214559,0,0.0,0
c912b976-f29c-4fd6-acdf-fc4068d3b66e,2024-02-23 13:04:50,4767286519011944,fraud_Auer-Mosciski,grocery_pos,74.49,Elizabeth,Brady,F,Harrisberg,DE,9271,37.340386,-137.535062,768349,Mechanical engineer,1955-04-25,sim_4ff1ec7f-9ef5-416a-a15b-cd03e8e92ea3,1708693490,38.746975,-83.273552,0,0.0,0
c912b976-f29c-4fd6-acdf-fc4068d3b66e,2024-02-23 16:47:53,4767286519011944,fraud_Hills-Boyer,personal_care,78.2,Elizabeth,Brady,F,Harrisberg,DE,9271,37.340386,-137.535062,768349,Mechanical engineer,1955-04-25,sim_57630354-2fd4-40a7-8a6e-ba31ab58b823,1708706873,33.854928,-87.98286,0,0.0,0
c912b976-f29c-4fd6-acdf-fc4068d3b66e,2024-02-23 18:05:10,4767286519011944,fraud_Botsford Ltd,shopping_pos,142.36,Elizabeth,Brady,F,Harrisberg,DE,9271,37.340386,-137.535062,768349,Mechanical engineer,1955-04-25,sim_206c3691-49a7-4830-85ab-30b383657f12,1708711510,41.77301,-79.221634,0,0.0,0
c912b976-f29c-4fd6-acdf-fc4068d3b66e,2024-02-23 19:50:57,4767286519011944,"fraud_Reilly, Heaney and Cole",gas_transport,81.32,Elizabeth,Brady,F,Harrisberg,DE,9271,37.340386,-137.535062,768349,Mechanical engineer,1955-04-25,sim_ebdda22c-f3c4-4502-8285-d5dd984fbb43,1708717857,44.688645,-75.91976,0,0.0,0
c912b976-f29c-4fd6-acdf-fc4068d3b66e,2024-02-24 00:00:18,4767286519011944,fraud_Wuckert-Goldner,home,53.03,Elizabeth,Brady,F,Harrisberg,DE,9271,37.340386,-137.535062,768349,Mechanical engineer,1955-04-25,sim_99d815ac-58b7-486a-97cd-a45b6f962b61,1708732818,34.948754,-81.7959,0,0.0,0
c912b976-f29c-4fd6-acdf-fc4068d3b66e,2024-02-24 04:13:00,4767286519011944,fraud_Kessler Inc,travel,3.4,Elizabeth,Brady,F,Harrisberg,DE,9271,37.340386,-137.535062,768349,Mechanical engineer,1955-04-25,sim_da9dfb25-42cb-48d6-9790-c1c6c76c0e95,1708747980,45.248545,-86.249,0,0.0,0
c912b976-f29c-4fd6-acdf-fc4068d3b66e,2024-02-24 05:18:12,4767286519011944,fraud_Torp-Lemke,misc_pos,3.72,Elizabeth,Brady,F,Harrisberg,DE,9271,37.340386,-137.535062,768349,Mechanical engineer,1955-04-25,sim_a97ea035-4af8-49d3-929e-75441c97f5e8,1708751892,40.985616,-73.285351,0,0.0,0
c912b976-f29c-4fd6-acdf-fc4068d3b66e,2024-02-24 11:05:01,4767286519011944,fraud_Morissette-Schaefer,personal_care,77.51,Elizabeth,Brady,F,Harrisberg,DE,9271,37.340386,-137.535062,768349,Mechanical engineer,1955-04-25,sim_bf38b58c-e53d-4d0b-b659-da79e625fdc6,1708772701,34.997722,-80.938665,0,0.0,0
c912b976-f29c-4fd6-acdf-fc4068d3b66e,2024-02-24 11:20:45,4767286519011944,fraud_Kuphal-Toy,food_dining,60.91,Elizabeth,Brady,F,Harrisberg,DE,9271,37.340386,-137.535062,768349,Mechanical engineer,1955-04-25,sim_1209fe57-4efe-48b1-94f1-e86335b5362c,1708773645,43.520421,-70.640795,0,0.0,0
c912b976-f29c-4fd6-acdf-fc4068d3b66e,2024-02-24 15:07:22,4767286519011944,fraud_Cartwright PLC,kids_pets,34.03,Elizabeth,Brady,F,Harrisberg,DE,9271,37.340386,-137.535062,768349,Mechanical engineer,1955-04-25,sim_a6a4d961-6f73-4d4f-9c76-82eb64a223f0,1708787242,38.633415,-89.644217,0,0.0,0
c912b976-f29c-4fd6-acdf-fc4068d3b66e,2024-02-24 15:20:27,4767286519011944,fraud_Schuppe-Schuppe,food_dining,46.71,Elizabeth,Brady,F,Harrisberg,DE,9271,37.340386,-137.535062,768349,Mechanical engineer,1955-04-25,sim_37226984-ce3a-482a-9fe3-dc89af1b17ce,1708788027,38.793064,-96.63525,0,0.0,0
c912b976-f29c-4fd6-acdf-fc4068d3b66e,2024-02-24 16:38:08,4767286519011944,fraud_Huels-Hahn,gas_transport,61.88,Elizabeth,Brady,F,Harrisberg,DE,9271,37.340386,-137.535062,768349,Mechanical engineer,1955-04-25,sim_5b075294-aa41-4e81-967a-024e88379ed0,1708792688,38.795181,-93.923288,0,0.0,0
c912b976-f29c-4fd6-acdf-fc4068d3b66e,2024-02-24 18:13:23,4767286519011944,fraud_Reynolds-Schinner,misc_pos,4.99,Elizabeth,Brady,F,Harrisberg,DE,9271,37.340386,-137.535062,768349,Mechanical engineer,1955-04-25,sim_de11239f-3bc9-457a-9110-2b7077c89cde,1708798403,35.777692,-78.818864,0,0.0,0
c912b976-f29c-4fd6-acdf-fc4068d3b66e,2024-02-24 23:12:59,4767286519011944,fraud_Kerluke PLC,misc_net,1.15,Elizabeth,Brady,F,Harrisberg,DE,9271,37.340386,-137.535062,768349,Mechanical engineer,1955-04-25,sim_ec126acf-e995-42bb-998b-f54ab6e97cbf,1708816379,33.763203000000004,-111.234579,0,0.0,0
c912b976-f29c-4fd6-acdf-fc4068d3b66e,2024-02-24 23:57:35,4767286519011944,fraud_Schumm PLC,shopping_net,30.31,Elizabeth,Brady,F,Harrisberg,DE,9271,37.340386,-137.535062,768349,Mechanical engineer,1955-04-25,sim_9188b7d5-ecfa-48b0-8fae-a7ca85be8803,1708819055,41.912703,-81.09736099999999,0,0.0,0
c912b976-f29c-4fd6-acdf-fc4068d3b66e,2024-02-25 05:21:20,4767286519011944,"fraud_Schoen, Kuphal and Nitzsche",grocery_pos,77.5,Elizabeth,Brady,F,Harrisberg,DE,9271,37.340386,-137.535062,768349,Mechanical engineer,1955-04-25,sim_c6c1d113-e36c-476e-8fe8-2a72a239d6ed,1708838480,42.622311,-80.831775,0,0.0,0
c912b976-f29c-4fd6-acdf-fc4068d3b66e,2024-02-25 08:53:50,4767286519011944,fraud_Pagac LLC,shopping_pos,174.42,Elizabeth,Brady,F,Harrisberg,DE,9271,37.340386,-137.535062,768349,Mechanical engineer,1955-04-25,sim_86a033dc-19b9-47fc-9181-bed946c32405,1708851230,42.247413,-87.077558,0,0.0,0
c912b976-f29c-4fd6-acdf-fc4068d3b66e,2024-02-25 13:01:48,4767286519011944,"fraud_Kilback, Nitzsche and Leffler",travel,3.92,Elizabeth,Brady,F,Harrisberg,DE,9271,37.340386,-137.535062,768349,Mechanical engineer,1955-04-25,sim_2a3d615f-f46b-45ca-9cc6-27398b95feda,1708866108,45.611159,-122.699581,0,0.0,0
c912b976-f29c-4fd6-acdf-fc4068d3b66e,2024-02-25 15:25:26,4767286519011944,"fraud_Moen, Reinger and Murphy",grocery_pos,114.53,Elizabeth,Brady,F,Harrisberg,DE,9271,37.340386,-137.535062,768349,Mechanical engineer,1955-04-25,sim_56cb3ea3-ad31-42e6-8c73-732efe866c3a,1708874726,36.764539,-83.57572900000001,0,0.0,0
c912b976-f29c-4fd6-acdf-fc4068d3b66e,2024-02-25 15:26:16,4767286519011944,fraud_Kuhic Inc,grocery_pos,140.68,Elizabeth,Brady,F,Harrisberg,DE,9271,37.340386,-137.535062,768349,Mechanical engineer,1955-04-25,sim_5d8eb3e9-a811-43fb-8b6d-02842d6921a0,1708874776,34.834621000000006,-77.885343,0,0.0,0
c912b976-f29c-4fd6-acdf-fc4068d3b66e,2024-02-25 21:22:32,4767286519011944,fraud_Bruen-Yost,misc_pos,9.11,Elizabeth,Brady,F,Harrisberg,DE,9271,37.340386,-137.535062,768349,Mechanical engineer,1955-04-25,sim_61765988-b966-4fb9-9596-d0fc85da4102,1708896152,35.310169,-92.212355,0,0.0,0
c912b976-f29c-4fd6-acdf-fc4068d3b66e,2024-02-26 00:23:16,4767286519011944,"fraud_Lakin, Ferry and Beatty",food_dining,46.05,Elizabeth,Brady,F,Harrisberg,DE,9271,37.340386,-137.535062,768349,Mechanical engineer,1955-04-25,sim_6003b6b8-ac23-42bd-9a1c-f1de740c5621,1708906996,33.910233000000005,-112.193062,0,0.0,0
c912b976-f29c-4fd6-acdf-fc4068d3b66e,2024-02-26 01:56:37,4767286519011944,fraud_Connelly-Carter,home,8.79,Elizabeth,Brady,F,Harrisberg,DE,9271,37.340386,-137.535062,768349,Mechanical engineer,1955-04-25,sim_154093d4-9266-41be-ab20-a5a88b1831f2,1708912597,41.281897,-75.651737,0,0.0,0
c912b976-f29c-4fd6-acdf-fc4068d3b66e,2024-02-26 07:23:41,4767286519011944,fraud_Zboncak Ltd,food_dining,110.43,Elizabeth,Brady,F,Harrisberg,DE,9271,37.340386,-137.535062,768349,Mechanical engineer,1955-04-25,sim_885e2cfe-b7a8-48ee-8d29-21258a47a1e1,1708932221,42.236989,-73.671644,0,0.0,0
c912b976-f29c-4fd6-acdf-fc4068d3b66e,2024-02-26 08:22:54,4767286519011944,fraud_White and Sons,home,80.91,Elizabeth,Brady,F,Harrisberg,DE,9271,37.340386,-137.535062,768349,Mechanical engineer,1955-04-25,sim_1ca4499e-eba4-437d-8aae-fb484b388bb5,1708935774,34.247170000000004,-80.025391,0,0.0,0
c912b976-f29c-4fd6-acdf-fc4068d3b66e,2024-02-26 10:39:54,4767286519011944,fraud_Heller-Langosh,gas_transport,76.24,Elizabeth,Brady,F,Harrisberg,DE,9271,37.340386,-137.535062,768349,Mechanical engineer,1955-04-25,sim_4c2c07a7-2377-4087-b64d-d9da281efd47,1708943994,32.791748,-117.767741,0,0.0,0
c912b976-f29c-4fd6-acdf-fc4068d3b66e,2024-02-26 16:36:56,4767286519011944,"fraud_Turcotte, McKenzie and Koss",entertainment,3.56,Elizabeth,Brady,F,Harrisberg,DE,9271,37.340386,-137.535062,768349,Mechanical engineer,1955-04-25,sim_45bd0eb7-4eaf-4bfd-a399-e4c5a8346860,1708965416,34.507381,-118.85848,0,0.0,0
c912b976-f29c-4fd6-acdf-fc4068d3b66e,2024-02-26 17:37:44,4767286519011944,"fraud_Kohler, Lindgren and Koelpin",grocery_net,56.17,Elizabeth,Brady,F,Harrisberg,DE,9271,37.340386,-137.535062,768349,Mechanical engineer,1955-04-25,sim_07461f4c-e3df-47b2-a3cd-f90d4a73a40b,1708969064,36.137276,-82.647772,0,0.0,0
c912b976-f29c-4fd6-acdf-fc4068d3b66e,2024-02-26 23:31:01,4767286519011944,fraud_Renner Ltd,home,31.93,Elizabeth,Brady,F,Harrisberg,DE,9271,37.340386,-137.535062,768349,Mechanical engineer,1955-04-25,sim_44551f24-34f5-41fa-9adf-c955c7ffecbb,1708990261,41.811945,-78.577122,0,0.0,0
c912b976-f29c-4fd6-acdf-fc4068d3b66e,2024-02-27 00:34:08,4767286519011944,fraud_Schuppe LLC,entertainment,61.29,Elizabeth,Brady,F,Harrisberg,DE,9271,37.340386,-137.535062,768349,Mechanical engineer,1955-04-25,sim_8fceefd3-e1b7-4574-9914-3f54ef0219e9,1708994048,37.084663,-82.16895500000001,0,0.0,0
c912b976-f29c-4fd6-acdf-fc4068d3b66e,2024-02-27 04:39:41,4767286519011944,fraud_Balistreri-Nader,misc_pos,8.13,Elizabeth,Brady,F,Harrisberg,DE,9271,37.340386,-137.535062,768349,Mechanical engineer,1955-04-25,sim_e84f3447-f341-4cc4-bfee-3bbe6dcc3f7e,1709008781,26.978507,-81.403328,0,0.0,0
c912b976-f29c-4fd6-acdf-fc4068d3b66e,2024-02-27 05:23:58,4767286519011944,fraud_Bogisich Inc,grocery_pos,235.4,Elizabeth,Brady,F,Harrisberg,DE,9271,37.340386,-137.535062,768349,Mechanical engineer,1955-04-25,sim_d1fbd19b-b155-4be6-90cc-5bf9d1720b74,1709011438,27.03852,-82.32203,0,0.0,0
c912b976-f29c-4fd6-acdf-fc4068d3b66e,2024-02-27 09:21:01,4767286519011944,fraud_Flatley-Durgan,misc_net,3.69,Elizabeth,Brady,F,Harrisberg,DE,9271,37.340386,-137.535062,768349,Mechanical engineer,1955-04-25,sim_379f210f-f440-45a3-94a4-46676145e0e3,1709025661,41.128124,-88.73628199999999,0,0.0,0
c912b976-f29c-4fd6-acdf-fc4068d3b66e,2024-02-27 15:15:22,4767286519011944,fraud_Hilpert-Conroy,kids_pets,40.54,Elizabeth,Brady,F,Harrisberg,DE,9271,37.340386,-137.535062,768349,Mechanical engineer,1955-04-25,sim_b99b1106-ead6-4c3e-a8a3-6e15aea5c56d,1709046922,38.020065,-83.84758599999999,0,0.0,0
c912b976-f29c-4fd6-acdf-fc4068d3b66e,2024-02-27 18:02:02,4767286519011944,fraud_Leannon-Ward,food_dining,22.69,Elizabeth,Brady,F,Harrisberg,DE,9271,37.340386,-137.535062,768349,Mechanical engineer,1955-04-25,sim_52318d2d-ccd4-4985-b8b8-e6e050aae794,1709056922,34.67563,-90.6771,0,0.0,0
c912b976-f29c-4fd6-acdf-fc4068d3b66e,2024-02-27 21:06:24,4767286519011944,fraud_Crona and Sons,kids_pets,13.37,Elizabeth,Brady,F,Harrisberg,DE,9271,37.340386,-137.535062,768349,Mechanical engineer,1955-04-25,sim_14fb8c1d-32b8-4e39-b8e3-f72f342214c8,1709067984,34.805577,-106.772077,0,0.0,0
c912b976-f29c-4fd6-acdf-fc4068d3b66e,2024-02-27 23:02:48,4767286519011944,fraud_Morissette-Schaefer,personal_care,1.44,Elizabeth,Brady,F,Harrisberg,DE,9271,37.340386,-137.535062,768349,Mechanical engineer,1955-04-25,sim_523a858d-048a-4cd7-b6fb-c18883f924c2,1709074968,40.71803,-88.39305300000001,0,0.0,0
c912b976-f29c-4fd6-acdf-fc4068d3b66e,2024-02-28 02:47:37,4767286519011944,fraud_Dooley Inc,shopping_pos,127.75,Elizabeth,Brady,F,Harrisberg,DE,9271,37.340386,-137.535062,768349,Mechanical engineer,1955-04-25,sim_34454b3e-0053-4ba8-a041-bea6c7eb4cb3,1709088457,36.836327,-81.865797,0,0.0,0
c912b976-f29c-4fd6-acdf-fc4068d3b66e,2024-02-28 05:56:30,4767286519011944,fraud_Hoppe-Parisian,kids_pets,98.84,Elizabeth,Brady,F,Harrisberg,DE,9271,37.340386,-137.535062,768349,Mechanical engineer,1955-04-25,sim_8aeedb9c-6e1f-46e6-b780-cc5c61d1b2c3,1709099790,39.006928,-109.902847,0,0.0,0
c912b976-f29c-4fd6-acdf-fc4068d3b66e,2024-02-28 11:30:13,4767286519011944,"fraud_Bernhard, Grant and Langworth",shopping_pos,114.0,Elizabeth,Brady,F,Harrisberg,DE,9271,37.340386,-137.535062,768349,Mechanical engineer,1955-04-25,sim_eef5d254-264f-4878-adfe-d986ca5e48b6,1709119813,35.291521,-117.811186,0,0.0,0
c912b976-f29c-4fd6-acdf-fc4068d3b66e,2024-02-28 13:43:52,4767286519011944,"fraud_Lehner, Reichert and Mills",misc_pos,247.52,Elizabeth,Brady,F,Harrisberg,DE,9271,37.340386,-137.535062,768349,Mechanical engineer,1955-04-25,sim_1ff61019-dd34-4921-9767-d2b0e9948184,1709127832,45.854127000000005,-85.47749499999999,0,0.0,0
c912b976-f29c-4fd6-acdf-fc4068d3b66e,2024-02-28 16:58:21,4767286519011944,fraud_Little Ltd,kids_pets,41.01,Elizabeth,Brady,F,Harrisberg,DE,9271,37.340386,-137.535062,768349,Mechanical engineer,1955-04-25,sim_2a39ff50-d5e4-4a07-913c-21e5387a2905,1709139501,39.169813,-105.02723799999998,0,0.0,0
c912b976-f29c-4fd6-acdf-fc4068d3b66e,2024-02-28 21:16:04,4767286519011944,fraud_Turcotte-Halvorson,misc_pos,1.14,Elizabeth,Brady,F,Harrisberg,DE,9271,37.340386,-137.535062,768349,Mechanical engineer,1955-04-25,sim_b49976d2-79df-4a9d-a334-ce16f1e6dfd3,1709154964,45.290031,-85.436689,0,0.0,0
c912b976-f29c-4fd6-acdf-fc4068d3b66e,2024-02-29 03:12:26,4767286519011944,fraud_Gaylord-Powlowski,home,46.57,Elizabeth,Brady,F,Harrisberg,DE,9271,37.340386,-137.535062,768349,Mechanical engineer,1955-04-25,sim_fa08641e-2595-4831-b975-6bd56edd93c4,1709176346,33.237558,-105.634266,0,0.0,0
c912b976-f29c-4fd6-acdf-fc4068d3b66e,2024-02-29 05:08:38,4767286519011944,"fraud_Turcotte, Batz and Buckridge",health_fitness,59.09,Elizabeth,Brady,F,Harrisberg,DE,9271,37.340386,-137.535062,768349,Mechanical engineer,1955-04-25,sim_7658d9ed-6652-451e-9eeb-d13a68b0c4a0,1709183318,32.690369,-105.093218,0,0.0,0
c912b976-f29c-4fd6-acdf-fc4068d3b66e,2024-02-29 10:31:17,4767286519011944,"fraud_Langosh, Wintheiser and Hyatt",food_dining,6.23,Elizabeth,Brady,F,Harrisberg,DE,9271,37.340386,-137.535062,768349,Mechanical engineer,1955-04-25,sim_e3fdf8d2-6c4a-4da0-9038-d7944980fbad,1709202677,39.723266,-93.170949,0,0.0,0
c912b976-f29c-4fd6-acdf-fc4068d3b66e,2024-02-29 14:18:32,4767286519011944,fraud_Goyette Inc,shopping_net,991.34,Elizabeth,Brady,F,Harrisberg,DE,9271,37.340386,-137.535062,768349,Mechanical engineer,1955-04-25,sim_d8adea41-dfaf-4e8d-8c06-a0cba4d98ee1,1709216312,41.588136,-94.64908,0,0.03,0
c912b976-f29c-4fd6-acdf-fc4068d3b66e,2024-02-29 18:54:56,4767286519011944,fraud_Hermann and Sons,shopping_pos,6.59,Elizabeth,Brady,F,Harrisberg,DE,9271,37.340386,-137.535062,768349,Mechanical engineer,1955-04-25,sim_71450874-bee0-431d-92fb-c2f32050c38e,1709232896,26.898845,-79.751549,0,0.0,0
c912b976-f29c-4fd6-acdf-fc4068d3b66e,2024-02-29 21:40:21,4767286519011944,"fraud_Pouros, Walker and Spencer",kids_pets,83.67,Elizabeth,Brady,F,Harrisberg,DE,9271,37.340386,-137.535062,768349,Mechanical engineer,1955-04-25,sim_497df8a1-342a-4f72-938a-cb5545563f52,1709242821,39.685938,-86.908199,0,0.0,0
c912b976-f29c-4fd6-acdf-fc4068d3b66e,2024-03-01 00:49:38,4767286519011944,"fraud_Moen, Reinger and Murphy",grocery_pos,127.8,Elizabeth,Brady,F,Harrisberg,DE,9271,37.340386,-137.535062,768349,Mechanical engineer,1955-04-25,sim_5cd4ad02-4969-4c30-8813-9a24d794112a,1709254178,35.522179,-94.973688,0,0.0,0
c912b976-f29c-4fd6-acdf-fc4068d3b66e,2024-03-01 02:11:44,4767286519011944,"fraud_Schuppe, Nolan and Hoeger",shopping_pos,5.41,Elizabeth,Brady,F,Harrisberg,DE,9271,37.340386,-137.535062,768349,Mechanical engineer,1955-04-25,sim_e9ffc751-e01e-48c4-8143-5dad440600c1,1709259104,49.430776,-118.968996,0,0.0,0
c912b976-f29c-4fd6-acdf-fc4068d3b66e,2024-03-01 03:15:49,4767286519011944,"fraud_Johnson, Runolfsdottir and Mayer",misc_net,24.14,Elizabeth,Brady,F,Harrisberg,DE,9271,37.340386,-137.535062,768349,Mechanical engineer,1955-04-25,sim_dd5776be-1e91-4fe2-81be-c740e66aa684,1709262949,41.956071,-79.183984,0,0.0,0
c912b976-f29c-4fd6-acdf-fc4068d3b66e,2024-03-01 03:35:24,4767286519011944,fraud_Erdman-Ebert,personal_care,4.63,Elizabeth,Brady,F,Harrisberg,DE,9271,37.340386,-137.535062,768349,Mechanical engineer,1955-04-25,sim_b4369235-bd1f-474b-9957-52f83eeb43b5,1709264124,36.312,-105.76331,0,0.0,0
c912b976-f29c-4fd6-acdf-fc4068d3b66e,2024-03-01 07:02:04,4767286519011944,fraud_Lynch Ltd,shopping_pos,9.24,Elizabeth,Brady,F,Harrisberg,DE,9271,37.340386,-137.535062,768349,Mechanical engineer,1955-04-25,sim_38d5ad82-2f73-4810-a392-7329098ebec5,1709276524,44.944957,-85.26975,0,0.0,0
c912b976-f29c-4fd6-acdf-fc4068d3b66e,2024-03-01 11:13:41,4767286519011944,fraud_Cole PLC,grocery_pos,124.25,Elizabeth,Brady,F,Harrisberg,DE,9271,37.340386,-137.535062,768349,Mechanical engineer,1955-04-25,sim_7f4b1898-fa4d-4d37-901c-a7c0f5a89eb6,1709291621,48.685368,-121.685533,0,0.0,0
c912b976-f29c-4fd6-acdf-fc4068d3b66e,2024-03-01 15:24:32,4767286519011944,fraud_Klein Group,entertainment,186.23,Elizabeth,Brady,F,Harrisberg,DE,9271,37.340386,-137.535062,768349,Mechanical engineer,1955-04-25,sim_8d790f10-45f0-47b0-b88a-a124d4272610,1709306672,38.209397,-86.80432900000001,0,0.0,0
c912b976-f29c-4fd6-acdf-fc4068d3b66e,2024-03-01 17:03:35,4767286519011944,"fraud_Kunze, Larkin and Mayert",travel,3.35,Elizabeth,Brady,F,Harrisberg,DE,9271,37.340386,-137.535062,768349,Mechanical engineer,1955-04-25,sim_5d2c5d47-ddb6-46d7-a384-2905ee8612b7,1709312615,38.670769,-105.589231,0,0.0,0
c912b976-f29c-4fd6-acdf-fc4068d3b66e,2024-03-01 19:39:39,4767286519011944,"fraud_Eichmann, Hayes and Treutel",travel,7.78,Elizabeth,Brady,F,Harrisberg,DE,9271,37.340386,-137.535062,768349,Mechanical engineer,1955-04-25,sim_a2072a0e-af0c-4fd4-a98c-1638ab0a3b2f,1709321979,41.781282,-83.158904,0,0.0,0
c912b976-f29c-4fd6-acdf-fc4068d3b66e,2024-03-01 20:29:23,4767286519011944,fraud_Altenwerth-Kilback,home,98.66,Elizabeth,Brady,F,Harrisberg,DE,9271,37.340386,-137.535062,768349,Mechanical engineer,1955-04-25,sim_5c66fd9e-a9f6-450d-a0a2-949540e8848d,1709324963,47.569294,-100.281316,0,0.0,0
c912b976-f29c-4fd6-acdf-fc4068d3b66e,2024-03-02 02:09:43,4767286519011944,fraud_Sawayn PLC,shopping_pos,189.0,Elizabeth,Brady,F,Harrisberg,DE,9271,37.340386,-137.535062,768349,Mechanical engineer,1955-04-25,sim_ce6f1706-2932-4c4a-b155-eef67e04ee80,1709345383,46.381352,-114.083466,0,0.0,0
c912b976-f29c-4fd6-acdf-fc4068d3b66e,2024-03-02 03:57:00,4767286519011944,fraud_Cruickshank-Mills,entertainment,61.43,Elizabeth,Brady,F,Harrisberg,DE,9271,37.340386,-137.535062,768349,Mechanical engineer,1955-04-25,sim_c5d76da1-698b-498f-ba66-4ffd6c178248,1709351820,40.552077,-90.857228,0,0.0,0
c912b976-f29c-4fd6-acdf-fc4068d3b66e,2024-03-02 07:24:23,4767286519011944,fraud_Goyette-Gerhold,kids_pets,48.48,Elizabeth,Brady,F,Harrisberg,DE,9271,37.340386,-137.535062,768349,Mechanical engineer,1955-04-25,sim_ee5bebac-0b40-4894-b728-b91d4ac441d2,1709364263,43.345677,-71.555947,0,0.0,0
c912b976-f29c-4fd6-acdf-fc4068d3b66e,2024-03-02 09:40:36,4767286519011944,"fraud_Hettinger, McCullough and Fay",home,55.91,Elizabeth,Brady,F,Harrisberg,DE,9271,37.340386,-137.535062,768349,Mechanical engineer,1955-04-25,sim_09639884-faf1-4756-9b09-17df957a81fd,1709372436,41.545003,-77.689521,0,0.0,0
c912b976-f29c-4fd6-acdf-fc4068d3b66e,2024-03-02 12:37:15,4767286519011944,"fraud_Heathcote, Yost and Kertzmann",shopping_net,7.71,Elizabeth,Brady,F,Harrisberg,DE,9271,37.340386,-137.535062,768349,Mechanical engineer,1955-04-25,sim_6e2b9bb4-585e-425a-8219-2f7e161c2398,1709383035,40.279121,-79.875739,0,0.0,0
c912b976-f29c-4fd6-acdf-fc4068d3b66e,2024-03-02 13:23:18,4767286519011944,fraud_Bahringer-Larson,grocery_net,30.7,Elizabeth,Brady,F,Harrisberg,DE,9271,37.340386,-137.535062,768349,Mechanical engineer,1955-04-25,sim_9b6c817b-fccd-40d6-a1b4-7a7ebdac8851,1709385798,36.022475,-91.218066,0,0.0,0
c912b976-f29c-4fd6-acdf-fc4068d3b66e,2024-03-02 16:38:55,4767286519011944,fraud_Bernier and Sons,kids_pets,72.91,Elizabeth,Brady,F,Harrisberg,DE,9271,37.340386,-137.535062,768349,Mechanical engineer,1955-04-25,sim_b98d6268-5a97-4f18-a798-644a110402bc,1709397535,33.027485,-105.121157,0,0.0,0
c912b976-f29c-4fd6-acdf-fc4068d3b66e,2024-03-02 21:03:15,4767286519011944,fraud_Erdman-Kertzmann,gas_transport,88.52,Elizabeth,Brady,F,Harrisberg,DE,9271,37.340386,-137.535062,768349,Mechanical engineer,1955-04-25,sim_357eeb2e-74e0-4cb2-91d6-1878cf97413b,1709413395,44.592977000000005,-95.46386,0,0.0,0
c912b976-f29c-4fd6-acdf-fc4068d3b66e,2024-03-02 22:17:15,4767286519011944,fraud_Veum-Koelpin,travel,1.4,Elizabeth,Brady,F,Harrisberg,DE,9271,37.340386,-137.535062,768349,Mechanical engineer,1955-04-25,sim_74dd4dc0-d919-4cf8-92e5-29ac154f260a,1709417835,43.155175,-94.82016,0,0.0,0
c912b976-f29c-4fd6-acdf-fc4068d3b66e,2024-03-03 03:46:52,4767286519011944,"fraud_Haley, Batz and Auer",health_fitness,39.02,Elizabeth,Brady,F,Harrisberg,DE,9271,37.340386,-137.535062,768349,Mechanical engineer,1955-04-25,sim_8e86c349-b446-4cf4-bd55-3732c7c21c2c,1709437612,44.642746,-97.084619,0,0.0,0
c912b976-f29c-4fd6-acdf-fc4068d3b66e,2024-03-03 05:37:32,4767286519011944,fraud_Cummerata-Hilpert,entertainment,30.48,Elizabeth,Brady,F,Harrisberg,DE,9271,37.340386,-137.535062,768349,Mechanical engineer,1955-04-25,sim_554de86e-a303-466c-8941-c060c99ad713,1709444252,45.053762,-73.625231,0,0.0,0
c912b976-f29c-4fd6-acdf-fc4068d3b66e,2024-03-03 08:28:59,4767286519011944,"fraud_Eichmann, Bogan and Rodriguez",gas_transport,58.75,Elizabeth,Brady,F,Harrisberg,DE,9271,37.340386,-137.535062,768349,Mechanical engineer,1955-04-25,sim_43e2aac5-aee4-4ce7-baba-b4915a850365,1709454539,40.986369,-82.162376,0,0.0,0
c912b976-f29c-4fd6-acdf-fc4068d3b66e,2024-03-03 08:53:00,4767286519011944,fraud_Hammes-Beatty,kids_pets,6.91,Elizabeth,Brady,F,Harrisberg,DE,9271,37.340386,-137.535062,768349,Mechanical engineer,1955-04-25,sim_9f08099f-0a89-4b9e-9a86-cb630d6ce10b,1709455980,44.597866,-84.720641,0,0.0,0
c912b976-f29c-4fd6-acdf-fc4068d3b66e,2024-03-03 10:00:29,4767286519011944,fraud_Hilpert-Conroy,kids_pets,107.26,Elizabeth,Brady,F,Harrisberg,DE,9271,37.340386,-137.535062,768349,Mechanical engineer,1955-04-25,sim_5584ffa8-b9cf-45aa-a824-d3e43260a53c,1709460029,38.784265000000005,-76.197942,0,0.0,0
c912b976-f29c-4fd6-acdf-fc4068d3b66e,2024-03-03 13:21:47,4767286519011944,fraud_Keeling-Crist,misc_pos,482.5,Elizabeth,Brady,F,Harrisberg,DE,9271,37.340386,-137.535062,768349,Mechanical engineer,1955-04-25,sim_656a86be-9bf8-42c0-ae98-bc5c88ae89f9,1709472107,33.142543,-96.658254,0,0.0,0
c912b976-f29c-4fd6-acdf-fc4068d3b66e,2024-03-03 16:22:41,4767286519011944,"fraud_Reichert, Shanahan and Hayes",shopping_net,27.12,Elizabeth,Brady,F,Harrisberg,DE,9271,37.340386,-137.535062,768349,Mechanical engineer,1955-04-25,sim_3c1c3307-87fc-487b-a4b0-fbb993abfe39,1709482961,38.775215,-113.92498,0,0.0,0
c912b976-f29c-4fd6-acdf-fc4068d3b66e,2024-03-03 18:23:51,4767286519011944,fraud_Waelchi Inc,kids_pets,19.83,Elizabeth,Brady,F,Harrisberg,DE,9271,37.340386,-137.535062,768349,Mechanical engineer,1955-04-25,sim_40d64dec-bbf7-4584-af43-022ea8d09bd7,1709490231,34.077416,-96.731524,1,0.7,1
c912b976-f29c-4fd6-acdf-fc4068d3b66e,2024-03-03 23:18:50,4767286519011944,fraud_Hills-Witting,shopping_net,3038.52,Elizabeth,Brady,F,Harrisberg,DE,9271,37.340386,-137.535062,768349,Mechanical engineer,1955-04-25,sim_782331a2-b3c8-45c0-b817-a261341e56ae,1709507930,42.240639,-76.55791500000001,0,0.01,0
c912b976-f29c-4fd6-acdf-fc4068d3b66e,2024-03-04 04:04:52,4767286519011944,"fraud_Goldner, Kovacek and Abbott",grocery_pos,97.52,Elizabeth,Brady,F,Harrisberg,DE,9271,37.340386,-137.535062,768349,Mechanical engineer,1955-04-25,sim_f3102fff-63e4-4df8-a295-11a7fd751429,1709525092,39.213629,-77.448643,0,0.0,0
c912b976-f29c-4fd6-acdf-fc4068d3b66e,2024-03-04 05:29:06,4767286519011944,"fraud_Casper, Hand and Zulauf",grocery_pos,106.47,Elizabeth,Brady,F,Harrisberg,DE,9271,37.340386,-137.535062,768349,Mechanical engineer,1955-04-25,sim_5f9a1a91-1e38-4a06-8b52-8562ecae8137,1709530146,35.159814000000004,-78.120839,0,0.0,0
c912b976-f29c-4fd6-acdf-fc4068d3b66e,2024-03-04 05:50:44,4767286519011944,"fraud_Turcotte, McKenzie and Koss",entertainment,68.64,Elizabeth,Brady,F,Harrisberg,DE,9271,37.340386,-137.535062,768349,Mechanical engineer,1955-04-25,sim_27a5fce9-b93e-4622-8caf-e6f81648c3fb,1709531444,37.951238,-99.057085,0,0.0,0
c912b976-f29c-4fd6-acdf-fc4068d3b66e,2024-03-04 07:52:45,4767286519011944,"fraud_Streich, Rolfson and Wilderman",kids_pets,97.24,Elizabeth,Brady,F,Harrisberg,DE,9271,37.340386,-137.535062,768349,Mechanical engineer,1955-04-25,sim_84e37ca7-0f6d-418c-8079-0bc0cb04ea06,1709538765,41.526933,-78.669568,0,0.0,0
c912b976-f29c-4fd6-acdf-fc4068d3b66e,2024-03-04 10:00:05,4767286519011944,fraud_Grimes LLC,entertainment,1.82,Elizabeth,Brady,F,Harrisberg,DE,9271,37.340386,-137.535062,768349,Mechanical engineer,1955-04-25,sim_0aadbbed-3120-4be6-b63d-587f99d555f8,1709546405,32.094425,-97.207324,0,0.01,0
c912b976-f29c-4fd6-acdf-fc4068d3b66e,2024-03-04 10:16:14,4767286519011944,fraud_Gislason Group,misc_pos,2.8,Elizabeth,Brady,F,Harrisberg,DE,9271,37.340386,-137.535062,768349,Mechanical engineer,1955-04-25,sim_ccf43fd1-8f81-4a37-8a42-0481c4e1b2fd,1709547374,42.314492,-74.966939,0,0.0,0
c912b976-f29c-4fd6-acdf-fc4068d3b66e,2024-03-04 14:50:37,4767286519011944,fraud_Wilkinson LLC,personal_care,19.91,Elizabeth,Brady,F,Harrisberg,DE,9271,37.340386,-137.535062,768349,Mechanical engineer,1955-04-25,sim_5eb64fc2-2210-4934-badf-ca4e02d866be,1709563837,43.044195,-77.29819599999999,0,0.01,0
c912b976-f29c-4fd6-acdf-fc4068d3b66e,2024-03-04 20:19:43,4767286519011944,fraud_Pacocha-O'Reilly,grocery_pos,34.15,Elizabeth,Brady,F,Harrisberg,DE,9271,37.340386,-137.535062,768349,Mechanical engineer,1955-04-25,sim_d8cf58b8-2abe-47ce-b4bc-a9f17ac53c70,1709583583,27.297839,-82.97414300000001,0,0.0,0
c912b976-f29c-4fd6-acdf-fc4068d3b66e,2024-03-05 00:00:50,4767286519011944,fraud_Padberg-Welch,grocery_pos,99.82,Elizabeth,Brady,F,Harrisberg,DE,9271,37.340386,-137.535062,768349,Mechanical engineer,1955-04-25,sim_8053a812-acf5-415d-9be3-8bcbedc3d53e,1709596850,30.570525,-87.234206,0,0.0,0
c912b976-f29c-4fd6-acdf-fc4068d3b66e,2024-03-05 05:52:10,4767286519011944,"fraud_Connelly, Reichert and Fritsch",gas_transport,77.3,Elizabeth,Brady,F,Harrisberg,DE,9271,37.340386,-137.535062,768349,Mechanical engineer,1955-04-25,sim_ff9eb33b-884f-4517-b0bf-2567f6bb56db,1709617930,39.780741,-75.750701,0,0.0,0
c912b976-f29c-4fd6-acdf-fc4068d3b66e,2024-03-05 09:04:16,4767286519011944,fraud_Lockman Ltd,grocery_pos,31.74,Elizabeth,Brady,F,Harrisberg,DE,9271,37.340386,-137.535062,768349,Mechanical engineer,1955-04-25,sim_7075536e-5a20-43ed-b901-c06e2f954fc1,1709629456,28.071134000000004,-82.107539,0,0.0,0
c912b976-f29c-4fd6-acdf-fc4068d3b66e,2024-03-05 12:34:10,4767286519011944,"fraud_Streich, Hansen and Veum",gas_transport,64.28,Elizabeth,Brady,F,Harrisberg,DE,9271,37.340386,-137.535062,768349,Mechanical engineer,1955-04-25,sim_dab9f256-4062-407a-8735-d484e6acbb75,1709642050,41.680204,-91.398249,0,0.0,0
c912b976-f29c-4fd6-acdf-fc4068d3b66e,2024-03-05 17:04:44,4767286519011944,fraud_Kerluke Inc,misc_net,8.73,Elizabeth,Brady,F,Harrisberg,DE,9271,37.340386,-137.535062,768349,Mechanical engineer,1955-04-25,sim_25315f16-cba8-471b-8c48-948066296797,1709658284,37.893604,-110.457509,0,0.0,0
c912b976-f29c-4fd6-acdf-fc4068d3b66e,2024-03-05 18:40:40,4767286519011944,fraud_Zboncak LLC,food_dining,147.9,Elizabeth,Brady,F,Harrisberg,DE,9271,37.340386,-137.535062,768349,Mechanical engineer,1955-04-25,sim_cdcae6bf-0cfb-4dbb-8af6-7a6d49faab2f,1709664040,41.312717,-74.61875500000001,0,0.0,0
c912b976-f29c-4fd6-acdf-fc4068d3b66e,2024-03-05 23:07:50,4767286519011944,fraud_Bahringer Group,health_fitness,3.8,Elizabeth,Brady,F,Harrisberg,DE,9271,37.340386,-137.535062,768349,Mechanical engineer,1955-04-25,sim_d05b5a8a-713f-46f3-aeee-5dbeef8915af,1709680070,49.298553000000005,-92.378266,0,0.0,0
c912b976-f29c-4fd6-acdf-fc4068d3b66e,2024-03-06 01:46:25,4767286519011944,fraud_Goyette Inc,shopping_net,1.39,Elizabeth,Brady,F,Harrisberg,DE,9271,37.340386,-137.535062,768349,Mechanical engineer,1955-04-25,sim_3652adcd-abb1-4762-9da2-fc35f91c8fdd,1709689585,33.526335,-94.040888,0,0.0,0
c912b976-f29c-4fd6-acdf-fc4068d3b66e,2024-03-06 04:31:08,4767286519011944,"fraud_Schroeder, Hauck and Treutel",entertainment,34.8,Elizabeth,Brady,F,Harrisberg,DE,9271,37.340386,-137.535062,768349,Mechanical engineer,1955-04-25,sim_1bba350c-b542-4063-8f08-a056c1f0e34b,1709699468,40.577363,-91.203205,0,0.0,0
c912b976-f29c-4fd6-acdf-fc4068d3b66e,2024-03-06 06:28:22,4767286519011944,"fraud_Graham, Hegmann and Hammes",food_dining,7.71,Elizabeth,Brady,F,Harrisberg,DE,9271,37.340386,-137.535062,768349,Mechanical engineer,1955-04-25,sim_e419efb5-1c76-4fe8-9e28-cddb18f0ece5,1709706502,38.376262,-75.314594,0,0.0,0
c912b976-f29c-4fd6-acdf-fc4068d3b66e,2024-03-06 06:45:27,4767286519011944,fraud_Dietrich-Fadel,health_fitness,9.58,Elizabeth,Brady,F,Harrisberg,DE,9271,37.340386,-137.535062,768349,Mechanical engineer,1955-04-25,sim_8e4d89d1-f869-43aa-9b83-6946d442f504,1709707527,48.86567,-122.962652,0,0.0,0
c912b976-f29c-4fd6-acdf-fc4068d3b66e,2024-03-06 12:14:40,4767286519011944,"fraud_Kling, Howe and Schneider",home,12.48,Elizabeth,Brady,F,Harrisberg,DE,9271,37.340386,-137.535062,768349,Mechanical engineer,1955-04-25,sim_02ef8e8d-6d13-4645-9b1f-7c3f0cf4cce4,1709727280,42.488254,-83.89486099999999,0,0.0,0
c912b976-f29c-4fd6-acdf-fc4068d3b66e,2024-03-06 17:33:19,4767286519011944,fraud_Schoen Ltd,kids_pets,121.91,Elizabeth,Brady,F,Harrisberg,DE,9271,37.340386,-137.535062,768349,Mechanical engineer,1955-04-25,sim_e34f8344-eaf4-404d-9d15-42aafbc0e83b,1709746399,44.77415,-73.733325,0,0.0,0
c912b976-f29c-4fd6-acdf-fc4068d3b66e,2024-03-06 21:24:45,4767286519011944,"fraud_Turcotte, McKenzie and Koss",entertainment,1.71,Elizabeth,Brady,F,Harrisberg,DE,9271,37.340386,-137.535062,768349,Mechanical engineer,1955-04-25,sim_e83ca483-3222-46b0-87b0-17cb813be1b8,1709760285,44.447569,-124.937893,0,0.0,0
c912b976-f29c-4fd6-acdf-fc4068d3b66e,2024-03-07 03:14:32,4767286519011944,fraud_Bogisich Inc,grocery_pos,225.23,Elizabeth,Brady,F,Harrisberg,DE,9271,37.340386,-137.535062,768349,Mechanical engineer,1955-04-25,sim_20850b5b-e7ec-4eb4-a4dc-8241593ed187,1709781272,42.023657,-87.246372,0,0.0,0
c912b976-f29c-4fd6-acdf-fc4068d3b66e,2024-03-07 06:09:50,4767286519011944,fraud_Emmerich-Rau,personal_care,27.43,Elizabeth,Brady,F,Harrisberg,DE,9271,37.340386,-137.535062,768349,Mechanical engineer,1955-04-25,sim_4841ab03-72be-4570-843d-3a8584519c41,1709791790,36.393187,-122.337575,0,0.0,0
c912b976-f29c-4fd6-acdf-fc4068d3b66e,2024-03-07 11:29:43,4767286519011944,fraud_Stiedemann Ltd,food_dining,51.37,Elizabeth,Brady,F,Harrisberg,DE,9271,37.340386,-137.535062,768349,Mechanical engineer,1955-04-25,sim_22d5e85f-ed56-4465-af08-3d149a6ece4c,1709810983,48.840567,-101.828404,0,0.0,0
c912b976-f29c-4fd6-acdf-fc4068d3b66e,2024-03-07 15:06:47,4767286519011944,fraud_Kling Inc,gas_transport,49.29,Elizabeth,Brady,F,Harrisberg,DE,9271,37.340386,-137.535062,768349,Mechanical engineer,1955-04-25,sim_0d77276a-a402-4ae3-a31c-ef7a2da20449,1709824007,34.387934,-90.997294,0,0.0,0
c912b976-f29c-4fd6-acdf-fc4068d3b66e,2024-03-07 15:37:12,4767286519011944,fraud_Howe Ltd,misc_pos,2.64,Elizabeth,Brady,F,Harrisberg,DE,9271,37.340386,-137.535062,768349,Mechanical engineer,1955-04-25,sim_b26acda3-1952-4525-a89c-31ec515c1958,1709825832,45.073676,-92.038751,0,0.0,0
c912b976-f29c-4fd6-acdf-fc4068d3b66e,2024-03-07 20:08:38,4767286519011944,fraud_Spencer-Runolfsson,misc_pos,4.92,Elizabeth,Brady,F,Harrisberg,DE,9271,37.340386,-137.535062,768349,Mechanical engineer,1955-04-25,sim_f1545fb9-a77e-4d44-b520-56cbc0388f89,1709842118,38.630451,-99.208672,0,0.0,0
c912b976-f29c-4fd6-acdf-fc4068d3b66e,2024-03-08 01:01:04,4767286519011944,fraud_Mohr Inc,shopping_pos,1.12,Elizabeth,Brady,F,Harrisberg,DE,9271,37.340386,-137.535062,768349,Mechanical engineer,1955-04-25,sim_1e4027d1-2234-4b6b-8729-746654c767e0,1709859664,41.659519,-75.761961,0,0.0,0
c912b976-f29c-4fd6-acdf-fc4068d3b66e,2024-03-08 01:09:51,4767286519011944,fraud_Graham and Sons,health_fitness,41.69,Elizabeth,Brady,F,Harrisberg,DE,9271,37.340386,-137.535062,768349,Mechanical engineer,1955-04-25,sim_b06daa8b-7cd7-49a3-88ed-fe139befe662,1709860191,37.954806,-90.440514,0,0.0,0
c912b976-f29c-4fd6-acdf-fc4068d3b66e,2024-03-08 06:17:34,4767286519011944,fraud_Harris Inc,gas_transport,62.66,Elizabeth,Brady,F,Harrisberg,DE,9271,37.340386,-137.535062,768349,Mechanical engineer,1955-04-25,sim_9dfd74f7-c757-4b53-a616-730c6e24ae28,1709878654,41.885257,-73.543295,0,0.0,0
c912b976-f29c-4fd6-acdf-fc4068d3b66e,2024-03-08 09:11:33,4767286519011944,fraud_Kilback LLC,food_dining,6.38,Elizabeth,Brady,F,Harrisberg,DE,9271,37.340386,-137.535062,768349,Mechanical engineer,1955-04-25,sim_456fcd44-4cb1-40fd-b71a-a20cd279991c,1709889093,27.855956,-80.702507,0,0.0,0
c912b976-f29c-4fd6-acdf-fc4068d3b66e,2024-03-08 13:41:34,4767286519011944,fraud_Stracke-Lemke,grocery_pos,67.18,Elizabeth,Brady,F,Harrisberg,DE,9271,37.340386,-137.535062,768349,Mechanical engineer,1955-04-25,sim_28bfa482-b267-474f-b62d-6e936b233a71,1709905294,42.193749,-86.118931,0,0.0,0
c912b976-f29c-4fd6-acdf-fc4068d3b66e,2024-03-08 15:42:34,4767286519011944,fraud_Schoen Ltd,kids_pets,67.06,Elizabeth,Brady,F,Harrisberg,DE,9271,37.340386,-137.535062,768349,Mechanical engineer,1955-04-25,sim_39203ff1-3744-4231-9f59-ce47a1895044,1709912554,36.014334000000005,-87.356441,0,0.0,0
c912b976-f29c-4fd6-acdf-fc4068d3b66e,2024-03-08 16:08:28,4767286519011944,fraud_Erdman-Kertzmann,gas_transport,55.86,Elizabeth,Brady,F,Harrisberg,DE,9271,37.340386,-137.535062,768349,Mechanical engineer,1955-04-25,sim_59eb9012-184c-4a7a-a694-70fe0bc8c764,1709914108,42.684817,-89.472561,0,0.0,0
c912b976-f29c-4fd6-acdf-fc4068d3b66e,2024-03-08 20:47:39,4767286519011944,fraud_Friesen-D'Amore,gas_transport,63.75,Elizabeth,Brady,F,Harrisberg,DE,9271,37.340386,-137.535062,768349,Mechanical engineer,1955-04-25,sim_c172537c-617b-4f93-b1fd-0996656582b0,1709930859,44.204468,-71.290766,0,0.0,0
c912b976-f29c-4fd6-acdf-fc4068d3b66e,2024-03-08 23:14:59,4767286519011944,"fraud_Schoen, Kuphal and Nitzsche",grocery_pos,202.51,Elizabeth,Brady,F,Harrisberg,DE,9271,37.340386,-137.535062,768349,Mechanical engineer,1955-04-25,sim_cae12198-96cd-444d-98d2-0e4d7d78f96a,1709939699,35.205239,-90.654286,0,0.0,0
c912b976-f29c-4fd6-acdf-fc4068d3b66e,2024-03-09 01:27:15,4767286519011944,"fraud_Hills, Hegmann and Schaefer",health_fitness,2.63,Elizabeth,Brady,F,Harrisberg,DE,9271,37.340386,-137.535062,768349,Mechanical engineer,1955-04-25,sim_75c79419-2add-4ccf-8070-08b052abb0a5,1709947635,40.870217,-96.191823,0,0.0,0
c912b976-f29c-4fd6-acdf-fc4068d3b66e,2024-03-09 04:19:44,4767286519011944,"fraud_Schoen, Kuphal and Nitzsche",grocery_pos,102.58,Elizabeth,Brady,F,Harrisberg,DE,9271,37.340386,-137.535062,768349,Mechanical engineer,1955-04-25,sim_89a2f5fb-8962-4fce-acf3-7da6cca57cca,1709957984,35.105931,-95.368331,0,0.0,0
c912b976-f29c-4fd6-acdf-fc4068d3b66e,2024-03-09 09:57:19,4767286519011944,fraud_Beer-Jast,kids_pets,10.21,Elizabeth,Brady,F,Harrisberg,DE,9271,37.340386,-137.535062,768349,Mechanical engineer,1955-04-25,sim_2a05b3ec-c279-430a-8ea6-d06fabf9558f,1709978239,43.061873,-89.01267299999999,0,0.0,0
c912b976-f29c-4fd6-acdf-fc4068d3b66e,2024-03-09 13:17:36,4767286519011944,fraud_Terry-Huel,shopping_net,2.99,Elizabeth,Brady,F,Harrisberg,DE,9271,37.340386,-137.535062,768349,Mechanical engineer,1955-04-25,sim_38575a44-dbc7-47bf-9e08-b1475adea3a1,1709990256,41.424187,-79.25587900000001,0,0.0,0
c912b976-f29c-4fd6-acdf-fc4068d3b66e,2024-03-09 14:00:52,4767286519011944,"fraud_Nienow, Barrows and Romaguera",personal_care,63.92,Elizabeth,Brady,F,Harrisberg,DE,9271,37.340386,-137.535062,768349,Mechanical engineer,1955-04-25,sim_8a63a3bb-9bef-4943-bc51-5c14d2a0682a,1709992852,32.221053000000005,-97.27284,0,0.0,0
c912b976-f29c-4fd6-acdf-fc4068d3b66e,2024-03-09 16:37:04,4767286519011944,fraud_Pfeffer and Sons,shopping_pos,29.59,Elizabeth,Brady,F,Harrisberg,DE,9271,37.340386,-137.535062,768349,Mechanical engineer,1955-04-25,sim_2a93d608-cdca-4127-8644-ab2f8f0634e9,1710002224,42.028592,-73.62589200000001,0,0.0,0
c912b976-f29c-4fd6-acdf-fc4068d3b66e,2024-03-09 19:33:59,4767286519011944,fraud_Heidenreich PLC,grocery_pos,104.49,Elizabeth,Brady,F,Harrisberg,DE,9271,37.340386,-137.535062,768349,Mechanical engineer,1955-04-25,sim_e6cb69bd-cad9-4bfe-9fb1-898096bf5154,1710012839,49.430146,-107.921026,0,0.0,0
c912b976-f29c-4fd6-acdf-fc4068d3b66e,2024-03-09 19:59:29,4767286519011944,"fraud_Bahringer, Bergnaum and Quitzon",home,35.38,Elizabeth,Brady,F,Harrisberg,DE,9271,37.340386,-137.535062,768349,Mechanical engineer,1955-04-25,sim_7a6ae541-a310-4804-a818-f736e2afcf9a,1710014369,44.429661,-70.606274,0,0.0,0
c912b976-f29c-4fd6-acdf-fc4068d3b66e,2024-03-09 21:02:48,4767286519011944,fraud_Schmidt-Larkin,home,116.06,Elizabeth,Brady,F,Harrisberg,DE,9271,37.340386,-137.535062,768349,Mechanical engineer,1955-04-25,sim_13159fd6-1b0d-4640-bc4b-3af1b3be81db,1710018168,37.792189,-83.40320600000001,0,0.0,0
c912b976-f29c-4fd6-acdf-fc4068d3b66e,2024-03-10 02:47:09,4767286519011944,"fraud_Witting, Beer and Ernser",home,14.7,Elizabeth,Brady,F,Harrisberg,DE,9271,37.340386,-137.535062,768349,Mechanical engineer,1955-04-25,sim_8232ab53-44d1-4c9b-83c7-0e28efe439a0,1710038829,41.200447,-77.12880600000001,0,0.0,0
c912b976-f29c-4fd6-acdf-fc4068d3b66e,2024-03-10 05:28:13,4767286519011944,"fraud_Reichert, Rowe and Mraz",shopping_net,5.56,Elizabeth,Brady,F,Harrisberg,DE,9271,37.340386,-137.535062,768349,Mechanical engineer,1955-04-25,sim_206b30ef-1690-4c29-8ef4-ca677e07dce1,1710048493,43.51516,-104.701517,0,0.0,0
c912b976-f29c-4fd6-acdf-fc4068d3b66e,2024-03-10 06:29:08,4767286519011944,fraud_Prohaska-Murray,gas_transport,39.02,Elizabeth,Brady,F,Harrisberg,DE,9271,37.340386,-137.535062,768349,Mechanical engineer,1955-04-25,sim_30cd3d71-f8a8-406c-943e-949d5b2429bb,1710052148,38.160158,-82.098014,0,0.0,0
c912b976-f29c-4fd6-acdf-fc4068d3b66e,2024-03-10 12:15:44,4767286519011944,fraud_Reilly LLC,home,116.43,Elizabeth,Brady,F,Harrisberg,DE,9271,37.340386,-137.535062,768349,Mechanical engineer,1955-04-25,sim_41ae1b46-61bc-4891-9152-bb8352fd861c,1710072944,35.578284000000004,-79.614857,0,0.0,0
c912b976-f29c-4fd6-acdf-fc4068d3b66e,2024-03-10 17:42:37,4767286519011944,fraud_Christiansen-Gusikowski,misc_pos,17.32,Elizabeth,Brady,F,Harrisberg,DE,9271,37.340386,-137.535062,768349,Mechanical engineer,1955-04-25,sim_4cbf181b-d89d-4c45-8edc-14e6e7fa0aa9,1710092557,35.877997,-79.763386,0,0.0,0
c912b976-f29c-4fd6-acdf-fc4068d3b66e,2024-03-10 23:37:11,4767286519011944,fraud_Grimes LLC,entertainment,184.8,Elizabeth,Brady,F,Harrisberg,DE,9271,37.340386,-137.535062,768349,Mechanical engineer,1955-04-25,sim_ccb732c5-071c-434f-a7d0-b3c7aa17f983,1710113831,41.708248,-81.96413299999999,0,0.0,0
c912b976-f29c-4fd6-acdf-fc4068d3b66e,2024-03-11 04:57:47,4767286519011944,fraud_Barton LLC,kids_pets,148.11,Elizabeth,Brady,F,Harrisberg,DE,9271,37.340386,-137.535062,768349,Mechanical engineer,1955-04-25,sim_536bbc46-3c6e-401d-a431-83cc975ab881,1710133067,40.492101,-87.711798,0,0.0,0
c912b976-f29c-4fd6-acdf-fc4068d3b66e,2024-03-11 08:01:13,4767286519011944,"fraud_Kutch, Hermiston and Farrell",gas_transport,61.21,Elizabeth,Brady,F,Harrisberg,DE,9271,37.340386,-137.535062,768349,Mechanical engineer,1955-04-25,sim_825c0fc3-6318-448f-9a24-f5e083937878,1710144073,29.168213,-82.165366,0,0.0,0
c912b976-f29c-4fd6-acdf-fc4068d3b66e,2024-03-11 10:13:19,4767286519011944,fraud_Hickle Group,shopping_pos,2.95,Elizabeth,Brady,F,Harrisberg,DE,9271,37.340386,-137.535062,768349,Mechanical engineer,1955-04-25,sim_dcd2901e-fe15-436c-be05-7752daff65d0,1710151999,30.426179,-95.56826,0,0.0,0
c912b976-f29c-4fd6-acdf-fc4068d3b66e,2024-03-11 14:54:41,4767286519011944,fraud_Berge-Ullrich,home,5.29,Elizabeth,Brady,F,Harrisberg,DE,9271,37.340386,-137.535062,768349,Mechanical engineer,1955-04-25,sim_bae14422-3727-400d-99c7-2f99ef2387b7,1710168881,29.867754,-95.886761,0,0.0,0
c912b976-f29c-4fd6-acdf-fc4068d3b66e,2024-03-11 15:54:47,4767286519011944,"fraud_Jones, Sawayn and Romaguera",misc_net,1.6,Elizabeth,Brady,F,Harrisberg,DE,9271,37.340386,-137.535062,768349,Mechanical engineer,1955-04-25,sim_7f438985-ab0f-4d49-a018-c889abfd8e86,1710172487,39.745038,-84.526035,0,0.0,0
c912b976-f29c-4fd6-acdf-fc4068d3b66e,2024-03-11 20:56:07,4767286519011944,fraud_Bernhard-Lesch,food_dining,70.12,Elizabeth,Brady,F,Harrisberg,DE,9271,37.340386,-137.535062,768349,Mechanical engineer,1955-04-25,sim_5e2d442e-1ea8-4e90-a2f1-fb4789763a10,1710190567,38.631932,-82.662521,0,0.0,0
c912b976-f29c-4fd6-acdf-fc4068d3b66e,2024-03-12 00:13:07,4767286519011944,fraud_Reichel Inc,entertainment,85.09,Elizabeth,Brady,F,Harrisberg,DE,9271,37.340386,-137.535062,768349,Mechanical engineer,1955-04-25,sim_9cc19889-90e0-4dd3-b8ab-d30883b8df91,1710202387,34.839419,-102.466686,0,0.0,0
c912b976-f29c-4fd6-acdf-fc4068d3b66e,2024-03-12 04:50:04,4767286519011944,"fraud_Schultz, Simonis and Little",grocery_pos,104.8,Elizabeth,Brady,F,Harrisberg,DE,9271,37.340386,-137.535062,768349,Mechanical engineer,1955-04-25,sim_aae84d99-6da9-4144-ab1d-be6cf4ab3d2b,1710219004,38.099867,-85.023738,0,0.0,0
c912b976-f29c-4fd6-acdf-fc4068d3b66e,2024-03-12 05:38:27,4767286519011944,"fraud_Runolfsdottir, Mueller and Hand",entertainment,30.63,Elizabeth,Brady,F,Harrisberg,DE,9271,37.340386,-137.535062,768349,Mechanical engineer,1955-04-25,sim_7b00eeea-b357-4c4a-b5d9-dd746d880bb5,1710221907,41.608071,-74.154678,0,0.0,0
c912b976-f29c-4fd6-acdf-fc4068d3b66e,2024-03-12 06:53:49,4767286519011944,fraud_Kuphal-Predovic,misc_net,1.14,Elizabeth,Brady,F,Harrisberg,DE,9271,37.340386,-137.535062,768349,Mechanical engineer,1955-04-25,sim_8899e778-80e7-4712-bbf1-fcf60298961e,1710226429,40.363498,-83.111113,0,0.0,0
c912b976-f29c-4fd6-acdf-fc4068d3b66e,2024-03-12 08:42:15,4767286519011944,fraud_Bernier and Sons,kids_pets,63.2,Elizabeth,Brady,F,Harrisberg,DE,9271,37.340386,-137.535062,768349,Mechanical engineer,1955-04-25,sim_c37ca02b-f7e9-40cf-bcc1-854c544dd4ac,1710232935,45.317141,-108.515644,0,0.0,0
c912b976-f29c-4fd6-acdf-fc4068d3b66e,2024-03-12 11:58:48,4767286519011944,fraud_Waters-Cruickshank,health_fitness,43.5,Elizabeth,Brady,F,Harrisberg,DE,9271,37.340386,-137.535062,768349,Mechanical engineer,1955-04-25,sim_0b26be46-0490-4ff6-a1e4-b8a73360505d,1710244728,36.768232,-89.012772,0,0.0,0
c912b976-f29c-4fd6-acdf-fc4068d3b66e,2024-03-12 17:25:43,4767286519011944,fraud_Skiles LLC,home,33.45,Elizabeth,Brady,F,Harrisberg,DE,9271,37.340386,-137.535062,768349,Mechanical engineer,1955-04-25,sim_4f8d36f1-872e-49e8-9159-7c312c6ab88a,1710264343,28.977825,-96.300804,0,0.0,0
c912b976-f29c-4fd6-acdf-fc4068d3b66e,2024-03-12 22:50:03,4767286519011944,fraud_Williamson LLC,misc_pos,3.59,Elizabeth,Brady,F,Harrisberg,DE,9271,37.340386,-137.535062,768349,Mechanical engineer,1955-04-25,sim_b8ef0c54-1b4e-4174-854c-f47e4933d6ee,1710283803,41.116620000000005,-85.057703,0,0.0,0
c912b976-f29c-4fd6-acdf-fc4068d3b66e,2024-03-13 02:40:39,4767286519011944,"fraud_Yost, Block and Koepp",misc_pos,46.81,Elizabeth,Brady,F,Harrisberg,DE,9271,37.340386,-137.535062,768349,Mechanical engineer,1955-04-25,sim_f2727461-1c71-47eb-9a75-7bea09731764,1710297639,41.08775,-72.669038,0,0.0,0
c912b976-f29c-4fd6-acdf-fc4068d3b66e,2024-03-13 05:04:15,4767286519011944,fraud_Pagac LLC,shopping_pos,3.8,Elizabeth,Brady,F,Harrisberg,DE,9271,37.340386,-137.535062,768349,Mechanical engineer,1955-04-25,sim_f184a39b-7978-4faa-a869-ecb5c971b5cc,1710306255,34.345285,-86.808461,0,0.0,0
c912b976-f29c-4fd6-acdf-fc4068d3b66e,2024-03-13 08:04:52,4767286519011944,fraud_Zulauf LLC,personal_care,40.62,Elizabeth,Brady,F,Harrisberg,DE,9271,37.340386,-137.535062,768349,Mechanical engineer,1955-04-25,sim_fa8ddc5b-c7d3-493f-b2f7-2552edfc1c15,1710317092,30.170108000000003,-91.273925,0,0.0,0
c912b976-f29c-4fd6-acdf-fc4068d3b66e,2024-03-13 09:47:50,4767286519011944,fraud_Thiel-Thiel,entertainment,61.31,Elizabeth,Brady,F,Harrisberg,DE,9271,37.340386,-137.535062,768349,Mechanical engineer,1955-04-25,sim_d337425b-8bcd-444c-ac1a-da3c91c2dc1b,1710323270,32.388489,-89.865429,0,0.0,0
c912b976-f29c-4fd6-acdf-fc4068d3b66e,2024-03-13 14:45:15,4767286519011944,"fraud_Hagenes, Kohler and Hoppe",food_dining,4.41,Elizabeth,Brady,F,Harrisberg,DE,9271,37.340386,-137.535062,768349,Mechanical engineer,1955-04-25,sim_3b70367d-235a-409e-b7c4-34f848d043c6,1710341115,36.014551000000004,-105.96436,0,0.0,0
c912b976-f29c-4fd6-acdf-fc4068d3b66e,2024-03-13 15:33:17,4767286519011944,fraud_Connelly-Carter,home,49.86,Elizabeth,Brady,F,Harrisberg,DE,9271,37.340386,-137.535062,768349,Mechanical engineer,1955-04-25,sim_e259713c-9b33-49ec-8f58-adb9517054f6,1710343997,34.61398,-86.877251,0,0.0,0
c912b976-f29c-4fd6-acdf-fc4068d3b66e,2024-03-13 18:41:32,4767286519011944,"fraud_Nienow, Barrows and Romaguera",personal_care,19.13,Elizabeth,Brady,F,Harrisberg,DE,9271,37.340386,-137.535062,768349,Mechanical engineer,1955-04-25,sim_2c48b6ff-4ace-4b3d-8cd9-ab192414d334,1710355292,36.285803,-77.62854,0,0.01,0
c912b976-f29c-4fd6-acdf-fc4068d3b66e,2024-03-13 22:25:23,4767286519011944,fraud_Bartoletti-Wunsch,gas_transport,72.64,Elizabeth,Brady,F,Harrisberg,DE,9271,37.340386,-137.535062,768349,Mechanical engineer,1955-04-25,sim_d60d3af5-637c-424f-a860-488075c02c33,1710368723,37.380729,-81.699834,0,0.0,0
c912b976-f29c-4fd6-acdf-fc4068d3b66e,2024-03-14 01:37:00,4767286519011944,fraud_Connelly-Carter,home,70.79,Elizabeth,Brady,F,Harrisberg,DE,9271,37.340386,-137.535062,768349,Mechanical engineer,1955-04-25,sim_0d1b598e-b14f-4662-8f6c-f15633488490,1710380220,42.845759,-125.059324,0,0.0,0
c912b976-f29c-4fd6-acdf-fc4068d3b66e,2024-03-14 04:27:59,4767286519011944,fraud_Stamm-Witting,shopping_net,1.15,Elizabeth,Brady,F,Harrisberg,DE,9271,37.340386,-137.535062,768349,Mechanical engineer,1955-04-25,sim_20fd88b4-a568-4423-b22c-477d05ca8204,1710390479,35.682487,-99.30177,0,0.0,0
c912b976-f29c-4fd6-acdf-fc4068d3b66e,2024-03-14 07:39:07,4767286519011944,fraud_Crooks and Sons,personal_care,25.28,Elizabeth,Brady,F,Harrisberg,DE,9271,37.340386,-137.535062,768349,Mechanical engineer,1955-04-25,sim_c27dcd97-1518-41f7-8d94-c64ec403f46a,1710401947,43.670269,-71.416103,0,0.0,0
c912b976-f29c-4fd6-acdf-fc4068d3b66e,2024-03-14 11:57:49,4767286519011944,"fraud_Greenfelder, Bartoletti and Davis",misc_net,54.1,Elizabeth,Brady,F,Harrisberg,DE,9271,37.340386,-137.535062,768349,Mechanical engineer,1955-04-25,sim_6e666f4e-5752-4059-a4b9-0c29fa031c87,1710417469,35.871158,-77.654321,0,0.0,0
c912b976-f29c-4fd6-acdf-fc4068d3b66e,2024-03-14 16:43:26,4767286519011944,fraud_Rutherford-Mertz,grocery_pos,105.93,Elizabeth,Brady,F,Harrisberg,DE,9271,37.340386,-137.535062,768349,Mechanical engineer,1955-04-25,sim_14f199b1-8c86-4864-a49d-6bca0b182e95,1710434606,32.220546,-91.20762,0,0.0,0
c912b976-f29c-4fd6-acdf-fc4068d3b66e,2024-03-14 18:12:45,4767286519011944,fraud_Berge-Ullrich,home,84.55,Elizabeth,Brady,F,Harrisberg,DE,9271,37.340386,-137.535062,768349,Mechanical engineer,1955-04-25,sim_276735ff-782f-4270-9364-d87410d438a9,1710439965,32.769283,-117.602838,0,0.0,0
c912b976-f29c-4fd6-acdf-fc4068d3b66e,2024-03-14 18:34:04,4767286519011944,"fraud_Brown, Homenick and Lesch",health_fitness,53.89,Elizabeth,Brady,F,Harrisberg,DE,9271,37.340386,-137.535062,768349,Mechanical engineer,1955-04-25,sim_a4a63edb-2449-4a47-8102-b0b6b44fa705,1710441244,41.496201,-93.619006,0,0.0,0
c912b976-f29c-4fd6-acdf-fc4068d3b66e,2024-03-14 19:53:31,4767286519011944,"fraud_Douglas, Schneider and Turner",shopping_pos,6.58,Elizabeth,Brady,F,Harrisberg,DE,9271,37.340386,-137.535062,768349,Mechanical engineer,1955-04-25,sim_1b239341-4106-4a27-9a0b-58de9679dfe4,1710446011,47.566876,-113.43074,0,0.0,0
c912b976-f29c-4fd6-acdf-fc4068d3b66e,2024-03-14 21:50:14,4767286519011944,"fraud_Douglas, Schneider and Turner",shopping_pos,6.08,Elizabeth,Brady,F,Harrisberg,DE,9271,37.340386,-137.535062,768349,Mechanical engineer,1955-04-25,sim_43b9f1ea-f7d7-416f-a3b6-9b373a63769b,1710453014,26.873520000000003,-82.715498,0,0.0,0
c912b976-f29c-4fd6-acdf-fc4068d3b66e,2024-03-15 00:36:54,4767286519011944,fraud_Bode-Rempel,kids_pets,11.0,Elizabeth,Brady,F,Harrisberg,DE,9271,37.340386,-137.535062,768349,Mechanical engineer,1955-04-25,sim_16cdf413-99f2-4a28-bffa-626c0b6aa1c5,1710463014,29.947318,-91.715707,0,0.0,0
c912b976-f29c-4fd6-acdf-fc4068d3b66e,2024-03-15 04:35:41,4767286519011944,"fraud_Rutherford, Homenick and Bergstrom",grocery_net,37.74,Elizabeth,Brady,F,Harrisberg,DE,9271,37.340386,-137.535062,768349,Mechanical engineer,1955-04-25,sim_18159cf2-fa50-4b39-93b0-3d45ec903a36,1710477341,40.134463,-84.502909,0,0.0,0
c912b976-f29c-4fd6-acdf-fc4068d3b66e,2024-03-15 04:39:52,4767286519011944,"fraud_Fadel, Mertz and Rippin",entertainment,78.67,Elizabeth,Brady,F,Harrisberg,DE,9271,37.340386,-137.535062,768349,Mechanical engineer,1955-04-25,sim_8a03e4b7-971d-4833-87ec-63a2c3960d78,1710477592,41.710796,-74.008206,0,0.0,0
c912b976-f29c-4fd6-acdf-fc4068d3b66e,2024-03-15 09:34:01,4767286519011944,fraud_Mohr Inc,shopping_pos,9.16,Elizabeth,Brady,F,Harrisberg,DE,9271,37.340386,-137.535062,768349,Mechanical engineer,1955-04-25,sim_56e44df8-dc0c-497b-9978-03ead2078fd7,1710495241,32.725568,-95.822039,0,0.0,0
c912b976-f29c-4fd6-acdf-fc4068d3b66e,2024-03-15 15:21:44,4767286519011944,fraud_Kuhn LLC,shopping_pos,118.42,Elizabeth,Brady,F,Harrisberg,DE,9271,37.340386,-137.535062,768349,Mechanical engineer,1955-04-25,sim_349e89c9-6971-44b7-9feb-497b749e1188,1710516104,30.83485,-93.464079,0,0.0,0
c912b976-f29c-4fd6-acdf-fc4068d3b66e,2024-03-15 17:18:39,4767286519011944,fraud_Cummerata-Jones,gas_transport,65.33,Elizabeth,Brady,F,Harrisberg,DE,9271,37.340386,-137.535062,768349,Mechanical engineer,1955-04-25,sim_0ebb685a-2eaa-4a98-9d63-ee4994f4b58c,1710523119,41.870206,-70.876283,0,0.0,0
c912b976-f29c-4fd6-acdf-fc4068d3b66e,2024-03-15 18:16:46,4767286519011944,fraud_Kling Inc,gas_transport,58.89,Elizabeth,Brady,F,Harrisberg,DE,9271,37.340386,-137.535062,768349,Mechanical engineer,1955-04-25,sim_ce8255e1-26bf-4424-aec9-54b624ed1e92,1710526606,40.466835,-124.639832,0,0.0,0
c912b976-f29c-4fd6-acdf-fc4068d3b66e,2024-03-15 23:24:18,4767286519011944,"fraud_Olson, Becker and Koch",gas_transport,56.87,Elizabeth,Brady,F,Harrisberg,DE,9271,37.340386,-137.535062,768349,Mechanical engineer,1955-04-25,sim_fb9a27af-b1b1-4ff6-a468-e0b270d0824d,1710545058,39.674039,-80.751492,0,0.0,0
c912b976-f29c-4fd6-acdf-fc4068d3b66e,2024-03-16 00:13:18,4767286519011944,fraud_Schulist Ltd,food_dining,155.57,Elizabeth,Brady,F,Harrisberg,DE,9271,37.340386,-137.535062,768349,Mechanical engineer,1955-04-25,sim_1a1854ad-8d28-4ea6-9b0d-6227db8cc86b,1710547998,39.849301,-110.973625,0,0.0,0
c912b976-f29c-4fd6-acdf-fc4068d3b66e,2024-03-16 01:37:48,4767286519011944,fraud_Price Inc,shopping_net,2.76,Elizabeth,Brady,F,Harrisberg,DE,9271,37.340386,-137.535062,768349,Mechanical engineer,1955-04-25,sim_a49b17ed-5c8b-4c27-98fe-481da888865f,1710553068,44.721277,-86.06525500000001,0,0.0,0
c912b976-f29c-4fd6-acdf-fc4068d3b66e,2024-03-16 07:30:15,4767286519011944,fraud_Johns Inc,entertainment,94.5,Elizabeth,Brady,F,Harrisberg,DE,9271,37.340386,-137.535062,768349,Mechanical engineer,1955-04-25,sim_10d567cb-7660-4aa3-9f71-0665602aaf6a,1710574215,38.585768,-123.201943,0,0.0,0
c912b976-f29c-4fd6-acdf-fc4068d3b66e,2024-03-16 09:20:05,4767286519011944,fraud_Pouros-Conroy,shopping_pos,6.17,Elizabeth,Brady,F,Harrisberg,DE,9271,37.340386,-137.535062,768349,Mechanical engineer,1955-04-25,sim_7bf653cd-7668-492a-a17c-04bdb129ad6b,1710580805,42.364898,-72.726024,0,0.0,0
c912b976-f29c-4fd6-acdf-fc4068d3b66e,2024-03-16 09:24:17,4767286519011944,fraud_O'Hara-Wilderman,food_dining,20.48,Elizabeth,Brady,F,Harrisberg,DE,9271,37.340386,-137.535062,768349,Mechanical engineer,1955-04-25,sim_3d5cb3f9-80ff-4396-976d-894d26aa4365,1710581057,41.666329,-90.252981,0,0.0,0
c912b976-f29c-4fd6-acdf-fc4068d3b66e,2024-03-16 11:04:54,4767286519011944,fraud_Hackett-Lueilwitz,grocery_pos,139.26,Elizabeth,Brady,F,Harrisberg,DE,9271,37.340386,-137.535062,768349,Mechanical engineer,1955-04-25,sim_4161c843-9b3d-4e4a-834d-d6664cd21dbf,1710587094,43.032505,-122.53465,0,0.0,0
c912b976-f29c-4fd6-acdf-fc4068d3b66e,2024-03-16 12:16:57,4767286519011944,"fraud_Connelly, Reichert and Fritsch",gas_transport,65.41,Elizabeth,Brady,F,Harrisberg,DE,9271,37.340386,-137.535062,768349,Mechanical engineer,1955-04-25,sim_3cfd2f09-d43b-45de-a115-bd5e6072df09,1710591417,41.028715000000005,-110.450803,0,0.0,0
c912b976-f29c-4fd6-acdf-fc4068d3b66e,2024-03-16 15:49:34,4767286519011944,fraud_Little Ltd,kids_pets,42.78,Elizabeth,Brady,F,Harrisberg,DE,9271,37.340386,-137.535062,768349,Mechanical engineer,1955-04-25,sim_75e1f223-04e3-4797-8f17-f80bc3b2ee03,1710604174,33.952931,-111.081903,0,0.0,0
c912b976-f29c-4fd6-acdf-fc4068d3b66e,2024-03-16 21:45:07,4767286519011944,"fraud_Effertz, Welch and Schowalter",entertainment,52.99,Elizabeth,Brady,F,Harrisberg,DE,9271,37.340386,-137.535062,768349,Mechanical engineer,1955-04-25,sim_267cc53c-9f0a-4b8d-bcc9-1d97421b9cb4,1710625507,40.951941,-78.087356,0,0.0,0
c912b976-f29c-4fd6-acdf-fc4068d3b66e,2024-03-17 01:36:31,4767286519011944,fraud_Morissette-Schaefer,personal_care,26.31,Elizabeth,Brady,F,Harrisberg,DE,9271,37.340386,-137.535062,768349,Mechanical engineer,1955-04-25,sim_872e9260-8e5c-48c4-9dd0-eaeff00460c8,1710639391,37.658775,-106.461295,0,0.0,0
c912b976-f29c-4fd6-acdf-fc4068d3b66e,2024-03-17 06:39:36,4767286519011944,fraud_Reilly and Sons,health_fitness,22.45,Elizabeth,Brady,F,Harrisberg,DE,9271,37.340386,-137.535062,768349,Mechanical engineer,1955-04-25,sim_71a6f9ac-32db-4d2f-89ea-99e986351e44,1710657576,45.424402,-101.184538,0,0.0,0
c912b976-f29c-4fd6-acdf-fc4068d3b66e,2024-03-17 08:10:07,4767286519011944,fraud_Bode-Rempel,kids_pets,6.92,Elizabeth,Brady,F,Harrisberg,DE,9271,37.340386,-137.535062,768349,Mechanical engineer,1955-04-25,sim_260e3ba7-5a98-4281-a8d0-a135af115b99,1710663007,40.223762,-87.718212,0,0.0,0
c912b976-f29c-4fd6-acdf-fc4068d3b66e,2024-03-17 13:27:24,4767286519011944,fraud_Will Ltd,food_dining,63.97,Elizabeth,Brady,F,Harrisberg,DE,9271,37.340386,-137.535062,768349,Mechanical engineer,1955-04-25,sim_5bb0fe2c-3288-48af-970c-19a692ddcb16,1710682044,32.485523,-117.785067,0,0.01,0
c912b976-f29c-4fd6-acdf-fc4068d3b66e,2024-03-17 17:39:23,4767286519011944,fraud_Predovic Inc,shopping_net,7.81,Elizabeth,Brady,F,Harrisberg,DE,9271,37.340386,-137.535062,768349,Mechanical engineer,1955-04-25,sim_6fa8e9a7-aedb-455c-80dd-b91755fa16c0,1710697163,38.727806,-86.688322,0,0.0,0
c912b976-f29c-4fd6-acdf-fc4068d3b66e,2024-03-17 19:30:58,4767286519011944,fraud_Mohr-Bayer,shopping_net,94.57,Elizabeth,Brady,F,Harrisberg,DE,9271,37.340386,-137.535062,768349,Mechanical engineer,1955-04-25,sim_8596b804-a925-40e7-bb9f-cc43b2905be7,1710703858,40.817186,-75.313373,0,0.0,0
c912b976-f29c-4fd6-acdf-fc4068d3b66e,2024-03-17 20:39:43,4767286519011944,"fraud_Lockman, West and Runte",grocery_pos,131.54,Elizabeth,Brady,F,Harrisberg,DE,9271,37.340386,-137.535062,768349,Mechanical engineer,1955-04-25,sim_a8bea6da-43aa-41c9-8c6f-804e7cf13594,1710707983,34.430073,-98.57257,0,0.0,0
c912b976-f29c-4fd6-acdf-fc4068d3b66e,2024-03-17 23:46:05,4767286519011944,fraud_Gerhold LLC,home,153.75,Elizabeth,Brady,F,Harrisberg,DE,9271,37.340386,-137.535062,768349,Mechanical engineer,1955-04-25,sim_6c99243d-4414-4420-8cac-c6eae3e64d90,1710719165,33.602551,-97.186265,0,0.0,0
c912b976-f29c-4fd6-acdf-fc4068d3b66e,2024-03-18 05:20:42,4767286519011944,fraud_Berge-Hills,kids_pets,104.05,Elizabeth,Brady,F,Harrisberg,DE,9271,37.340386,-137.535062,768349,Mechanical engineer,1955-04-25,sim_ffad91fa-4bea-4d02-8e49-bbd60b4cd028,1710739242,39.995807,-74.145742,0,0.0,0
c912b976-f29c-4fd6-acdf-fc4068d3b66e,2024-03-18 07:23:43,4767286519011944,fraud_Runolfsson and Sons,grocery_net,83.44,Elizabeth,Brady,F,Harrisberg,DE,9271,37.340386,-137.535062,768349,Mechanical engineer,1955-04-25,sim_d3a83be2-bbc3-4446-b96c-811e2257b937,1710746623,41.56901,-91.986272,0,0.0,0
c912b976-f29c-4fd6-acdf-fc4068d3b66e,2024-03-18 11:07:34,4767286519011944,"fraud_Kihn, Abernathy and Douglas",shopping_net,3.51,Elizabeth,Brady,F,Harrisberg,DE,9271,37.340386,-137.535062,768349,Mechanical engineer,1955-04-25,sim_0e8c555c-a4a7-4886-a061-9e01ffbf7eaa,1710760054,41.737735,-82.593941,0,0.0,0
c912b976-f29c-4fd6-acdf-fc4068d3b66e,2024-03-18 14:33:12,4767286519011944,fraud_Homenick LLC,personal_care,97.98,Elizabeth,Brady,F,Harrisberg,DE,9271,37.340386,-137.535062,768349,Mechanical engineer,1955-04-25,sim_7c726501-52a7-4df7-9b4b-baa2000638f5,1710772392,39.280619,-87.969732,0,0.0,0
c912b976-f29c-4fd6-acdf-fc4068d3b66e,2024-03-18 17:27:05,4767286519011944,"fraud_Rowe, Batz and Goodwin",grocery_pos,136.73,Elizabeth,Brady,F,Harrisberg,DE,9271,37.340386,-137.535062,768349,Mechanical engineer,1955-04-25,sim_10f26153-7f31-47af-b01b-a70ea6847a5e,1710782825,38.103517,-87.483509,0,0.0,0
c912b976-f29c-4fd6-acdf-fc4068d3b66e,2024-03-18 23:17:07,4767286519011944,fraud_Marks Inc,gas_transport,68.05,Elizabeth,Brady,F,Harrisberg,DE,9271,37.340386,-137.535062,768349,Mechanical engineer,1955-04-25,sim_68d57e98-59c6-41fd-adfc-98e4b20fa9eb,1710803827,43.229656,-83.314391,0,0.0,0
c912b976-f29c-4fd6-acdf-fc4068d3b66e,2024-03-19 03:02:27,4767286519011944,"fraud_Labadie, Treutel and Bode",shopping_net,554.26,Elizabeth,Brady,F,Harrisberg,DE,9271,37.340386,-137.535062,768349,Mechanical engineer,1955-04-25,sim_abd68fdd-5f35-4d70-8b81-7f514bf88507,1710817347,29.538251,-90.320044,0,0.0,0
c912b976-f29c-4fd6-acdf-fc4068d3b66e,2024-03-19 05:42:33,4767286519011944,"fraud_Cole, Hills and Jewess",home,125.58,Elizabeth,Brady,F,Harrisberg,DE,9271,37.340386,-137.535062,768349,Mechanical engineer,1955-04-25,sim_8d4b38fe-6fb3-495d-95bd-1a7782292e33,1710826953,37.216954,-119.586711,0,0.0,0
c912b976-f29c-4fd6-acdf-fc4068d3b66e,2024-03-19 09:10:49,4767286519011944,fraud_Gerhold LLC,home,82.06,Elizabeth,Brady,F,Harrisberg,DE,9271,37.340386,-137.535062,768349,Mechanical engineer,1955-04-25,sim_d427fd45-f283-4154-bba0-595113685eaa,1710839449,40.024115,-98.696056,0,0.0,0
c912b976-f29c-4fd6-acdf-fc4068d3b66e,2024-03-19 10:16:33,4767286519011944,fraud_Bahringer-Streich,food_dining,2.72,Elizabeth,Brady,F,Harrisberg,DE,9271,37.340386,-137.535062,768349,Mechanical engineer,1955-04-25,sim_97aa734b-2a03-4ab0-bada-18d9578b3577,1710843393,35.00705,-93.313636,0,0.0,0
c912b976-f29c-4fd6-acdf-fc4068d3b66e,2024-03-19 14:36:03,4767286519011944,"fraud_Rodriguez, Yost and Jenkins",misc_net,95.55,Elizabeth,Brady,F,Harrisberg,DE,9271,37.340386,-137.535062,768349,Mechanical engineer,1955-04-25,sim_ae123ac2-48f9-4bd4-9b8f-c4b4e10d423c,1710858963,43.404927,-91.272034,0,0.0,0
c912b976-f29c-4fd6-acdf-fc4068d3b66e,2024-03-19 17:38:25,4767286519011944,fraud_Ernser-Feest,home,32.77,Elizabeth,Brady,F,Harrisberg,DE,9271,37.340386,-137.535062,768349,Mechanical engineer,1955-04-25,sim_16812e68-e136-4a4b-a0ef-3e717dda3efe,1710869905,43.853089,-88.419517,0,0.0,0
c912b976-f29c-4fd6-acdf-fc4068d3b66e,2024-03-19 20:08:10,4767286519011944,fraud_Gulgowski LLC,home,331.37,Elizabeth,Brady,F,Harrisberg,DE,9271,37.340386,-137.535062,768349,Mechanical engineer,1955-04-25,sim_aa518051-03e0-4651-8135-fca0819d17a5,1710878890,40.634683,-93.078805,0,0.02,0
c912b976-f29c-4fd6-acdf-fc4068d3b66e,2024-03-19 23:53:16,4767286519011944,fraud_Hudson-Grady,shopping_pos,22.51,Elizabeth,Brady,F,Harrisberg,DE,9271,37.340386,-137.535062,768349,Mechanical engineer,1955-04-25,sim_5ab4ffbf-fcee-4ad3-b139-569828970def,1710892396,41.399225,-77.636861,0,0.0,0
c912b976-f29c-4fd6-acdf-fc4068d3b66e,2024-03-20 02:14:41,4767286519011944,fraud_Harris Group,food_dining,50.81,Elizabeth,Brady,F,Harrisberg,DE,9271,37.340386,-137.535062,768349,Mechanical engineer,1955-04-25,sim_7b2045b6-c7cc-4bd2-b0b1-262129d61d9c,1710900881,38.913617,-104.372159,0,0.0,0
c912b976-f29c-4fd6-acdf-fc4068d3b66e,2024-03-20 07:23:00,4767286519011944,"fraud_Kovacek, Dibbert and Ondricka",grocery_pos,149.17,Elizabeth,Brady,F,Harrisberg,DE,9271,37.340386,-137.535062,768349,Mechanical engineer,1955-04-25,sim_b33d5bb0-8232-468c-9535-f636ef8895d5,1710919380,35.759417,-82.374882,0,0.0,0
c912b976-f29c-4fd6-acdf-fc4068d3b66e,2024-03-20 07:37:45,4767286519011944,"fraud_O'Reilly, Mohr and Purdy",home,33.25,Elizabeth,Brady,F,Harrisberg,DE,9271,37.340386,-137.535062,768349,Mechanical engineer,1955-04-25,sim_614a6c5a-845b-47ba-95b9-1b43b9ae00c0,1710920265,48.350108,-121.608677,0,0.0,0
c912b976-f29c-4fd6-acdf-fc4068d3b66e,2024-03-20 08:32:25,4767286519011944,fraud_Harris Inc,gas_transport,68.15,Elizabeth,Brady,F,Harrisberg,DE,9271,37.340386,-137.535062,768349,Mechanical engineer,1955-04-25,sim_49333e23-b336-4dc9-b450-45a57abbc36d,1710923545,46.884079,-119.054925,0,0.0,0
c912b976-f29c-4fd6-acdf-fc4068d3b66e,2024-03-20 11:26:12,4767286519011944,fraud_Jaskolski-Dibbert,grocery_net,37.04,Elizabeth,Brady,F,Harrisberg,DE,9271,37.340386,-137.535062,768349,Mechanical engineer,1955-04-25,sim_483fa077-ba8c-4b67-8b86-1b4cc8ce096f,1710933972,42.573915,-108.336498,0,0.0,0
c912b976-f29c-4fd6-acdf-fc4068d3b66e,2024-03-20 15:24:51,4767286519011944,fraud_Abbott-Rogahn,entertainment,18.17,Elizabeth,Brady,F,Harrisberg,DE,9271,37.340386,-137.535062,768349,Mechanical engineer,1955-04-25,sim_eedb78bb-3616-4892-b2e3-09cc0941ec0b,1710948291,41.334686,-87.05335600000001,0,0.0,0
c912b976-f29c-4fd6-acdf-fc4068d3b66e,2024-03-20 16:13:16,4767286519011944,"fraud_Gottlieb, Considine and Schultz",shopping_net,105.41,Elizabeth,Brady,F,Harrisberg,DE,9271,37.340386,-137.535062,768349,Mechanical engineer,1955-04-25,sim_47386656-e8d3-460c-abcd-7a665a6cb1ad,1710951196,38.889201,-83.236866,0,0.0,0
c912b976-f29c-4fd6-acdf-fc4068d3b66e,2024-03-20 17:14:31,4767286519011944,"fraud_Armstrong, Walter and Gottlieb",food_dining,13.17,Elizabeth,Brady,F,Harrisberg,DE,9271,37.340386,-137.535062,768349,Mechanical engineer,1955-04-25,sim_301a374a-f344-462b-bb39-7fe1b6c77620,1710954871,48.842452,-121.478352,0,0.0,0
c912b976-f29c-4fd6-acdf-fc4068d3b66e,2024-03-20 17:27:55,4767286519011944,"fraud_Lehner, Mosciski and King",misc_net,4.17,Elizabeth,Brady,F,Harrisberg,DE,9271,37.340386,-137.535062,768349,Mechanical engineer,1955-04-25,sim_9461ffd4-f8c1-4c3a-95c0-470a0cc996b4,1710955675,33.901324,-79.08685,0,0.0,0
c912b976-f29c-4fd6-acdf-fc4068d3b66e,2024-03-20 23:24:00,4767286519011944,fraud_Hamill-D'Amore,health_fitness,16.49,Elizabeth,Brady,F,Harrisberg,DE,9271,37.340386,-137.535062,768349,Mechanical engineer,1955-04-25,sim_dfd6c350-8639-4d93-82c4-9acfc3e98c28,1710977040,32.747284,-98.22875,0,0.0,0
c912b976-f29c-4fd6-acdf-fc4068d3b66e,2024-03-21 02:28:38,4767286519011944,fraud_Brekke and Sons,gas_transport,66.23,Elizabeth,Brady,F,Harrisberg,DE,9271,37.340386,-137.535062,768349,Mechanical engineer,1955-04-25,sim_f5550998-6f4d-420a-8770-0c4359c1fc69,1710988118,39.72879,-82.534974,0,0.0,0
c912b976-f29c-4fd6-acdf-fc4068d3b66e,2024-03-21 06:23:26,4767286519011944,"fraud_Schoen, Kuphal and Nitzsche",grocery_pos,86.27,Elizabeth,Brady,F,Harrisberg,DE,9271,37.340386,-137.535062,768349,Mechanical engineer,1955-04-25,sim_ce132906-f88f-4547-8d2f-1f2836d3e8bc,1711002206,43.259931,-96.46084,0,0.0,0
c912b976-f29c-4fd6-acdf-fc4068d3b66e,2024-03-21 10:06:10,4767286519011944,fraud_Cummerata-Jones,gas_transport,56.62,Elizabeth,Brady,F,Harrisberg,DE,9271,37.340386,-137.535062,768349,Mechanical engineer,1955-04-25,sim_6c0bb313-7e99-4cd6-b893-09cf8788cfaf,1711015570,40.551018,-89.721912,0,0.0,0
c912b976-f29c-4fd6-acdf-fc4068d3b66e,2024-03-21 11:16:17,4767286519011944,fraud_Abbott-Rogahn,entertainment,83.11,Elizabeth,Brady,F,Harrisberg,DE,9271,37.340386,-137.535062,768349,Mechanical engineer,1955-04-25,sim_fef85294-17e3-483a-a43e-9b5e5af9f0e8,1711019777,34.680818,-111.445276,0,0.0,0
c912b976-f29c-4fd6-acdf-fc4068d3b66e,2024-03-21 12:17:20,4767286519011944,"fraud_Tillman, Dickinson and Labadie",gas_transport,41.34,Elizabeth,Brady,F,Harrisberg,DE,9271,37.340386,-137.535062,768349,Mechanical engineer,1955-04-25,sim_2ee9137e-a685-4500-9663-436104fcd77f,1711023440,32.871853,-81.742926,0,0.0,0
c912b976-f29c-4fd6-acdf-fc4068d3b66e,2024-03-21 18:07:10,4767286519011944,fraud_Daugherty-Thompson,food_dining,103.62,Elizabeth,Brady,F,Harrisberg,DE,9271,37.340386,-137.535062,768349,Mechanical engineer,1955-04-25,sim_a8cc1dc0-9646-46e0-8e14-0368bd4b29f3,1711044430,30.421457,-81.746607,0,0.0,0
c912b976-f29c-4fd6-acdf-fc4068d3b66e,2024-03-21 22:02:31,4767286519011944,"fraud_Mosciski, Gislason and Mertz",grocery_pos,92.35,Elizabeth,Brady,F,Harrisberg,DE,9271,37.340386,-137.535062,768349,Mechanical engineer,1955-04-25,sim_63d3dd11-8a2e-4545-957e-7dba896648dd,1711058551,42.905841,-98.074361,0,0.0,0
c912b976-f29c-4fd6-acdf-fc4068d3b66e,2024-03-22 00:02:01,4767286519011944,fraud_Kuhic Inc,grocery_pos,115.95,Elizabeth,Brady,F,Harrisberg,DE,9271,37.340386,-137.535062,768349,Mechanical engineer,1955-04-25,sim_c348c2bc-0762-4eff-bcb3-1300278b26c3,1711065721,35.418309,-97.201638,0,0.0,0
c912b976-f29c-4fd6-acdf-fc4068d3b66e,2024-03-22 00:35:07,4767286519011944,"fraud_Cronin, Kshlerin and Weber",health_fitness,13.46,Elizabeth,Brady,F,Harrisberg,DE,9271,37.340386,-137.535062,768349,Mechanical engineer,1955-04-25,sim_54729bd6-da83-46d4-9f49-97a43e2b0db3,1711067707,33.073026,-81.142071,0,0.0,0
c912b976-f29c-4fd6-acdf-fc4068d3b66e,2024-03-22 03:43:51,4767286519011944,fraud_Jaskolski-Dibbert,grocery_net,43.9,Elizabeth,Brady,F,Harrisberg,DE,9271,37.340386,-137.535062,768349,Mechanical engineer,1955-04-25,sim_fa5ae08d-aeac-4c7b-8dd5-c7e4cfb622c3,1711079031,49.04211,-103.153911,0,0.0,0
c912b976-f29c-4fd6-acdf-fc4068d3b66e,2024-03-22 07:23:18,4767286519011944,fraud_Fisher Inc,shopping_net,3.63,Elizabeth,Brady,F,Harrisberg,DE,9271,37.340386,-137.535062,768349,Mechanical engineer,1955-04-25,sim_22bdace4-7efb-4416-b193-22f692de9512,1711092198,35.16944,-89.24331600000001,0,0.0,0
c912b976-f29c-4fd6-acdf-fc4068d3b66e,2024-03-22 10:56:37,4767286519011944,fraud_Kerluke-Abshire,shopping_net,3.4,Elizabeth,Brady,F,Harrisberg,DE,9271,37.340386,-137.535062,768349,Mechanical engineer,1955-04-25,sim_20391a9f-7242-4f01-8e49-f358ea71e7a8,1711104997,41.89486,-83.315443,0,0.0,0
c912b976-f29c-4fd6-acdf-fc4068d3b66e,2024-03-22 15:25:55,4767286519011944,fraud_Schiller Ltd,personal_care,53.34,Elizabeth,Brady,F,Harrisberg,DE,9271,37.340386,-137.535062,768349,Mechanical engineer,1955-04-25,sim_c94dfb44-bb1a-4ced-8f2a-31f6a8043b56,1711121155,27.376021,-99.083711,0,0.0,0
c912b976-f29c-4fd6-acdf-fc4068d3b66e,2024-03-22 17:21:20,4767286519011944,fraud_Gaylord-Powlowski,home,12.29,Elizabeth,Brady,F,Harrisberg,DE,9271,37.340386,-137.535062,768349,Mechanical engineer,1955-04-25,sim_9aded4f2-17a0-4164-bbaa-279d1e840cbf,1711128080,44.936805,-67.91755,0,0.0,0
c912b976-f29c-4fd6-acdf-fc4068d3b66e,2024-03-22 20:05:07,4767286519011944,fraud_Cartwright-Harris,grocery_pos,121.05,Elizabeth,Brady,F,Harrisberg,DE,9271,37.340386,-137.535062,768349,Mechanical engineer,1955-04-25,sim_8f190b18-9306-4272-8e54-2ec14d3362cb,1711137907,40.453634,-90.762799,0,0.0,0
c912b976-f29c-4fd6-acdf-fc4068d3b66e,2024-03-23 01:36:16,4767286519011944,"fraud_Monahan, Bogisich and Ledner",misc_pos,43.12,Elizabeth,Brady,F,Harrisberg,DE,9271,37.340386,-137.535062,768349,Mechanical engineer,1955-04-25,sim_b77b09e5-40ce-4447-b6a4-f2c83a068f93,1711157776,43.510423,-91.808179,0,0.0,0
c912b976-f29c-4fd6-acdf-fc4068d3b66e,2024-03-23 06:26:00,4767286519011944,fraud_DuBuque LLC,grocery_pos,103.1,Elizabeth,Brady,F,Harrisberg,DE,9271,37.340386,-137.535062,768349,Mechanical engineer,1955-04-25,sim_c464b3cf-a70e-4d7f-841a-6abce10674f4,1711175160,41.207819,-78.960327,0,0.0,0
c912b976-f29c-4fd6-acdf-fc4068d3b66e,2024-03-23 11:23:57,4767286519011944,"fraud_Kilback, Nitzsche and Leffler",travel,7.9,Elizabeth,Brady,F,Harrisberg,DE,9271,37.340386,-137.535062,768349,Mechanical engineer,1955-04-25,sim_9937214c-a14a-438e-913b-a42d63540e28,1711193037,40.95479,-74.69420699999999,0,0.0,0
c912b976-f29c-4fd6-acdf-fc4068d3b66e,2024-03-23 15:09:21,4767286519011944,fraud_Kihn-Fritsch,food_dining,168.17,Elizabeth,Brady,F,Harrisberg,DE,9271,37.340386,-137.535062,768349,Mechanical engineer,1955-04-25,sim_7d9d76dd-9f4e-4643-ab94-710972f82b66,1711206561,36.543059,-114.855275,0,0.0,0
c912b976-f29c-4fd6-acdf-fc4068d3b66e,2024-03-23 20:59:14,4767286519011944,fraud_Beier LLC,entertainment,3.75,Elizabeth,Brady,F,Harrisberg,DE,9271,37.340386,-137.535062,768349,Mechanical engineer,1955-04-25,sim_962b4e2c-eab1-47f1-9f39-62d2eaeaf6a7,1711227554,39.779338,-103.92919,0,0.0,0
c912b976-f29c-4fd6-acdf-fc4068d3b66e,2024-03-24 00:40:50,4767286519011944,fraud_Kunde-Sanford,misc_net,5.86,Elizabeth,Brady,F,Harrisberg,DE,9271,37.340386,-137.535062,768349,Mechanical engineer,1955-04-25,sim_f44e1f78-1ae5-49ac-b6e1-5cc7cbea5c58,1711240850,45.397236,-94.03099,0,0.0,0
c912b976-f29c-4fd6-acdf-fc4068d3b66e,2024-03-24 04:37:22,4767286519011944,"fraud_Casper, Hand and Zulauf",grocery_pos,111.34,Elizabeth,Brady,F,Harrisberg,DE,9271,37.340386,-137.535062,768349,Mechanical engineer,1955-04-25,sim_aacd38de-6dfa-482c-806f-d8153f009d7f,1711255042,44.726585,-104.448863,0,0.0,0
c912b976-f29c-4fd6-acdf-fc4068d3b66e,2024-03-24 05:56:31,4767286519011944,"fraud_Witting, Beer and Ernser",home,25.56,Elizabeth,Brady,F,Harrisberg,DE,9271,37.340386,-137.535062,768349,Mechanical engineer,1955-04-25,sim_c4905f16-6520-43d2-9ad1-7ad18edc929a,1711259791,38.830246,-119.928796,0,0.0,0
c912b976-f29c-4fd6-acdf-fc4068d3b66e,2024-03-24 07:04:33,4767286519011944,"fraud_Tillman, Dickinson and Labadie",gas_transport,94.56,Elizabeth,Brady,F,Harrisberg,DE,9271,37.340386,-137.535062,768349,Mechanical engineer,1955-04-25,sim_c8ae76a3-3302-4cce-b059-7aa0e328f97f,1711263873,36.359919,-92.18751,0,0.0,0
c912b976-f29c-4fd6-acdf-fc4068d3b66e,2024-03-24 07:20:13,4767286519011944,"fraud_Wintheiser, Dietrich and Schimmel",misc_pos,46.1,Elizabeth,Brady,F,Harrisberg,DE,9271,37.340386,-137.535062,768349,Mechanical engineer,1955-04-25,sim_7763cc56-0637-4d3a-87f0-1f73715617b8,1711264813,43.699598,-109.09856,0,0.0,0
c912b976-f29c-4fd6-acdf-fc4068d3b66e,2024-03-24 08:24:57,4767286519011944,fraud_Schimmel-Olson,kids_pets,19.26,Elizabeth,Brady,F,Harrisberg,DE,9271,37.340386,-137.535062,768349,Mechanical engineer,1955-04-25,sim_c03154b1-833c-481f-b57a-f8c970acdfeb,1711268697,33.504785,-118.197162,1,0.8,1
c912b976-f29c-4fd6-acdf-fc4068d3b66e,2024-03-24 12:53:10,4767286519011944,fraud_Fisher-Schowalter,shopping_net,4.44,Elizabeth,Brady,F,Harrisberg,DE,9271,37.340386,-137.535062,768349,Mechanical engineer,1955-04-25,sim_7a5fc620-194c-4916-b1c7-889eaa693720,1711284790,34.726243,-82.026065,0,0.0,0
c912b976-f29c-4fd6-acdf-fc4068d3b66e,2024-03-24 16:55:47,4767286519011944,fraud_Klein Group,entertainment,7.23,Elizabeth,Brady,F,Harrisberg,DE,9271,37.340386,-137.535062,768349,Mechanical engineer,1955-04-25,sim_9e91e5ca-d488-4c09-986b-16d6be0c91a4,1711299347,44.110709,-70.68582099999999,0,0.0,0
c912b976-f29c-4fd6-acdf-fc4068d3b66e,2024-03-24 17:55:27,4767286519011944,fraud_Botsford and Sons,home,77.75,Elizabeth,Brady,F,Harrisberg,DE,9271,37.340386,-137.535062,768349,Mechanical engineer,1955-04-25,sim_611c5e12-8412-41ae-a3de-a3e49fa1283c,1711302927,34.33829,-101.246586,0,0.0,0
c912b976-f29c-4fd6-acdf-fc4068d3b66e,2024-03-24 23:42:08,4767286519011944,"fraud_Schaefer, McGlynn and Bosco",gas_transport,41.26,Elizabeth,Brady,F,Harrisberg,DE,9271,37.340386,-137.535062,768349,Mechanical engineer,1955-04-25,sim_427b8190-b876-466f-a0eb-c2b2f968a832,1711323728,31.801688,-97.411172,0,0.0,0
c912b976-f29c-4fd6-acdf-fc4068d3b66e,2024-03-25 04:44:43,4767286519011944,fraud_Skiles-Ankunding,grocery_net,87.47,Elizabeth,Brady,F,Harrisberg,DE,9271,37.340386,-137.535062,768349,Mechanical engineer,1955-04-25,sim_7e2c614a-370e-4155-a29e-6b98c2fbf96f,1711341883,31.772247,-94.099559,0,0.0,0
c912b976-f29c-4fd6-acdf-fc4068d3b66e,2024-03-25 06:58:16,4767286519011944,"fraud_Douglas, DuBuque and McKenzie",travel,548.45,Elizabeth,Brady,F,Harrisberg,DE,9271,37.340386,-137.535062,768349,Mechanical engineer,1955-04-25,sim_15fc96b1-9b2b-4dba-a877-7dce3cf30ecf,1711349896,40.347966,-76.68109100000001,0,0.0,0
c912b976-f29c-4fd6-acdf-fc4068d3b66e,2024-03-25 09:51:02,4767286519011944,fraud_Johnston-Casper,travel,3.6,Elizabeth,Brady,F,Harrisberg,DE,9271,37.340386,-137.535062,768349,Mechanical engineer,1955-04-25,sim_c3962ae4-795b-44ce-925c-9482c234aa5c,1711360262,32.094919,-85.504284,0,0.0,0
c912b976-f29c-4fd6-acdf-fc4068d3b66e,2024-03-25 11:44:50,4767286519011944,"fraud_Hyatt, Russel and Gleichner",health_fitness,96.07,Elizabeth,Brady,F,Harrisberg,DE,9271,37.340386,-137.535062,768349,Mechanical engineer,1955-04-25,sim_e6842311-9dfd-4a00-96e3-0d8b2d03bae9,1711367090,35.651002000000005,-96.797402,0,0.0,0
c912b976-f29c-4fd6-acdf-fc4068d3b66e,2024-03-25 16:05:13,4767286519011944,"fraud_Medhurst, Cartwright and Ebert",personal_care,65.83,Elizabeth,Brady,F,Harrisberg,DE,9271,37.340386,-137.535062,768349,Mechanical engineer,1955-04-25,sim_2e23eb6b-bd4b-4e6a-9a45-929c6b00865b,1711382713,36.343027,-92.915043,0,0.0,0
c912b976-f29c-4fd6-acdf-fc4068d3b66e,2024-03-25 21:59:38,4767286519011944,fraud_Ziemann-Waters,health_fitness,76.83,Elizabeth,Brady,F,Harrisberg,DE,9271,37.340386,-137.535062,768349,Mechanical engineer,1955-04-25,sim_ed1599ff-d64b-4858-bed9-8be1af44f265,1711403978,34.362852000000004,-102.414618,0,0.0,0
c912b976-f29c-4fd6-acdf-fc4068d3b66e,2024-03-26 02:49:56,4767286519011944,fraud_Pouros-Conroy,shopping_pos,111.53,Elizabeth,Brady,F,Harrisberg,DE,9271,37.340386,-137.535062,768349,Mechanical engineer,1955-04-25,sim_8b588c88-b3b6-495d-8777-0e3b5d3bac77,1711421396,39.267875,-76.412026,0,0.0,0
c912b976-f29c-4fd6-acdf-fc4068d3b66e,2024-03-26 03:45:52,4767286519011944,fraud_Bauch-Blanda,entertainment,203.71,Elizabeth,Brady,F,Harrisberg,DE,9271,37.340386,-137.535062,768349,Mechanical engineer,1955-04-25,sim_43d833f8-7111-47c4-aaff-f4de935152fd,1711424752,24.688193,-80.83454499999999,0,0.0,0
c912b976-f29c-4fd6-acdf-fc4068d3b66e,2024-03-26 09:06:08,4767286519011944,"fraud_Harris, Gusikowski and Heaney",grocery_net,38.31,Elizabeth,Brady,F,Harrisberg,DE,9271,37.340386,-137.535062,768349,Mechanical engineer,1955-04-25,sim_f7b54310-26c0-4a1a-b0c6-2be3150a949b,1711443968,36.800446,-90.216839,0,0.0,0
c912b976-f29c-4fd6-acdf-fc4068d3b66e,2024-03-26 11:00:02,4767286519011944,fraud_Beier and Sons,home,77.6,Elizabeth,Brady,F,Harrisberg,DE,9271,37.340386,-137.535062,768349,Mechanical engineer,1955-04-25,sim_40bc1acd-a74b-4896-ae86-d65b79ff6b20,1711450802,35.629795,-103.230675,0,0.0,0
c912b976-f29c-4fd6-acdf-fc4068d3b66e,2024-03-26 16:59:29,4767286519011944,"fraud_Reichert, Huels and Hoppe",shopping_net,7.26,Elizabeth,Brady,F,Harrisberg,DE,9271,37.340386,-137.535062,768349,Mechanical engineer,1955-04-25,sim_4d0e281f-08f9-4daa-a44b-fcb350bbcab5,1711472369,42.562815,-125.10744,0,0.0,0
c912b976-f29c-4fd6-acdf-fc4068d3b66e,2024-03-26 22:26:56,4767286519011944,fraud_Schmeler Inc,misc_pos,2.13,Elizabeth,Brady,F,Harrisberg,DE,9271,37.340386,-137.535062,768349,Mechanical engineer,1955-04-25,sim_c188a0b4-2677-4648-a427-bdc74f923d35,1711492016,44.513829,-111.443232,0,0.0,0
c912b976-f29c-4fd6-acdf-fc4068d3b66e,2024-03-27 02:32:13,4767286519011944,fraud_Mohr Inc,shopping_pos,1.62,Elizabeth,Brady,F,Harrisberg,DE,9271,37.340386,-137.535062,768349,Mechanical engineer,1955-04-25,sim_1c614ecb-46ee-42bb-9d86-20c054f0dd00,1711506733,28.276029,-95.941504,0,0.0,0
c912b976-f29c-4fd6-acdf-fc4068d3b66e,2024-03-27 04:14:34,4767286519011944,fraud_Schmitt Inc,gas_transport,31.95,Elizabeth,Brady,F,Harrisberg,DE,9271,37.340386,-137.535062,768349,Mechanical engineer,1955-04-25,sim_a1f5a719-bd8a-44bf-89fa-a55417a646c2,1711512874,40.7755,-95.790222,0,0.0,0
c912b976-f29c-4fd6-acdf-fc4068d3b66e,2024-03-27 06:35:29,4767286519011944,fraud_Prosacco LLC,personal_care,19.55,Elizabeth,Brady,F,Harrisberg,DE,9271,37.340386,-137.535062,768349,Mechanical engineer,1955-04-25,sim_155a7aa6-cde9-40b9-a6ed-278c2e14def8,1711521329,39.687489,-119.941244,0,0.01,0
c912b976-f29c-4fd6-acdf-fc4068d3b66e,2024-03-27 07:39:41,4767286519011944,fraud_O'Keefe-Hudson,grocery_pos,190.04,Elizabeth,Brady,F,Harrisberg,DE,9271,37.340386,-137.535062,768349,Mechanical engineer,1955-04-25,sim_901fe560-8b54-4656-a0e0-02c4162b16fd,1711525181,28.080913,-81.391788,0,0.0,0
c912b976-f29c-4fd6-acdf-fc4068d3b66e,2024-03-27 09:05:54,4767286519011944,"fraud_Goldner, Kovacek and Abbott",grocery_pos,116.58,Elizabeth,Brady,F,Harrisberg,DE,9271,37.340386,-137.535062,768349,Mechanical engineer,1955-04-25,sim_a05e415d-26b2-4d83-b969-d9d537386723,1711530354,39.52111,-94.438142,0,0.0,0
c912b976-f29c-4fd6-acdf-fc4068d3b66e,2024-03-27 14:12:01,4767286519011944,"fraud_Rohan, White and Aufderhar",misc_net,225.59,Elizabeth,Brady,F,Harrisberg,DE,9271,37.340386,-137.535062,768349,Mechanical engineer,1955-04-25,sim_3260c304-dce1-4146-a3db-feb1adddd43f,1711548721,33.291436,-84.171872,0,0.0,0
c912b976-f29c-4fd6-acdf-fc4068d3b66e,2024-03-27 15:31:27,4767286519011944,fraud_Bins-Rice,gas_transport,77.4,Elizabeth,Brady,F,Harrisberg,DE,9271,37.340386,-137.535062,768349,Mechanical engineer,1955-04-25,sim_c8ed7340-7017-438f-9627-00114c5b03cf,1711553487,34.868781,-77.673621,0,0.0,0
c912b976-f29c-4fd6-acdf-fc4068d3b66e,2024-03-27 21:25:55,4767286519011944,"fraud_Ledner, Hartmann and Feest",health_fitness,4.93,Elizabeth,Brady,F,Harrisberg,DE,9271,37.340386,-137.535062,768349,Mechanical engineer,1955-04-25,sim_9fd14839-fe24-445a-a49a-56bbe62a0939,1711574755,39.659893,-78.235302,0,0.0,0
c912b976-f29c-4fd6-acdf-fc4068d3b66e,2024-03-28 02:12:21,4767286519011944,"fraud_Watsica, Haag and Considine",shopping_pos,108.95,Elizabeth,Brady,F,Harrisberg,DE,9271,37.340386,-137.535062,768349,Mechanical engineer,1955-04-25,sim_2b06fad7-3ba2-4e5b-8f2b-ef3627ebf927,1711591941,41.029451,-74.97250799999999,0,0.0,0
c912b976-f29c-4fd6-acdf-fc4068d3b66e,2024-03-28 05:18:02,4767286519011944,fraud_Kilback and Sons,entertainment,9.29,Elizabeth,Brady,F,Harrisberg,DE,9271,37.340386,-137.535062,768349,Mechanical engineer,1955-04-25,sim_0801943a-82b4-4a23-8d78-5d5ea6fb905b,1711603082,26.285054,-79.700211,0,0.0,0
c912b976-f29c-4fd6-acdf-fc4068d3b66e,2024-03-28 09:13:45,4767286519011944,"fraud_Kerluke, Considine and Macejkovic",misc_net,477.3,Elizabeth,Brady,F,Harrisberg,DE,9271,37.340386,-137.535062,768349,Mechanical engineer,1955-04-25,sim_f998a815-71e3-4f15-acc2-eb1d8ec90859,1711617225,36.769319,-122.008517,0,0.02,0
c912b976-f29c-4fd6-acdf-fc4068d3b66e,2024-03-28 10:48:06,4767286519011944,"fraud_Prosacco, Kreiger and Kovacek",home,136.4,Elizabeth,Brady,F,Harrisberg,DE,9271,37.340386,-137.535062,768349,Mechanical engineer,1955-04-25,sim_f8d57734-9a12-4654-8f75-312ee889aca3,1711622886,40.006256,-93.998898,0,0.0,0
c912b976-f29c-4fd6-acdf-fc4068d3b66e,2024-03-28 12:29:38,4767286519011944,fraud_Predovic Inc,shopping_net,98.6,Elizabeth,Brady,F,Harrisberg,DE,9271,37.340386,-137.535062,768349,Mechanical engineer,1955-04-25,sim_b038da80-4ec4-4139-aa83-51d0111fbd25,1711628978,46.827618,-96.978796,0,0.0,0
c912b976-f29c-4fd6-acdf-fc4068d3b66e,2024-03-28 14:49:35,4767286519011944,"fraud_Berge, Kautzer and Harris",personal_care,2.77,Elizabeth,Brady,F,Harrisberg,DE,9271,37.340386,-137.535062,768349,Mechanical engineer,1955-04-25,sim_afdc0b39-8ba6-46a3-a295-8707389f4b38,1711637375,39.486164,-97.881664,0,0.0,0
c912b976-f29c-4fd6-acdf-fc4068d3b66e,2024-03-28 17:05:21,4767286519011944,fraud_Hilpert-Conroy,kids_pets,160.96,Elizabeth,Brady,F,Harrisberg,DE,9271,37.340386,-137.535062,768349,Mechanical engineer,1955-04-25,sim_68c990f1-ac9d-44dd-8162-9167e9c65583,1711645521,30.295666,-90.081838,0,0.0,0
c912b976-f29c-4fd6-acdf-fc4068d3b66e,2024-03-28 23:00:29,4767286519011944,"fraud_Greenholt, Jacobi and Gleason",gas_transport,58.88,Elizabeth,Brady,F,Harrisberg,DE,9271,37.340386,-137.535062,768349,Mechanical engineer,1955-04-25,sim_c77ad39d-d2e1-44e9-b85a-6d7697ca80e5,1711666829,43.2661,-88.914192,0,0.0,0
c912b976-f29c-4fd6-acdf-fc4068d3b66e,2024-03-28 23:06:09,4767286519011944,fraud_Abshire PLC,entertainment,34.16,Elizabeth,Brady,F,Harrisberg,DE,9271,37.340386,-137.535062,768349,Mechanical engineer,1955-04-25,sim_dc304cf5-41d1-448b-873c-1196ef2b7fc4,1711667169,41.978015,-78.881693,0,0.0,0
c912b976-f29c-4fd6-acdf-fc4068d3b66e,2024-03-29 02:21:28,4767286519011944,"fraud_Watsica, Haag and Considine",shopping_pos,6.12,Elizabeth,Brady,F,Harrisberg,DE,9271,37.340386,-137.535062,768349,Mechanical engineer,1955-04-25,sim_90e7693c-58b5-42e5-9732-b15336d215a2,1711678888,38.672001,-83.712005,0,0.0,0
c912b976-f29c-4fd6-acdf-fc4068d3b66e,2024-03-29 07:31:15,4767286519011944,fraud_Hills-Boyer,personal_care,18.57,Elizabeth,Brady,F,Harrisberg,DE,9271,37.340386,-137.535062,768349,Mechanical engineer,1955-04-25,sim_d8c7c6ff-911f-4db4-baf8-8e03ca567df1,1711697475,45.386634,-86.819069,0,0.0,0
c912b976-f29c-4fd6-acdf-fc4068d3b66e,2024-03-29 11:49:31,4767286519011944,"fraud_Huel, Hammes and Witting",grocery_pos,207.09,Elizabeth,Brady,F,Harrisberg,DE,9271,37.340386,-137.535062,768349,Mechanical engineer,1955-04-25,sim_cbfc1e26-efa0-4f98-9378-f20a22ffa659,1711712971,40.579502000000005,-74.049317,0,0.0,0
c912b976-f29c-4fd6-acdf-fc4068d3b66e,2024-03-29 12:22:54,4767286519011944,fraud_Botsford and Sons,home,102.96,Elizabeth,Brady,F,Harrisberg,DE,9271,37.340386,-137.535062,768349,Mechanical engineer,1955-04-25,sim_07037df5-8cc9-4bc8-9da7-8a1a2f818cc0,1711714974,38.453379,-84.741665,0,0.0,0
c912b976-f29c-4fd6-acdf-fc4068d3b66e,2024-03-29 12:23:46,4767286519011944,fraud_Schmidt-Larkin,home,169.75,Elizabeth,Brady,F,Harrisberg,DE,9271,37.340386,-137.535062,768349,Mechanical engineer,1955-04-25,sim_cf9ed684-13ea-44e9-9d1f-7c438373a513,1711715026,33.397225,-93.131766,0,0.0,0
c912b976-f29c-4fd6-acdf-fc4068d3b66e,2024-03-29 18:01:35,4767286519011944,fraud_Hickle Group,shopping_pos,4.38,Elizabeth,Brady,F,Harrisberg,DE,9271,37.340386,-137.535062,768349,Mechanical engineer,1955-04-25,sim_101108fc-d2ef-48bd-aadf-a9fe63be7ee1,1711735295,36.731283000000005,-121.611708,0,0.0,0
c912b976-f29c-4fd6-acdf-fc4068d3b66e,2024-03-29 20:40:25,4767286519011944,fraud_Quitzon-Goyette,home,61.86,Elizabeth,Brady,F,Harrisberg,DE,9271,37.340386,-137.535062,768349,Mechanical engineer,1955-04-25,sim_28bd5895-67b3-4f77-9e65-b97837ee8944,1711744825,43.496883,-125.004691,0,0.0,0
c912b976-f29c-4fd6-acdf-fc4068d3b66e,2024-03-30 02:15:13,4767286519011944,"fraud_Larson, Quitzon and Spencer",travel,1.35,Elizabeth,Brady,F,Harrisberg,DE,9271,37.340386,-137.535062,768349,Mechanical engineer,1955-04-25,sim_1d7d1047-eb90-43a9-8ccc-90891f3f56c8,1711764913,41.057075,-74.85475100000001,0,0.0,0
c912b976-f29c-4fd6-acdf-fc4068d3b66e,2024-03-30 03:19:21,4767286519011944,fraud_Boyer PLC,misc_pos,7.78,Elizabeth,Brady,F,Harrisberg,DE,9271,37.340386,-137.535062,768349,Mechanical engineer,1955-04-25,sim_d81da9a2-d019-498a-abbd-ade368f737d0,1711768761,38.370949,-76.01259499999999,0,0.0,0
c912b976-f29c-4fd6-acdf-fc4068d3b66e,2024-03-30 04:56:52,4767286519011944,fraud_Miller-Hauck,grocery_pos,180.93,Elizabeth,Brady,F,Harrisberg,DE,9271,37.340386,-137.535062,768349,Mechanical engineer,1955-04-25,sim_61e3c7fc-2fd2-4048-9f55-f96dfbec01e0,1711774612,28.457183,-81.52199,0,0.0,0
c912b976-f29c-4fd6-acdf-fc4068d3b66e,2024-03-30 06:30:53,4767286519011944,fraud_Dooley-Thompson,misc_net,8.29,Elizabeth,Brady,F,Harrisberg,DE,9271,37.340386,-137.535062,768349,Mechanical engineer,1955-04-25,sim_f36202aa-24b9-4970-b1c4-eedb85701418,1711780253,31.548885,-94.612431,0,0.0,0
c912b976-f29c-4fd6-acdf-fc4068d3b66e,2024-03-30 09:49:19,4767286519011944,"fraud_Streich, Dietrich and Barton",shopping_net,103.28,Elizabeth,Brady,F,Harrisberg,DE,9271,37.340386,-137.535062,768349,Mechanical engineer,1955-04-25,sim_0988ca55-df97-40c6-93ab-ff71f5e79722,1711792159,40.54933,-71.993358,0,0.0,0
c912b976-f29c-4fd6-acdf-fc4068d3b66e,2024-03-30 13:01:12,4767286519011944,fraud_Kilback and Sons,entertainment,26.26,Elizabeth,Brady,F,Harrisberg,DE,9271,37.340386,-137.535062,768349,Mechanical engineer,1955-04-25,sim_8b4535b3-9a83-4f44-82e2-a6c488f7ea4d,1711803672,31.385418,-84.034024,0,0.0,0
c912b976-f29c-4fd6-acdf-fc4068d3b66e,2024-03-30 16:30:17,4767286519011944,fraud_Herman Inc,misc_pos,6.74,Elizabeth,Brady,F,Harrisberg,DE,9271,37.340386,-137.535062,768349,Mechanical engineer,1955-04-25,sim_b5a77504-60c2-4163-9d76-00c339f0081d,1711816217,38.315412,-122.27982,0,0.0,0
c912b976-f29c-4fd6-acdf-fc4068d3b66e,2024-03-30 17:17:32,4767286519011944,fraud_Heidenreich PLC,grocery_pos,132.31,Elizabeth,Brady,F,Harrisberg,DE,9271,37.340386,-137.535062,768349,Mechanical engineer,1955-04-25,sim_e67c4309-c120-4e48-af0a-b7c82d7c4ace,1711819052,40.94306,-124.883707,0,0.0,0
c912b976-f29c-4fd6-acdf-fc4068d3b66e,2024-03-30 20:32:56,4767286519011944,fraud_Kilback LLC,grocery_pos,76.99,Elizabeth,Brady,F,Harrisberg,DE,9271,37.340386,-137.535062,768349,Mechanical engineer,1955-04-25,sim_900abbd9-6370-420e-b3d1-cfd06141d7db,1711830776,43.189151,-77.242281,0,0.0,0
c912b976-f29c-4fd6-acdf-fc4068d3b66e,2024-03-30 21:28:58,4767286519011944,fraud_Metz-Boehm,shopping_pos,4.48,Elizabeth,Brady,F,Harrisberg,DE,9271,37.340386,-137.535062,768349,Mechanical engineer,1955-04-25,sim_602f3a34-5fe9-43fd-aa7f-b702dd9dd81b,1711834138,39.089099,-82.287778,0,0.0,0
c912b976-f29c-4fd6-acdf-fc4068d3b66e,2024-03-30 23:28:25,4767286519011944,"fraud_Hayes, Marquardt and Dibbert",misc_net,799.54,Elizabeth,Brady,F,Harrisberg,DE,9271,37.340386,-137.535062,768349,Mechanical engineer,1955-04-25,sim_0e8ce44f-cd9e-4cc6-806d-e345d4338570,1711841305,40.147541,-78.046686,0,0.06,0
c912b976-f29c-4fd6-acdf-fc4068d3b66e,2024-03-31 00:48:52,4767286519011944,"fraud_Langworth, Boehm and Gulgowski",shopping_net,1.39,Elizabeth,Brady,F,Harrisberg,DE,9271,37.340386,-137.535062,768349,Mechanical engineer,1955-04-25,sim_bcbe6de7-056f-419a-b743-0ca1bd4c9a91,1711846132,40.299489,-76.339451,0,0.0,0
c912b976-f29c-4fd6-acdf-fc4068d3b66e,2024-03-31 05:58:44,4767286519011944,fraud_Schmitt Ltd,misc_net,140.79,Elizabeth,Brady,F,Harrisberg,DE,9271,37.340386,-137.535062,768349,Mechanical engineer,1955-04-25,sim_bfb27d3e-41d3-4c45-bb6d-36f42d84ae8f,1711861124,45.574198,-118.716023,0,0.0,0
c912b976-f29c-4fd6-acdf-fc4068d3b66e,2024-03-31 11:36:53,4767286519011944,fraud_Corwin-Gorczany,misc_net,11.07,Elizabeth,Brady,F,Harrisberg,DE,9271,37.340386,-137.535062,768349,Mechanical engineer,1955-04-25,sim_e0ea17f3-f911-44f2-8c08-b67a431f451f,1711881413,43.698823,-75.597422,0,0.0,0
c912b976-f29c-4fd6-acdf-fc4068d3b66e,2024-03-31 12:26:57,4767286519011944,"fraud_Kovacek, Dibbert and Ondricka",grocery_pos,38.22,Elizabeth,Brady,F,Harrisberg,DE,9271,37.340386,-137.535062,768349,Mechanical engineer,1955-04-25,sim_d4e1d6fa-efba-410c-aae2-3cba41042f70,1711884417,27.602376,-83.46573599999999,0,0.0,0
c912b976-f29c-4fd6-acdf-fc4068d3b66e,2024-03-31 18:19:20,4767286519011944,"fraud_Streich, Dietrich and Barton",shopping_net,2.18,Elizabeth,Brady,F,Harrisberg,DE,9271,37.340386,-137.535062,768349,Mechanical engineer,1955-04-25,sim_8117e1fa-3b4c-4fcf-87aa-c809d3437a2b,1711905560,35.191152,-96.971644,0,0.0,0
c912b976-f29c-4fd6-acdf-fc4068d3b66e,2024-03-31 21:47:24,4767286519011944,fraud_Beier-Hyatt,shopping_pos,142.03,Elizabeth,Brady,F,Harrisberg,DE,9271,37.340386,-137.535062,768349,Mechanical engineer,1955-04-25,sim_ec3b53bd-605f-4f36-bf16-d3204e4abd5d,1711918044,31.349075,-98.029179,0,0.0,0
c912b976-f29c-4fd6-acdf-fc4068d3b66e,2024-03-31 22:21:44,4767286519011944,fraud_Rutherford-Mertz,grocery_pos,198.18,Elizabeth,Brady,F,Harrisberg,DE,9271,37.340386,-137.535062,768349,Mechanical engineer,1955-04-25,sim_12ada727-4363-433e-875c-2f4c1c095978,1711920104,33.915235,-110.78008,0,0.0,0
c912b976-f29c-4fd6-acdf-fc4068d3b66e,2024-04-01 03:03:27,4767286519011944,fraud_Mraz-Herzog,gas_transport,72.04,Elizabeth,Brady,F,Harrisberg,DE,9271,37.340386,-137.535062,768349,Mechanical engineer,1955-04-25,sim_356eb09a-7e69-4d61-a361-c935f060111c,1711937007,43.294291,-72.319755,0,0.0,0
c912b976-f29c-4fd6-acdf-fc4068d3b66e,2024-04-01 05:17:01,4767286519011944,fraud_Luettgen PLC,gas_transport,32.55,Elizabeth,Brady,F,Harrisberg,DE,9271,37.340386,-137.535062,768349,Mechanical engineer,1955-04-25,sim_9f84c9df-182d-4771-b899-3dd9e5c986ad,1711945021,43.714879,-95.603988,0,0.0,0
c912b976-f29c-4fd6-acdf-fc4068d3b66e,2024-04-01 10:30:46,4767286519011944,"fraud_Zboncak, Rowe and Murazik",shopping_net,101.91,Elizabeth,Brady,F,Harrisberg,DE,9271,37.340386,-137.535062,768349,Mechanical engineer,1955-04-25,sim_0c70e5cf-6ad8-4ec2-923a-726f88a4389f,1711963846,36.140337,-83.59103499999999,0,0.0,0
c912b976-f29c-4fd6-acdf-fc4068d3b66e,2024-04-01 11:41:54,4767286519011944,fraud_Kris-Kertzmann,travel,7.3,Elizabeth,Brady,F,Harrisberg,DE,9271,37.340386,-137.535062,768349,Mechanical engineer,1955-04-25,sim_c4520d2f-dee3-43b7-ae10-c4fb5c3131dc,1711968114,31.779864,-96.281108,0,0.0,0
c912b976-f29c-4fd6-acdf-fc4068d3b66e,2024-04-01 17:00:57,4767286519011944,"fraud_Prosacco, Kreiger and Kovacek",home,49.47,Elizabeth,Brady,F,Harrisberg,DE,9271,37.340386,-137.535062,768349,Mechanical engineer,1955-04-25,sim_5af293f5-1f7e-4218-8e5e-4c369d0f202a,1711987257,40.013306,-81.986417,0,0.0,0
c912b976-f29c-4fd6-acdf-fc4068d3b66e,2024-04-01 19:14:38,4767286519011944,fraud_Frami Group,entertainment,84.86,Elizabeth,Brady,F,Harrisberg,DE,9271,37.340386,-137.535062,768349,Mechanical engineer,1955-04-25,sim_e0a99a56-8f30-413a-a1aa-05a876db8e75,1711995278,40.898344,-76.552366,0,0.0,0
c912b976-f29c-4fd6-acdf-fc4068d3b66e,2024-04-01 23:31:05,4767286519011944,fraud_Mohr Inc,shopping_pos,3595.61,Elizabeth,Brady,F,Harrisberg,DE,9271,37.340386,-137.535062,768349,Mechanical engineer,1955-04-25,sim_e9a4013a-4702-424e-a337-b54007090fc3,1712010665,40.430287,-107.052299,0,0.02,0
c912b976-f29c-4fd6-acdf-fc4068d3b66e,2024-04-02 02:17:17,4767286519011944,fraud_Ruecker-Mayert,kids_pets,6.86,Elizabeth,Brady,F,Harrisberg,DE,9271,37.340386,-137.535062,768349,Mechanical engineer,1955-04-25,sim_93656311-adbf-48f1-abca-66304bb7913e,1712020637,39.64084,-92.91969,0,0.01,0
c912b976-f29c-4fd6-acdf-fc4068d3b66e,2024-04-02 03:29:48,4767286519011944,fraud_Kuphal-Predovic,misc_net,14.31,Elizabeth,Brady,F,Harrisberg,DE,9271,37.340386,-137.535062,768349,Mechanical engineer,1955-04-25,sim_6fa7316c-ecc0-41bf-a150-c13b00496972,1712024988,46.526374,-112.001525,0,0.0,0
c912b976-f29c-4fd6-acdf-fc4068d3b66e,2024-04-02 07:29:25,4767286519011944,fraud_Jacobi Inc,health_fitness,41.42,Elizabeth,Brady,F,Harrisberg,DE,9271,37.340386,-137.535062,768349,Mechanical engineer,1955-04-25,sim_895d0007-51b1-41b0-82a2-aececa8e0158,1712039365,32.507323,-97.290109,0,0.0,0
c912b976-f29c-4fd6-acdf-fc4068d3b66e,2024-04-02 12:37:57,4767286519011944,fraud_Frami Group,entertainment,101.22,Elizabeth,Brady,F,Harrisberg,DE,9271,37.340386,-137.535062,768349,Mechanical engineer,1955-04-25,sim_6ad283b8-d742-42ce-a226-b72dde98584a,1712057877,41.85877,-80.344154,0,0.0,0
c912b976-f29c-4fd6-acdf-fc4068d3b66e,2024-04-02 16:43:20,4767286519011944,fraud_Koepp-Witting,grocery_pos,91.27,Elizabeth,Brady,F,Harrisberg,DE,9271,37.340386,-137.535062,768349,Mechanical engineer,1955-04-25,sim_79db2a71-8864-45f8-a874-5b6e1d869b0d,1712072600,40.69258,-91.097811,0,0.0,0
c912b976-f29c-4fd6-acdf-fc4068d3b66e,2024-04-02 22:29:35,4767286519011944,fraud_Marks Inc,gas_transport,73.26,Elizabeth,Brady,F,Harrisberg,DE,9271,37.340386,-137.535062,768349,Mechanical engineer,1955-04-25,sim_1803b0fa-749b-4072-8750-709e8e0ee6e7,1712093375,43.571954,-109.487383,0,0.0,0
c912b976-f29c-4fd6-acdf-fc4068d3b66e,2024-04-03 00:38:04,4767286519011944,"fraud_Klocko, Runolfsdottir and Breitenberg",health_fitness,39.77,Elizabeth,Brady,F,Harrisberg,DE,9271,37.340386,-137.535062,768349,Mechanical engineer,1955-04-25,sim_c95c4827-76d8-4998-99f6-65e8815fe8ba,1712101084,43.386365000000005,-76.331425,0,0.0,0
c912b976-f29c-4fd6-acdf-fc4068d3b66e,2024-04-03 06:28:52,4767286519011944,"fraud_Hahn, Douglas and Schowalter",travel,501.57,Elizabeth,Brady,F,Harrisberg,DE,9271,37.340386,-137.535062,768349,Mechanical engineer,1955-04-25,sim_966724d7-4baf-4f59-88e1-29fc091f2bc6,1712122132,27.923451,-82.178128,0,0.0,0
c912b976-f29c-4fd6-acdf-fc4068d3b66e,2024-04-03 09:29:11,4767286519011944,"fraud_Greenholt, Jacobi and Gleason",gas_transport,56.59,Elizabeth,Brady,F,Harrisberg,DE,9271,37.340386,-137.535062,768349,Mechanical engineer,1955-04-25,sim_0a57fb8b-b4c0-412f-86eb-550f08f775e7,1712132951,42.365957,-92.361399,0,0.0,0
c912b976-f29c-4fd6-acdf-fc4068d3b66e,2024-04-03 11:37:04,4767286519011944,"fraud_Schaefer, Maggio and Daugherty",gas_transport,69.96,Elizabeth,Brady,F,Harrisberg,DE,9271,37.340386,-137.535062,768349,Mechanical engineer,1955-04-25,sim_2153b8a3-adf9-4a9e-ad02-8e850bc76ac7,1712140624,31.833163,-95.34062,0,0.0,0
c912b976-f29c-4fd6-acdf-fc4068d3b66e,2024-04-03 14:25:32,4767286519011944,fraud_Daugherty-Thompson,food_dining,26.94,Elizabeth,Brady,F,Harrisberg,DE,9271,37.340386,-137.535062,768349,Mechanical engineer,1955-04-25,sim_16f13422-890b-4750-b17e-2953427f30a2,1712150732,41.248513,-84.483745,0,0.0,0
c912b976-f29c-4fd6-acdf-fc4068d3b66e,2024-04-03 16:02:45,4767286519011944,"fraud_Moore, Williamson and Emmerich",home,87.7,Elizabeth,Brady,F,Harrisberg,DE,9271,37.340386,-137.535062,768349,Mechanical engineer,1955-04-25,sim_ccf2b7d6-d864-4878-a584-990058979cef,1712156565,32.256192,-102.309237,0,0.0,0
c912b976-f29c-4fd6-acdf-fc4068d3b66e,2024-04-03 21:42:48,4767286519011944,fraud_Padberg-Rogahn,entertainment,121.83,Elizabeth,Brady,F,Harrisberg,DE,9271,37.340386,-137.535062,768349,Mechanical engineer,1955-04-25,sim_e3150706-ef26-4510-9b53-d006edc09be9,1712176968,42.453482,-73.684186,0,0.0,0
c912b976-f29c-4fd6-acdf-fc4068d3b66e,2024-04-04 01:50:19,4767286519011944,"fraud_Walter, Hettinger and Kessler",personal_care,1.19,Elizabeth,Brady,F,Harrisberg,DE,9271,37.340386,-137.535062,768349,Mechanical engineer,1955-04-25,sim_c319c1a2-a150-45f8-b0d8-c6a207107731,1712191819,43.059886,-83.976469,0,0.0,0
c912b976-f29c-4fd6-acdf-fc4068d3b66e,2024-04-04 04:55:01,4767286519011944,fraud_Torphy-Goyette,shopping_pos,5.7,Elizabeth,Brady,F,Harrisberg,DE,9271,37.340386,-137.535062,768349,Mechanical engineer,1955-04-25,sim_0a4e7ba8-32f4-4742-a0c0-5e403b2a5435,1712202901,43.037886,-86.13225,0,0.0,0
c912b976-f29c-4fd6-acdf-fc4068d3b66e,2024-04-04 10:19:36,4767286519011944,fraud_McKenzie-Huels,food_dining,15.69,Elizabeth,Brady,F,Harrisberg,DE,9271,37.340386,-137.535062,768349,Mechanical engineer,1955-04-25,sim_dfabf378-c03c-4e40-a69e-edf0f70a8a7b,1712222376,44.04,-74.372786,0,0.0,0
c912b976-f29c-4fd6-acdf-fc4068d3b66e,2024-04-04 13:07:42,4767286519011944,fraud_Larkin Ltd,kids_pets,47.15,Elizabeth,Brady,F,Harrisberg,DE,9271,37.340386,-137.535062,768349,Mechanical engineer,1955-04-25,sim_f2f7c151-db60-461e-a8f4-59a479af6d97,1712232462,41.098895,-76.51410200000001,0,0.0,0
c912b976-f29c-4fd6-acdf-fc4068d3b66e,2024-04-04 18:27:33,4767286519011944,fraud_Heathcote LLC,shopping_net,66.01,Elizabeth,Brady,F,Harrisberg,DE,9271,37.340386,-137.535062,768349,Mechanical engineer,1955-04-25,sim_2c32ae20-20d3-4bfc-ba1a-3ad7861dde5a,1712251653,40.752626,-73.52241500000001,0,0.0,0
c912b976-f29c-4fd6-acdf-fc4068d3b66e,2024-04-04 22:50:07,4767286519011944,fraud_Schmidt-Larkin,home,7.69,Elizabeth,Brady,F,Harrisberg,DE,9271,37.340386,-137.535062,768349,Mechanical engineer,1955-04-25,sim_9ff2ec1f-52e3-4959-9a4a-96054138dd0f,1712267407,33.159193,-90.733311,0,0.01,0
c912b976-f29c-4fd6-acdf-fc4068d3b66e,2024-04-05 00:20:40,4767286519011944,fraud_Terry Ltd,home,23.31,Elizabeth,Brady,F,Harrisberg,DE,9271,37.340386,-137.535062,768349,Mechanical engineer,1955-04-25,sim_402473b5-a732-49e4-8585-6fc443f445d4,1712272840,31.588613,-97.929579,0,0.0,0
c912b976-f29c-4fd6-acdf-fc4068d3b66e,2024-04-05 00:23:27,4767286519011944,fraud_Vandervort-Funk,grocery_pos,59.0,Elizabeth,Brady,F,Harrisberg,DE,9271,37.340386,-137.535062,768349,Mechanical engineer,1955-04-25,sim_cf7ee791-8c39-4b3e-a80e-773e54c4c141,1712273007,33.112963,-118.430804,0,0.02,0
c912b976-f29c-4fd6-acdf-fc4068d3b66e,2024-04-05 04:23:25,4767286519011944,"fraud_Schroeder, Hauck and Treutel",entertainment,5.66,Elizabeth,Brady,F,Harrisberg,DE,9271,37.340386,-137.535062,768349,Mechanical engineer,1955-04-25,sim_e30741ee-0b26-4afd-aa27-92da9b1dd4e4,1712287405,34.103461,-88.06277800000001,0,0.0,0
c912b976-f29c-4fd6-acdf-fc4068d3b66e,2024-04-05 09:44:11,4767286519011944,fraud_Veum-Koelpin,travel,6.7,Elizabeth,Brady,F,Harrisberg,DE,9271,37.340386,-137.535062,768349,Mechanical engineer,1955-04-25,sim_8f0320e2-259f-458d-b69f-9111111d43fa,1712306651,35.039702,-77.635052,0,0.0,0
c912b976-f29c-4fd6-acdf-fc4068d3b66e,2024-04-05 15:25:15,4767286519011944,"fraud_Okuneva, Schneider and Rau",shopping_pos,226.53,Elizabeth,Brady,F,Harrisberg,DE,9271,37.340386,-137.535062,768349,Mechanical engineer,1955-04-25,sim_8be739b3-d62d-4b2c-9dc2-7f256cfb81c3,1712327115,45.706561,-86.612903,0,0.0,0
c912b976-f29c-4fd6-acdf-fc4068d3b66e,2024-04-05 16:37:00,4767286519011944,fraud_Jerde-Hermann,travel,8.14,Elizabeth,Brady,F,Harrisberg,DE,9271,37.340386,-137.535062,768349,Mechanical engineer,1955-04-25,sim_60a16b40-f8eb-415f-a14e-1b5ad30452a3,1712331420,38.847382,-81.958896,0,0.0,0
c912b976-f29c-4fd6-acdf-fc4068d3b66e,2024-04-05 17:37:39,4767286519011944,"fraud_Reinger, Weissnat and Strosin",food_dining,3.5,Elizabeth,Brady,F,Harrisberg,DE,9271,37.340386,-137.535062,768349,Mechanical engineer,1955-04-25,sim_dceb7bee-2cd7-4cdc-936b-fcd0719f8f69,1712335059,40.189758000000005,-78.530047,0,0.0,0
c912b976-f29c-4fd6-acdf-fc4068d3b66e,2024-04-05 20:31:12,4767286519011944,fraud_Vandervort-Funk,grocery_pos,86.46,Elizabeth,Brady,F,Harrisberg,DE,9271,37.340386,-137.535062,768349,Mechanical engineer,1955-04-25,sim_e0cceb4c-64c0-4581-9d7b-29f000f38154,1712345472,43.045491,-71.370325,0,0.0,0
c912b976-f29c-4fd6-acdf-fc4068d3b66e,2024-04-05 20:55:08,4767286519011944,fraud_Spinka Inc,grocery_net,33.71,Elizabeth,Brady,F,Harrisberg,DE,9271,37.340386,-137.535062,768349,Mechanical engineer,1955-04-25,sim_4cb875e0-5291-42e5-9a88-cc8a1f2302a4,1712346908,39.926965,-95.674829,0,0.0,0
c912b976-f29c-4fd6-acdf-fc4068d3b66e,2024-04-05 22:00:37,4767286519011944,fraud_Huel-Langworth,misc_net,755.51,Elizabeth,Brady,F,Harrisberg,DE,9271,37.340386,-137.535062,768349,Mechanical engineer,1955-04-25,sim_a5f8ab34-e861-44b3-82b9-54898ad1a145,1712350837,43.87858,-70.280754,1,0.79,1
c912b976-f29c-4fd6-acdf-fc4068d3b66e,2024-04-05 22:02:12,4767286519011944,fraud_Lubowitz-Walter,kids_pets,190.16,Elizabeth,Brady,F,Harrisberg,DE,9271,37.340386,-137.535062,768349,Mechanical engineer,1955-04-25,sim_f52a5d8e-51df-4c90-acd0-336c993b5619,1712350932,34.766312,-105.755912,0,0.0,0
c912b976-f29c-4fd6-acdf-fc4068d3b66e,2024-04-05 23:02:45,4767286519011944,fraud_Osinski Inc,personal_care,36.69,Elizabeth,Brady,F,Harrisberg,DE,9271,37.340386,-137.535062,768349,Mechanical engineer,1955-04-25,sim_e07b1f5f-6bbd-4ec5-84c9-141546b6c1e0,1712354565,33.813199,-93.181058,0,0.0,0
c912b976-f29c-4fd6-acdf-fc4068d3b66e,2024-04-06 03:14:57,4767286519011944,fraud_Bailey-Morar,grocery_pos,52.56,Elizabeth,Brady,F,Harrisberg,DE,9271,37.340386,-137.535062,768349,Mechanical engineer,1955-04-25,sim_434b5e05-0abc-4631-94bc-7c6a14250f8f,1712369697,35.756058,-96.032135,0,0.0,0
c912b976-f29c-4fd6-acdf-fc4068d3b66e,2024-04-06 03:27:32,4767286519011944,"fraud_Schmeler, Bashirian and Price",shopping_net,7.77,Elizabeth,Brady,F,Harrisberg,DE,9271,37.340386,-137.535062,768349,Mechanical engineer,1955-04-25,sim_2158ced6-1a11-4f0d-b0d6-3a9fae16cd64,1712370452,33.543519,-83.494557,0,0.0,0
c912b976-f29c-4fd6-acdf-fc4068d3b66e,2024-04-06 08:50:42,4767286519011944,"fraud_Moen, Reinger and Murphy",grocery_pos,160.8,Elizabeth,Brady,F,Harrisberg,DE,9271,37.340386,-137.535062,768349,Mechanical engineer,1955-04-25,sim_714339a6-e542-47e0-9dd6-eed97d0ba243,1712389842,33.450136,-110.634522,0,0.0,0
c912b976-f29c-4fd6-acdf-fc4068d3b66e,2024-04-06 09:25:08,4767286519011944,fraud_Bednar PLC,kids_pets,79.22,Elizabeth,Brady,F,Harrisberg,DE,9271,37.340386,-137.535062,768349,Mechanical engineer,1955-04-25,sim_796a7339-fca1-430e-abac-4892f466daa8,1712391908,38.565212,-78.002687,0,0.0,0
c912b976-f29c-4fd6-acdf-fc4068d3b66e,2024-04-06 14:30:47,4767286519011944,fraud_Romaguera and Sons,travel,9.91,Elizabeth,Brady,F,Harrisberg,DE,9271,37.340386,-137.535062,768349,Mechanical engineer,1955-04-25,sim_c09325ef-2fec-459b-b71b-c302c8092821,1712410247,48.494982,-122.2681,0,0.0,0
c912b976-f29c-4fd6-acdf-fc4068d3b66e,2024-04-06 17:46:39,4767286519011944,fraud_Abbott-Rogahn,entertainment,99.41,Elizabeth,Brady,F,Harrisberg,DE,9271,37.340386,-137.535062,768349,Mechanical engineer,1955-04-25,sim_c1f79452-e55a-4501-a545-d07db036f8e4,1712421999,43.276519,-94.747103,0,0.0,0
c912b976-f29c-4fd6-acdf-fc4068d3b66e,2024-04-06 22:26:43,4767286519011944,"fraud_Schaefer, Maggio and Daugherty",gas_transport,81.28,Elizabeth,Brady,F,Harrisberg,DE,9271,37.340386,-137.535062,768349,Mechanical engineer,1955-04-25,sim_a86fb252-5727-4f84-abb3-99b41aae2c47,1712438803,30.415262,-85.52385500000001,0,0.0,0
c912b976-f29c-4fd6-acdf-fc4068d3b66e,2024-04-07 01:43:34,4767286519011944,fraud_White and Sons,home,22.07,Elizabeth,Brady,F,Harrisberg,DE,9271,37.340386,-137.535062,768349,Mechanical engineer,1955-04-25,sim_e7a11064-5bde-4a6a-b71b-d842b3a7066c,1712450614,30.781918,-90.252263,0,0.0,0
c912b976-f29c-4fd6-acdf-fc4068d3b66e,2024-04-07 07:27:55,4767286519011944,"fraud_Rohan, White and Aufderhar",misc_net,5.02,Elizabeth,Brady,F,Harrisberg,DE,9271,37.340386,-137.535062,768349,Mechanical engineer,1955-04-25,sim_b43aa071-963b-416b-beba-4cb6be880f42,1712471275,39.074457,-77.04989300000001,0,0.0,0
c912b976-f29c-4fd6-acdf-fc4068d3b66e,2024-04-07 08:39:15,4767286519011944,fraud_Koepp-Witting,grocery_pos,119.8,Elizabeth,Brady,F,Harrisberg,DE,9271,37.340386,-137.535062,768349,Mechanical engineer,1955-04-25,sim_baf86136-0810-4692-82e4-acf0f49fd4a3,1712475555,38.275066,-122.262771,0,0.01,0
c912b976-f29c-4fd6-acdf-fc4068d3b66e,2024-04-07 11:47:08,4767286519011944,fraud_Doyle Ltd,grocery_pos,201.42,Elizabeth,Brady,F,Harrisberg,DE,9271,37.340386,-137.535062,768349,Mechanical engineer,1955-04-25,sim_a8c02a1d-53cf-4584-b62d-d7399e706f23,1712486828,47.487712,-122.272805,0,0.0,0
c912b976-f29c-4fd6-acdf-fc4068d3b66e,2024-04-07 17:39:22,4767286519011944,fraud_Mraz-Herzog,gas_transport,49.03,Elizabeth,Brady,F,Harrisberg,DE,9271,37.340386,-137.535062,768349,Mechanical engineer,1955-04-25,sim_c7858088-ffc5-4ad0-a117-1276907724e8,1712507962,42.494448,-74.063773,0,0.0,0
c912b976-f29c-4fd6-acdf-fc4068d3b66e,2024-04-07 18:55:53,4767286519011944,"fraud_Hettinger, McCullough and Fay",home,165.98,Elizabeth,Brady,F,Harrisberg,DE,9271,37.340386,-137.535062,768349,Mechanical engineer,1955-04-25,sim_3b388a5a-378d-4994-b3cd-9d25904fc22e,1712512553,41.405318,-82.285217,0,0.0,0
c912b976-f29c-4fd6-acdf-fc4068d3b66e,2024-04-07 22:43:39,4767286519011944,fraud_Corwin-Romaguera,travel,4.57,Elizabeth,Brady,F,Harrisberg,DE,9271,37.340386,-137.535062,768349,Mechanical engineer,1955-04-25,sim_3e282e6d-3793-4231-b9d8-c6212b6ed0cc,1712526219,37.937783,-89.271168,0,0.0,0
c912b976-f29c-4fd6-acdf-fc4068d3b66e,2024-04-08 01:42:12,4767286519011944,"fraud_Robel, Cummerata and Prosacco",gas_transport,83.25,Elizabeth,Brady,F,Harrisberg,DE,9271,37.340386,-137.535062,768349,Mechanical engineer,1955-04-25,sim_b0ab89af-4f5a-4768-97cb-bbb56238e53b,1712536932,38.632749,-79.106674,0,0.0,0
c912b976-f29c-4fd6-acdf-fc4068d3b66e,2024-04-08 06:42:50,4767286519011944,fraud_Donnelly LLC,entertainment,105.59,Elizabeth,Brady,F,Harrisberg,DE,9271,37.340386,-137.535062,768349,Mechanical engineer,1955-04-25,sim_252c8545-4025-4d94-b3d8-a4d2c6c7c7f7,1712554970,49.435809000000006,-92.375324,0,0.0,0
c912b976-f29c-4fd6-acdf-fc4068d3b66e,2024-04-08 11:11:45,4767286519011944,fraud_Pacocha-Bauch,shopping_pos,7.53,Elizabeth,Brady,F,Harrisberg,DE,9271,37.340386,-137.535062,768349,Mechanical engineer,1955-04-25,sim_a7efd961-d0cb-4a50-b76e-5190b1c3ca42,1712571105,33.305507,-90.516081,0,0.0,0
c912b976-f29c-4fd6-acdf-fc4068d3b66e,2024-04-08 11:54:52,4767286519011944,"fraud_Streich, Rolfson and Wilderman",kids_pets,141.2,Elizabeth,Brady,F,Harrisberg,DE,9271,37.340386,-137.535062,768349,Mechanical engineer,1955-04-25,sim_98ab4968-72ba-4582-9332-5ef5a459cb36,1712573692,33.793685,-118.293899,0,0.0,0
c912b976-f29c-4fd6-acdf-fc4068d3b66e,2024-04-08 11:59:28,4767286519011944,"fraud_Willms, Kris and Bergnaum",shopping_pos,13.23,Elizabeth,Brady,F,Harrisberg,DE,9271,37.340386,-137.535062,768349,Mechanical engineer,1955-04-25,sim_0308b8cc-9f9a-4405-9ba5-1ef531b85569,1712573968,31.664712,-89.76297,0,0.0,0
c912b976-f29c-4fd6-acdf-fc4068d3b66e,2024-04-08 17:21:02,4767286519011944,fraud_Cole PLC,grocery_pos,214.66,Elizabeth,Brady,F,Harrisberg,DE,9271,37.340386,-137.535062,768349,Mechanical engineer,1955-04-25,sim_04083e22-b80b-40d3-a1ec-3e9887d5faef,1712593262,31.686294,-87.15506500000001,0,0.0,0
c912b976-f29c-4fd6-acdf-fc4068d3b66e,2024-04-08 22:51:04,4767286519011944,fraud_Bailey-Morar,grocery_pos,70.94,Elizabeth,Brady,F,Harrisberg,DE,9271,37.340386,-137.535062,768349,Mechanical engineer,1955-04-25,sim_59f97c0c-624c-4f8e-b6ac-d5ed922c26d6,1712613064,41.456782,-74.153177,0,0.0,0
c912b976-f29c-4fd6-acdf-fc4068d3b66e,2024-04-09 01:33:17,4767286519011944,fraud_Kerluke-Abshire,shopping_net,45.41,Elizabeth,Brady,F,Harrisberg,DE,9271,37.340386,-137.535062,768349,Mechanical engineer,1955-04-25,sim_53100c3c-b302-4ff7-83ba-9419281a020b,1712622797,28.337925,-81.70684399999999,0,0.0,0
c912b976-f29c-4fd6-acdf-fc4068d3b66e,2024-04-09 02:04:49,4767286519011944,"fraud_Runolfsdottir, Mueller and Hand",entertainment,88.68,Elizabeth,Brady,F,Harrisberg,DE,9271,37.340386,-137.535062,768349,Mechanical engineer,1955-04-25,sim_0b2b238f-9071-4c05-ba94-44f7510ed943,1712624689,44.040072,-94.108787,0,0.0,0
c912b976-f29c-4fd6-acdf-fc4068d3b66e,2024-04-09 05:59:06,4767286519011944,fraud_Adams-Barrows,health_fitness,4.35,Elizabeth,Brady,F,Harrisberg,DE,9271,37.340386,-137.535062,768349,Mechanical engineer,1955-04-25,sim_b40f383d-3341-4cd9-9389-53d177ade2a1,1712638746,33.538575,-85.28149300000001,0,0.0,0
c912b976-f29c-4fd6-acdf-fc4068d3b66e,2024-04-09 08:20:28,4767286519011944,fraud_Wilkinson Ltd,entertainment,31.61,Elizabeth,Brady,F,Harrisberg,DE,9271,37.340386,-137.535062,768349,Mechanical engineer,1955-04-25,sim_fbba4a34-5df9-4074-8a53-687b7de986fe,1712647228,33.141225,-89.112385,0,0.0,0
c912b976-f29c-4fd6-acdf-fc4068d3b66e,2024-04-09 09:27:49,4767286519011944,fraud_Kutch-Ferry,home,27.0,Elizabeth,Brady,F,Harrisberg,DE,9271,37.340386,-137.535062,768349,Mechanical engineer,1955-04-25,sim_f015750a-bae0-46dd-849b-09a8075ec46e,1712651269,39.024945,-87.81886899999999,0,0.0,0
c912b976-f29c-4fd6-acdf-fc4068d3b66e,2024-04-09 13:17:08,4767286519011944,fraud_Prosacco LLC,personal_care,27.15,Elizabeth,Brady,F,Harrisberg,DE,9271,37.340386,-137.535062,768349,Mechanical engineer,1955-04-25,sim_2a51089c-10c7-4cb4-bc3b-4ec62705d355,1712665028,40.757936,-84.042035,0,0.0,0
c912b976-f29c-4fd6-acdf-fc4068d3b66e,2024-04-09 14:55:19,4767286519011944,fraud_Predovic Inc,shopping_net,6.09,Elizabeth,Brady,F,Harrisberg,DE,9271,37.340386,-137.535062,768349,Mechanical engineer,1955-04-25,sim_dd664c0c-8de5-460b-80e2-9b35c04ef964,1712670919,42.956757,-76.676422,0,0.0,0
c912b976-f29c-4fd6-acdf-fc4068d3b66e,2024-04-09 17:37:03,4767286519011944,fraud_Eichmann-Kilback,home,18.03,Elizabeth,Brady,F,Harrisberg,DE,9271,37.340386,-137.535062,768349,Mechanical engineer,1955-04-25,sim_a6c150f8-6de6-4c15-9f69-3cadc85d2cae,1712680623,34.563322,-81.118059,0,0.0,0
c912b976-f29c-4fd6-acdf-fc4068d3b66e,2024-04-09 21:29:40,4767286519011944,fraud_Hammes-Beatty,kids_pets,17.89,Elizabeth,Brady,F,Harrisberg,DE,9271,37.340386,-137.535062,768349,Mechanical engineer,1955-04-25,sim_35425a6e-ba36-4747-9903-935c97459886,1712694580,35.820469,-91.835557,0,0.0,0
c912b976-f29c-4fd6-acdf-fc4068d3b66e,2024-04-09 22:14:13,4767286519011944,fraud_Kilback LLC,grocery_pos,80.04,Elizabeth,Brady,F,Harrisberg,DE,9271,37.340386,-137.535062,768349,Mechanical engineer,1955-04-25,sim_e5db159a-cbf4-4c7f-b0b3-b1d1dc301e3c,1712697253,35.466913,-99.932328,0,0.0,0
c912b976-f29c-4fd6-acdf-fc4068d3b66e,2024-04-10 01:20:45,4767286519011944,"fraud_Casper, Hand and Zulauf",grocery_pos,103.3,Elizabeth,Brady,F,Harrisberg,DE,9271,37.340386,-137.535062,768349,Mechanical engineer,1955-04-25,sim_a3624b76-9e12-4891-bad0-ef54711a4112,1712708445,38.841568,-78.78804699999999,0,0.0,0
c912b976-f29c-4fd6-acdf-fc4068d3b66e,2024-04-10 03:25:55,4767286519011944,"fraud_Streich, Dietrich and Barton",shopping_net,4.79,Elizabeth,Brady,F,Harrisberg,DE,9271,37.340386,-137.535062,768349,Mechanical engineer,1955-04-25,sim_912a326b-a3f0-4ba3-ad67-5bbbecd5a054,1712715955,34.127907,-91.905033,0,0.0,0
c912b976-f29c-4fd6-acdf-fc4068d3b66e,2024-04-10 08:17:12,4767286519011944,fraud_Beier and Sons,home,12.21,Elizabeth,Brady,F,Harrisberg,DE,9271,37.340386,-137.535062,768349,Mechanical engineer,1955-04-25,sim_94a656f6-1e8a-40b7-8e8c-c55f70ec6f40,1712733432,36.809976,-97.688678,0,0.0,0
c912b976-f29c-4fd6-acdf-fc4068d3b66e,2024-04-10 09:28:46,4767286519011944,fraud_Prohaska-Murray,gas_transport,86.32,Elizabeth,Brady,F,Harrisberg,DE,9271,37.340386,-137.535062,768349,Mechanical engineer,1955-04-25,sim_07810e1b-8c43-4461-ba70-f22fc13c2ff5,1712737726,40.287223,-98.135182,0,0.0,0
c912b976-f29c-4fd6-acdf-fc4068d3b66e,2024-04-10 14:03:20,4767286519011944,fraud_Gibson-Deckow,entertainment,26.61,Elizabeth,Brady,F,Harrisberg,DE,9271,37.340386,-137.535062,768349,Mechanical engineer,1955-04-25,sim_d39052bf-11a0-495e-9992-567f434f2be7,1712754200,36.950582,-97.990712,0,0.0,0
c912b976-f29c-4fd6-acdf-fc4068d3b66e,2024-04-10 16:28:39,4767286519011944,fraud_Turner and Sons,shopping_pos,134.13,Elizabeth,Brady,F,Harrisberg,DE,9271,37.340386,-137.535062,768349,Mechanical engineer,1955-04-25,sim_4f09aaea-e94a-4b84-8673-213634dfeb0e,1712762919,29.956013,-96.65914,0,0.0,0
c912b976-f29c-4fd6-acdf-fc4068d3b66e,2024-04-10 21:19:37,4767286519011944,"fraud_Hodkiewicz, Prohaska and Paucek",travel,436.3,Elizabeth,Brady,F,Harrisberg,DE,9271,37.340386,-137.535062,768349,Mechanical engineer,1955-04-25,sim_d81938f6-9fd4-4d0a-9ce8-3a73a8b02a6c,1712780377,40.831783,-79.277963,0,0.0,0
c912b976-f29c-4fd6-acdf-fc4068d3b66e,2024-04-10 21:20:40,4767286519011944,"fraud_Lesch, D'Amore and Brown",food_dining,255.82,Elizabeth,Brady,F,Harrisberg,DE,9271,37.340386,-137.535062,768349,Mechanical engineer,1955-04-25,sim_a78a014e-43c5-4719-9af1-fb3c7341a077,1712780440,28.871182,-97.734408,0,0.0,0
c912b976-f29c-4fd6-acdf-fc4068d3b66e,2024-04-10 22:39:39,4767286519011944,fraud_Mante Group,misc_net,23.66,Elizabeth,Brady,F,Harrisberg,DE,9271,37.340386,-137.535062,768349,Mechanical engineer,1955-04-25,sim_ddadac9f-c88c-4137-8fff-13ab69f3c9de,1712785179,33.980684000000004,-116.75453799999998,0,0.01,0
c912b976-f29c-4fd6-acdf-fc4068d3b66e,2024-04-11 03:04:41,4767286519011944,"fraud_Bahringer, Bergnaum and Quitzon",home,13.58,Elizabeth,Brady,F,Harrisberg,DE,9271,37.340386,-137.535062,768349,Mechanical engineer,1955-04-25,sim_09554a3c-bba1-4928-a1b5-3cbcd2c47ff3,1712801081,42.450635,-72.808689,0,0.0,0
c912b976-f29c-4fd6-acdf-fc4068d3b66e,2024-04-11 06:30:51,4767286519011944,"fraud_Konopelski, Schneider and Hartmann",food_dining,57.91,Elizabeth,Brady,F,Harrisberg,DE,9271,37.340386,-137.535062,768349,Mechanical engineer,1955-04-25,sim_dbb13d05-07e1-4094-82e1-35eda8dba43e,1712813451,41.704048,-78.50689799999999,0,0.0,0
c912b976-f29c-4fd6-acdf-fc4068d3b66e,2024-04-11 07:27:18,4767286519011944,"fraud_Yost, Schamberger and Windler",kids_pets,8.31,Elizabeth,Brady,F,Harrisberg,DE,9271,37.340386,-137.535062,768349,Mechanical engineer,1955-04-25,sim_0507bf8b-2e8b-44e2-aa94-97592ba27183,1712816838,29.404878000000004,-83.94295600000001,0,0.0,0
c912b976-f29c-4fd6-acdf-fc4068d3b66e,2024-04-11 12:15:33,4767286519011944,fraud_Bauch-Raynor,grocery_pos,91.19,Elizabeth,Brady,F,Harrisberg,DE,9271,37.340386,-137.535062,768349,Mechanical engineer,1955-04-25,sim_59491fc8-6966-41f1-be06-46e8bf7310cc,1712834133,44.835454,-89.40702399999999,0,0.0,0
c912b976-f29c-4fd6-acdf-fc4068d3b66e,2024-04-11 13:56:38,4767286519011944,"fraud_Adams, Kovacek and Kuhlman",grocery_net,33.66,Elizabeth,Brady,F,Harrisberg,DE,9271,37.340386,-137.535062,768349,Mechanical engineer,1955-04-25,sim_d1fbc2cd-7243-40df-b3b3-8990dd752403,1712840198,39.208568,-78.696504,0,0.0,0
c912b976-f29c-4fd6-acdf-fc4068d3b66e,2024-04-11 19:18:59,4767286519011944,fraud_Rempel Inc,shopping_net,2.19,Elizabeth,Brady,F,Harrisberg,DE,9271,37.340386,-137.535062,768349,Mechanical engineer,1955-04-25,sim_17047993-021c-4e33-9a38-36675fe991ba,1712859539,40.146089,-91.149281,0,0.0,0
c912b976-f29c-4fd6-acdf-fc4068d3b66e,2024-04-12 00:16:38,4767286519011944,"fraud_Robel, Cummerata and Prosacco",gas_transport,62.33,Elizabeth,Brady,F,Harrisberg,DE,9271,37.340386,-137.535062,768349,Mechanical engineer,1955-04-25,sim_498f7506-f528-4d06-aaf3-be10221641a6,1712877398,27.464584,-80.57624799999999,0,0.0,0
c912b976-f29c-4fd6-acdf-fc4068d3b66e,2024-04-12 03:20:18,4767286519011944,fraud_Barrows PLC,shopping_pos,1.1,Elizabeth,Brady,F,Harrisberg,DE,9271,37.340386,-137.535062,768349,Mechanical engineer,1955-04-25,sim_5d7da9e1-6fc1-4abd-a350-06ef7625d4a1,1712888418,29.649629,-90.395968,0,0.0,0
c912b976-f29c-4fd6-acdf-fc4068d3b66e,2024-04-12 04:05:31,4767286519011944,fraud_Schuppe LLC,entertainment,13.88,Elizabeth,Brady,F,Harrisberg,DE,9271,37.340386,-137.535062,768349,Mechanical engineer,1955-04-25,sim_56148b71-d8f0-44f1-b9f8-7d0d4bb2edf0,1712891131,34.120188,-86.40902700000001,0,0.0,0
c912b976-f29c-4fd6-acdf-fc4068d3b66e,2024-04-12 09:34:56,4767286519011944,fraud_Morissette-Schaefer,personal_care,124.68,Elizabeth,Brady,F,Harrisberg,DE,9271,37.340386,-137.535062,768349,Mechanical engineer,1955-04-25,sim_99a7be58-4f86-4676-9370-200810ba638b,1712910896,38.70303,-79.196313,0,0.0,0
c912b976-f29c-4fd6-acdf-fc4068d3b66e,2024-04-12 10:01:24,4767286519011944,fraud_Beer-Jast,kids_pets,8.84,Elizabeth,Brady,F,Harrisberg,DE,9271,37.340386,-137.535062,768349,Mechanical engineer,1955-04-25,sim_70874c58-cdce-44f0-8546-4c2381ad7a3f,1712912484,30.917890000000003,-84.35695600000001,0,0.0,0
c912b976-f29c-4fd6-acdf-fc4068d3b66e,2024-04-12 10:41:42,4767286519011944,fraud_Rau-Robel,kids_pets,105.91,Elizabeth,Brady,F,Harrisberg,DE,9271,37.340386,-137.535062,768349,Mechanical engineer,1955-04-25,sim_5ab3f828-0f77-4980-a872-d0522199ddd4,1712914902,37.797417,-123.244256,0,0.0,0
c912b976-f29c-4fd6-acdf-fc4068d3b66e,2024-04-12 12:36:00,4767286519011944,fraud_Bauch-Raynor,grocery_pos,77.32,Elizabeth,Brady,F,Harrisberg,DE,9271,37.340386,-137.535062,768349,Mechanical engineer,1955-04-25,sim_d06ea770-f564-467b-9ecb-6fcb839a62be,1712921760,41.35584,-77.83537,0,0.0,0
c912b976-f29c-4fd6-acdf-fc4068d3b66e,2024-04-12 14:41:20,4767286519011944,fraud_Wolf Inc,grocery_pos,139.42,Elizabeth,Brady,F,Harrisberg,DE,9271,37.340386,-137.535062,768349,Mechanical engineer,1955-04-25,sim_88516b7d-ea46-400c-93ee-e954600905a4,1712929280,39.82098,-89.587665,0,0.0,0
c912b976-f29c-4fd6-acdf-fc4068d3b66e,2024-04-12 17:34:34,4767286519011944,"fraud_Kovacek, Dibbert and Ondricka",grocery_pos,185.6,Elizabeth,Brady,F,Harrisberg,DE,9271,37.340386,-137.535062,768349,Mechanical engineer,1955-04-25,sim_d1fe00b7-4b07-497e-bb83-efc8ba8c8ffb,1712939674,32.801697999999995,-84.817712,0,0.0,0
c912b976-f29c-4fd6-acdf-fc4068d3b66e,2024-04-12 23:25:08,4767286519011944,fraud_Auer-Mosciski,grocery_pos,111.89,Elizabeth,Brady,F,Harrisberg,DE,9271,37.340386,-137.535062,768349,Mechanical engineer,1955-04-25,sim_7fe1fe63-fa55-4e27-a371-685bcf14de1a,1712960708,32.099677,-83.82928100000001,0,0.0,0
c912b976-f29c-4fd6-acdf-fc4068d3b66e,2024-04-13 00:31:03,4767286519011944,"fraud_Hermiston, Russel and Price",food_dining,24.31,Elizabeth,Brady,F,Harrisberg,DE,9271,37.340386,-137.535062,768349,Mechanical engineer,1955-04-25,sim_07ac26f7-a1fa-41ef-994b-5bb5b23d4b93,1712964663,39.988892,-78.30458,0,0.0,0
c912b976-f29c-4fd6-acdf-fc4068d3b66e,2024-04-13 00:58:51,4767286519011944,fraud_Cummings LLC,gas_transport,79.86,Elizabeth,Brady,F,Harrisberg,DE,9271,37.340386,-137.535062,768349,Mechanical engineer,1955-04-25,sim_b91e9410-df23-4e12-94f4-28245cfdf8a1,1712966331,42.8745,-78.708729,0,0.0,0
c912b976-f29c-4fd6-acdf-fc4068d3b66e,2024-04-13 04:22:20,4767286519011944,fraud_Kihn-Fritsch,food_dining,81.54,Elizabeth,Brady,F,Harrisberg,DE,9271,37.340386,-137.535062,768349,Mechanical engineer,1955-04-25,sim_94c25c98-ad20-448f-ad6a-34011b4506fc,1712978540,34.913276,-79.35645699999999,0,0.0,0
c912b976-f29c-4fd6-acdf-fc4068d3b66e,2024-04-13 08:34:47,4767286519011944,"fraud_Walter, Hettinger and Kessler",personal_care,48.41,Elizabeth,Brady,F,Harrisberg,DE,9271,37.340386,-137.535062,768349,Mechanical engineer,1955-04-25,sim_3fbbdf4b-186e-4cf3-acda-c5eeed2110a6,1712993687,39.688264,-91.702095,0,0.0,0
c912b976-f29c-4fd6-acdf-fc4068d3b66e,2024-04-13 13:49:37,4767286519011944,fraud_Rippin-VonRueden,health_fitness,30.82,Elizabeth,Brady,F,Harrisberg,DE,9271,37.340386,-137.535062,768349,Mechanical engineer,1955-04-25,sim_19746aad-d092-48dc-a29b-7f2b83194c41,1713012577,33.247327,-85.694808,0,0.0,0
c912b976-f29c-4fd6-acdf-fc4068d3b66e,2024-04-13 16:08:02,4767286519011944,fraud_Ankunding LLC,shopping_net,2.78,Elizabeth,Brady,F,Harrisberg,DE,9271,37.340386,-137.535062,768349,Mechanical engineer,1955-04-25,sim_40d93635-d4a2-4854-b3ca-36c7509f7b85,1713020882,29.763175,-96.187853,0,0.0,0
c912b976-f29c-4fd6-acdf-fc4068d3b66e,2024-04-13 20:44:00,4767286519011944,"fraud_Schaefer, Fay and Hilll",entertainment,25.9,Elizabeth,Brady,F,Harrisberg,DE,9271,37.340386,-137.535062,768349,Mechanical engineer,1955-04-25,sim_07adad7a-12e3-43b4-841c-08cc3ec3029c,1713037440,40.756177,-99.109104,0,0.0,0
c912b976-f29c-4fd6-acdf-fc4068d3b66e,2024-04-14 01:21:48,4767286519011944,fraud_Marks Inc,gas_transport,65.63,Elizabeth,Brady,F,Harrisberg,DE,9271,37.340386,-137.535062,768349,Mechanical engineer,1955-04-25,sim_ab4cb0fe-822c-448c-91d2-be80b5d39621,1713054108,36.38026,-97.880629,0,0.0,0
c912b976-f29c-4fd6-acdf-fc4068d3b66e,2024-04-14 02:48:17,4767286519011944,"fraud_Raynor, Feest and Miller",gas_transport,56.95,Elizabeth,Brady,F,Harrisberg,DE,9271,37.340386,-137.535062,768349,Mechanical engineer,1955-04-25,sim_f68a1432-661a-4a63-9486-1a77880e4691,1713059297,41.342768,-71.172545,0,0.0,0
c912b976-f29c-4fd6-acdf-fc4068d3b66e,2024-04-14 06:53:26,4767286519011944,"fraud_Tillman, Dickinson and Labadie",gas_transport,69.55,Elizabeth,Brady,F,Harrisberg,DE,9271,37.340386,-137.535062,768349,Mechanical engineer,1955-04-25,sim_f71c5822-5695-40bd-84bf-e13bede24200,1713074006,34.061102000000005,-89.97592900000001,0,0.0,0
c912b976-f29c-4fd6-acdf-fc4068d3b66e,2024-04-14 10:12:50,4767286519011944,"fraud_Gottlieb, Considine and Schultz",shopping_net,97.54,Elizabeth,Brady,F,Harrisberg,DE,9271,37.340386,-137.535062,768349,Mechanical engineer,1955-04-25,sim_7171c477-99a1-44a0-94ac-7db8dcf7c63e,1713085970,39.156497,-93.345369,0,0.0,0
c912b976-f29c-4fd6-acdf-fc4068d3b66e,2024-04-14 10:16:05,4767286519011944,fraud_Langworth LLC,personal_care,63.44,Elizabeth,Brady,F,Harrisberg,DE,9271,37.340386,-137.535062,768349,Mechanical engineer,1955-04-25,sim_4f2e8cfa-0db4-4218-8ec1-a4f1f0159327,1713086165,36.640733,-83.94612099999999,0,0.0,0
c912b976-f29c-4fd6-acdf-fc4068d3b66e,2024-04-14 11:17:07,4767286519011944,"fraud_Medhurst, Cartwright and Ebert",personal_care,39.84,Elizabeth,Brady,F,Harrisberg,DE,9271,37.340386,-137.535062,768349,Mechanical engineer,1955-04-25,sim_4b752073-964c-4c4b-ac7b-47ea540ccc76,1713089827,32.454759,-97.479255,0,0.0,0
c912b976-f29c-4fd6-acdf-fc4068d3b66e,2024-04-14 14:40:59,4767286519011944,"fraud_Turner, Ruecker and Parisian",misc_pos,3.19,Elizabeth,Brady,F,Harrisberg,DE,9271,37.340386,-137.535062,768349,Mechanical engineer,1955-04-25,sim_e94d5198-eb71-46dc-9add-69ecfcdc590a,1713102059,41.315333,-97.605178,0,0.0,0
c912b976-f29c-4fd6-acdf-fc4068d3b66e,2024-04-14 20:18:15,4767286519011944,"fraud_Bahringer, Bergnaum and Quitzon",home,13.71,Elizabeth,Brady,F,Harrisberg,DE,9271,37.340386,-137.535062,768349,Mechanical engineer,1955-04-25,sim_26986747-efe3-48b0-b55b-4912ee0fc8ee,1713122295,41.252471,-76.456959,0,0.0,0
c912b976-f29c-4fd6-acdf-fc4068d3b66e,2024-04-14 20:22:52,4767286519011944,fraud_Wisozk and Sons,misc_pos,333.62,Elizabeth,Brady,F,Harrisberg,DE,9271,37.340386,-137.535062,768349,Mechanical engineer,1955-04-25,sim_33cee619-1499-45ed-82c8-c1cc7281b0de,1713122572,45.081006,-95.467053,0,0.04,0
c912b976-f29c-4fd6-acdf-fc4068d3b66e,2024-04-15 00:41:35,4767286519011944,"fraud_Rodriguez, Yost and Jenkins",misc_net,20.8,Elizabeth,Brady,F,Harrisberg,DE,9271,37.340386,-137.535062,768349,Mechanical engineer,1955-04-25,sim_2bf923a3-675e-42ae-b835-cac54847cd5c,1713138095,37.320216,-119.878246,0,0.0,0
c912b976-f29c-4fd6-acdf-fc4068d3b66e,2024-04-15 00:45:34,4767286519011944,fraud_Johns Inc,entertainment,11.42,Elizabeth,Brady,F,Harrisberg,DE,9271,37.340386,-137.535062,768349,Mechanical engineer,1955-04-25,sim_7045c0f5-dbc3-4b9b-9340-5e5925e37f4e,1713138334,37.400291,-104.88286399999998,0,0.0,0
c912b976-f29c-4fd6-acdf-fc4068d3b66e,2024-04-15 03:53:39,4767286519011944,"fraud_Stroman, Hudson and Erdman",gas_transport,87.24,Elizabeth,Brady,F,Harrisberg,DE,9271,37.340386,-137.535062,768349,Mechanical engineer,1955-04-25,sim_7f4090b6-273c-4b6a-a14e-16fceb101f24,1713149619,34.047847999999995,-86.859025,0,0.0,0
c912b976-f29c-4fd6-acdf-fc4068d3b66e,2024-04-15 03:56:21,4767286519011944,fraud_Morissette PLC,shopping_pos,6.38,Elizabeth,Brady,F,Harrisberg,DE,9271,37.340386,-137.535062,768349,Mechanical engineer,1955-04-25,sim_699aa862-4306-406d-ae0e-7aca29f82ccc,1713149781,37.68309,-77.763885,0,0.0,0
c912b976-f29c-4fd6-acdf-fc4068d3b66e,2024-04-15 08:24:42,4767286519011944,"fraud_Parisian, Schiller and Altenwerth",misc_net,69.09,Elizabeth,Brady,F,Harrisberg,DE,9271,37.340386,-137.535062,768349,Mechanical engineer,1955-04-25,sim_11a89a2b-7546-4258-9043-460810877952,1713165882,38.382794,-95.396895,0,0.0,0
c912b976-f29c-4fd6-acdf-fc4068d3b66e,2024-04-15 12:29:18,4767286519011944,"fraud_Streich, Dietrich and Barton",shopping_net,1051.53,Elizabeth,Brady,F,Harrisberg,DE,9271,37.340386,-137.535062,768349,Mechanical engineer,1955-04-25,sim_3fa2c552-7720-4908-a889-60d8712e3a51,1713180558,45.846151,-113.074459,1,0.75,1
c912b976-f29c-4fd6-acdf-fc4068d3b66e,2024-04-15 12:31:43,4767286519011944,fraud_Ruecker-Mayert,kids_pets,119.59,Elizabeth,Brady,F,Harrisberg,DE,9271,37.340386,-137.535062,768349,Mechanical engineer,1955-04-25,sim_0c51ef26-968c-4bea-8b29-5d957c04f464,1713180703,42.254321,-83.055458,0,0.0,0
c912b976-f29c-4fd6-acdf-fc4068d3b66e,2024-04-15 13:39:57,4767286519011944,"fraud_Lehner, Mosciski and King",misc_net,289.57,Elizabeth,Brady,F,Harrisberg,DE,9271,37.340386,-137.535062,768349,Mechanical engineer,1955-04-25,sim_92952290-8052-4d6b-be14-40543644a2f4,1713184797,38.79562,-123.194732,0,0.01,0
c912b976-f29c-4fd6-acdf-fc4068d3b66e,2024-04-15 17:03:27,4767286519011944,fraud_Bernier and Sons,kids_pets,25.12,Elizabeth,Brady,F,Harrisberg,DE,9271,37.340386,-137.535062,768349,Mechanical engineer,1955-04-25,sim_8a3d14af-07fa-40e5-9356-b24284f31941,1713197007,37.660013,-75.629083,0,0.0,0
c912b976-f29c-4fd6-acdf-fc4068d3b66e,2024-04-15 22:47:12,4767286519011944,"fraud_Zieme, Bode and Dooley",gas_transport,45.88,Elizabeth,Brady,F,Harrisberg,DE,9271,37.340386,-137.535062,768349,Mechanical engineer,1955-04-25,sim_144089cc-ae1a-48db-9a53-6268935fa4db,1713217632,40.243268,-88.443345,0,0.0,0
c912b976-f29c-4fd6-acdf-fc4068d3b66e,2024-04-16 01:33:11,4767286519011944,"fraud_Koss, McLaughlin and Mayer",food_dining,10.39,Elizabeth,Brady,F,Harrisberg,DE,9271,37.340386,-137.535062,768349,Mechanical engineer,1955-04-25,sim_08fccc32-fe2f-4af9-b931-b96cadab2861,1713227591,40.114595,-73.450599,0,0.0,0
c912b976-f29c-4fd6-acdf-fc4068d3b66e,2024-04-16 02:47:40,4767286519011944,fraud_Padberg-Rogahn,entertainment,32.34,Elizabeth,Brady,F,Harrisberg,DE,9271,37.340386,-137.535062,768349,Mechanical engineer,1955-04-25,sim_bab9dfbe-d18a-40cc-bf1c-4322365ee398,1713232060,39.467538,-75.49463399999999,0,0.0,0
c912b976-f29c-4fd6-acdf-fc4068d3b66e,2024-04-16 04:30:41,4767286519011944,fraud_Medhurst Inc,home,33.62,Elizabeth,Brady,F,Harrisberg,DE,9271,37.340386,-137.535062,768349,Mechanical engineer,1955-04-25,sim_78a38523-5510-439a-8ed8-b25d41f8400d,1713238241,44.568154,-98.552172,0,0.0,0
c912b976-f29c-4fd6-acdf-fc4068d3b66e,2024-04-16 05:17:52,4767286519011944,fraud_Mayert Group,shopping_pos,9.35,Elizabeth,Brady,F,Harrisberg,DE,9271,37.340386,-137.535062,768349,Mechanical engineer,1955-04-25,sim_70436c72-21ad-46be-a7f7-b256d4c72146,1713241072,41.651187,-85.13938,0,0.0,0
c912b976-f29c-4fd6-acdf-fc4068d3b66e,2024-04-16 09:18:29,4767286519011944,"fraud_Mosciski, Gislason and Mertz",grocery_pos,56.67,Elizabeth,Brady,F,Harrisberg,DE,9271,37.340386,-137.535062,768349,Mechanical engineer,1955-04-25,sim_7874fc2d-3b6d-4b55-a54e-b86f6ac3cefa,1713255509,45.593549,-110.147116,0,0.0,0
c912b976-f29c-4fd6-acdf-fc4068d3b66e,2024-04-16 12:06:17,4767286519011944,fraud_Goyette-Gerhold,kids_pets,85.76,Elizabeth,Brady,F,Harrisberg,DE,9271,37.340386,-137.535062,768349,Mechanical engineer,1955-04-25,sim_65e01554-4724-4cac-a4f6-0e9ecef2feb1,1713265577,41.431278000000006,-75.925751,0,0.0,0
c912b976-f29c-4fd6-acdf-fc4068d3b66e,2024-04-16 16:37:04,4767286519011944,fraud_Feil-Morar,health_fitness,4.08,Elizabeth,Brady,F,Harrisberg,DE,9271,37.340386,-137.535062,768349,Mechanical engineer,1955-04-25,sim_bec8a6d5-0ca0-4f08-a770-7f8de290edb5,1713281824,37.755561,-86.290092,0,0.0,0
c912b976-f29c-4fd6-acdf-fc4068d3b66e,2024-04-16 22:36:20,4767286519011944,fraud_Pouros-Conroy,shopping_pos,131.87,Elizabeth,Brady,F,Harrisberg,DE,9271,37.340386,-137.535062,768349,Mechanical engineer,1955-04-25,sim_ca7edfd4-c4bd-46e9-bed3-1e4ea077efae,1713303380,44.802766,-90.559168,0,0.0,0
c912b976-f29c-4fd6-acdf-fc4068d3b66e,2024-04-16 23:11:08,4767286519011944,fraud_Dare-Marvin,entertainment,21.85,Elizabeth,Brady,F,Harrisberg,DE,9271,37.340386,-137.535062,768349,Mechanical engineer,1955-04-25,sim_f2241478-af88-4d9c-a982-1e0893c0ff53,1713305468,41.531017,-80.549475,0,0.0,0
c912b976-f29c-4fd6-acdf-fc4068d3b66e,2024-04-16 23:39:25,4767286519011944,"fraud_Durgan, Gislason and Spencer",home,76.54,Elizabeth,Brady,F,Harrisberg,DE,9271,37.340386,-137.535062,768349,Mechanical engineer,1955-04-25,sim_23039073-26d4-47af-a337-2bd412524cde,1713307165,36.680137,-86.481429,0,0.0,0
c912b976-f29c-4fd6-acdf-fc4068d3b66e,2024-04-17 04:39:43,4767286519011944,"fraud_Bradtke, Torp and Bahringer",personal_care,46.03,Elizabeth,Brady,F,Harrisberg,DE,9271,37.340386,-137.535062,768349,Mechanical engineer,1955-04-25,sim_be71c02e-6129-4ae4-84b2-7eec628fa19d,1713325183,36.637501,-97.783435,0,0.0,0
c912b976-f29c-4fd6-acdf-fc4068d3b66e,2024-04-17 06:14:32,4767286519011944,fraud_Lesch Ltd,shopping_pos,16.09,Elizabeth,Brady,F,Harrisberg,DE,9271,37.340386,-137.535062,768349,Mechanical engineer,1955-04-25,sim_a3085630-1d66-4cfa-a3b7-8e16322f7bae,1713330872,41.442827,-99.002427,0,0.0,0
c912b976-f29c-4fd6-acdf-fc4068d3b66e,2024-04-17 10:59:40,4767286519011944,fraud_Runte-Mohr,food_dining,103.02,Elizabeth,Brady,F,Harrisberg,DE,9271,37.340386,-137.535062,768349,Mechanical engineer,1955-04-25,sim_d872b101-a6b3-4ebb-893a-fdc17c0e9a1d,1713347980,35.771972,-91.352176,0,0.0,0
c912b976-f29c-4fd6-acdf-fc4068d3b66e,2024-04-17 14:49:37,4767286519011944,fraud_Lubowitz-Walter,kids_pets,75.87,Elizabeth,Brady,F,Harrisberg,DE,9271,37.340386,-137.535062,768349,Mechanical engineer,1955-04-25,sim_1c1b5f34-835a-4a56-bc39-06de854892b8,1713361777,29.885876,-92.017457,0,0.0,0
c912b976-f29c-4fd6-acdf-fc4068d3b66e,2024-04-17 17:10:41,4767286519011944,fraud_Kuhn LLC,misc_net,1.96,Elizabeth,Brady,F,Harrisberg,DE,9271,37.340386,-137.535062,768349,Mechanical engineer,1955-04-25,sim_40231d24-81a3-48c6-bc09-19a2c3dab2db,1713370241,35.639453,-87.421374,0,0.0,0
c912b976-f29c-4fd6-acdf-fc4068d3b66e,2024-04-17 21:09:46,4767286519011944,"fraud_Zboncak, Rowe and Murazik",shopping_net,3.55,Elizabeth,Brady,F,Harrisberg,DE,9271,37.340386,-137.535062,768349,Mechanical engineer,1955-04-25,sim_c7d58d7a-61ed-4f2a-ba98-2daf25363457,1713384586,29.028272,-96.0785,0,0.0,0
c912b976-f29c-4fd6-acdf-fc4068d3b66e,2024-04-18 00:19:24,4767286519011944,fraud_Beier LLC,entertainment,96.45,Elizabeth,Brady,F,Harrisberg,DE,9271,37.340386,-137.535062,768349,Mechanical engineer,1955-04-25,sim_8807c3bc-0b87-4374-a045-cefe613e8cfe,1713395964,37.213017,-82.344228,0,0.0,0
c912b976-f29c-4fd6-acdf-fc4068d3b66e,2024-04-18 05:28:25,4767286519011944,fraud_Flatley-Durgan,misc_net,61.66,Elizabeth,Brady,F,Harrisberg,DE,9271,37.340386,-137.535062,768349,Mechanical engineer,1955-04-25,sim_bfba0cf4-abaa-44b4-82b6-e86029a440a5,1713414505,40.760382,-95.191509,0,0.0,0
c912b976-f29c-4fd6-acdf-fc4068d3b66e,2024-04-18 10:37:20,4767286519011944,fraud_Goyette-Herzog,travel,4.71,Elizabeth,Brady,F,Harrisberg,DE,9271,37.340386,-137.535062,768349,Mechanical engineer,1955-04-25,sim_4ea5cf41-1b64-4586-b2b5-5ae3943c793b,1713433040,32.873407,-100.017095,0,0.0,0
c912b976-f29c-4fd6-acdf-fc4068d3b66e,2024-04-18 11:48:22,4767286519011944,fraud_Wisozk and Sons,misc_pos,36.58,Elizabeth,Brady,F,Harrisberg,DE,9271,37.340386,-137.535062,768349,Mechanical engineer,1955-04-25,sim_a3de00b3-3169-4932-a074-1394444c26e9,1713437302,46.518099,-118.845609,0,0.01,0
c912b976-f29c-4fd6-acdf-fc4068d3b66e,2024-04-18 14:49:16,4767286519011944,fraud_Turcotte-Halvorson,misc_pos,37.94,Elizabeth,Brady,F,Harrisberg,DE,9271,37.340386,-137.535062,768349,Mechanical engineer,1955-04-25,sim_ac30fcc4-2ee9-4c63-81d5-4b56b40b0bfe,1713448156,39.217246,-88.685661,0,0.0,0
c912b976-f29c-4fd6-acdf-fc4068d3b66e,2024-04-18 16:30:31,4767286519011944,"fraud_Nicolas, Hills and McGlynn",entertainment,1.28,Elizabeth,Brady,F,Harrisberg,DE,9271,37.340386,-137.535062,768349,Mechanical engineer,1955-04-25,sim_65b7e4e1-e7f0-4d20-b629-28692851f76d,1713454231,41.364957,-73.865379,0,0.0,0
c912b976-f29c-4fd6-acdf-fc4068d3b66e,2024-04-18 21:05:29,4767286519011944,fraud_Hudson-Ratke,grocery_pos,310.49,Elizabeth,Brady,F,Harrisberg,DE,9271,37.340386,-137.535062,768349,Mechanical engineer,1955-04-25,sim_877726f9-8ad6-45d0-974d-0286d8c45c4e,1713470729,41.725484,-92.438261,1,0.91,1
c912b976-f29c-4fd6-acdf-fc4068d3b66e,2024-04-19 02:51:31,4767286519011944,fraud_Hyatt-Blick,travel,7.44,Elizabeth,Brady,F,Harrisberg,DE,9271,37.340386,-137.535062,768349,Mechanical engineer,1955-04-25,sim_92527841-d061-4c94-a622-16b731b3cc68,1713491491,28.785355,-97.23152,0,0.01,0
c912b976-f29c-4fd6-acdf-fc4068d3b66e,2024-04-19 06:30:58,4767286519011944,fraud_Mohr Inc,shopping_pos,1.84,Elizabeth,Brady,F,Harrisberg,DE,9271,37.340386,-137.535062,768349,Mechanical engineer,1955-04-25,sim_18b0edb9-9ef7-4afa-b0ae-049c733e7e54,1713504658,44.748528,-74.62691099999999,0,0.0,0
c912b976-f29c-4fd6-acdf-fc4068d3b66e,2024-04-19 08:27:08,4767286519011944,fraud_Little Ltd,kids_pets,61.28,Elizabeth,Brady,F,Harrisberg,DE,9271,37.340386,-137.535062,768349,Mechanical engineer,1955-04-25,sim_a16b5aed-e741-442b-8af3-97764eb6dd13,1713511628,38.355961,-94.577419,0,0.0,0
c912b976-f29c-4fd6-acdf-fc4068d3b66e,2024-04-19 13:14:05,4767286519011944,fraud_Champlin-Casper,home,3.7,Elizabeth,Brady,F,Harrisberg,DE,9271,37.340386,-137.535062,768349,Mechanical engineer,1955-04-25,sim_64fc2490-92ef-445b-892e-84b66d349cd8,1713528845,46.876892,-119.497438,0,0.0,0
c912b976-f29c-4fd6-acdf-fc4068d3b66e,2024-04-19 16:07:32,4767286519011944,"fraud_Huel, Hammes and Witting",grocery_pos,105.0,Elizabeth,Brady,F,Harrisberg,DE,9271,37.340386,-137.535062,768349,Mechanical engineer,1955-04-25,sim_0dbddbf7-143b-4ff3-9cd9-8fd74e7be869,1713539252,36.724987,-105.445918,0,0.0,0
c912b976-f29c-4fd6-acdf-fc4068d3b66e,2024-04-19 16:57:11,4767286519011944,fraud_Kuhic LLC,shopping_net,135.1,Elizabeth,Brady,F,Harrisberg,DE,9271,37.340386,-137.535062,768349,Mechanical engineer,1955-04-25,sim_05728a65-d589-43b4-92a4-14edab3a9e07,1713542231,32.69319,-96.700734,0,0.0,0
c912b976-f29c-4fd6-acdf-fc4068d3b66e,2024-04-19 17:52:23,4767286519011944,"fraud_Cole, Hills and Jewess",home,64.51,Elizabeth,Brady,F,Harrisberg,DE,9271,37.340386,-137.535062,768349,Mechanical engineer,1955-04-25,sim_551006a5-fb96-4e00-a49f-d7f1d8be0bff,1713545543,30.828511,-91.445788,0,0.0,0
c912b976-f29c-4fd6-acdf-fc4068d3b66e,2024-04-19 21:21:25,4767286519011944,fraud_Graham and Sons,health_fitness,98.17,Elizabeth,Brady,F,Harrisberg,DE,9271,37.340386,-137.535062,768349,Mechanical engineer,1955-04-25,sim_83894c5b-d243-4dab-a785-de42f5033559,1713558085,42.869754,-70.362615,0,0.0,0
c912b976-f29c-4fd6-acdf-fc4068d3b66e,2024-04-20 00:25:06,4767286519011944,"fraud_Rutherford, Homenick and Bergstrom",grocery_net,48.35,Elizabeth,Brady,F,Harrisberg,DE,9271,37.340386,-137.535062,768349,Mechanical engineer,1955-04-25,sim_9669b9dc-5573-45e4-8405-604bbe6b64c1,1713569106,40.907498,-94.173308,0,0.0,0
c912b976-f29c-4fd6-acdf-fc4068d3b66e,2024-04-20 00:51:21,4767286519011944,fraud_Gulgowski LLC,home,76.69,Elizabeth,Brady,F,Harrisberg,DE,9271,37.340386,-137.535062,768349,Mechanical engineer,1955-04-25,sim_ae129014-e72e-42fd-bf24-c3e2c7dafa27,1713570681,41.518111,-87.387063,0,0.0,0
c912b976-f29c-4fd6-acdf-fc4068d3b66e,2024-04-20 04:02:31,4767286519011944,fraud_Cummings LLC,gas_transport,69.6,Elizabeth,Brady,F,Harrisberg,DE,9271,37.340386,-137.535062,768349,Mechanical engineer,1955-04-25,sim_88cf4f7a-f494-4992-b41c-da0739f2f85f,1713582151,43.472581,-74.073355,0,0.0,0
c912b976-f29c-4fd6-acdf-fc4068d3b66e,2024-04-20 04:06:21,4767286519011944,fraud_Cormier LLC,shopping_net,29.4,Elizabeth,Brady,F,Harrisberg,DE,9271,37.340386,-137.535062,768349,Mechanical engineer,1955-04-25,sim_ebd43086-78cf-4346-83e1-19c0ef555f76,1713582381,49.479426,-92.422929,0,0.0,0
c912b976-f29c-4fd6-acdf-fc4068d3b66e,2024-04-20 08:00:53,4767286519011944,"fraud_Klocko, Runolfsdottir and Breitenberg",health_fitness,8.31,Elizabeth,Brady,F,Harrisberg,DE,9271,37.340386,-137.535062,768349,Mechanical engineer,1955-04-25,sim_15ac3d4b-d4ac-4c54-9bfa-3275285b6e16,1713596453,31.979533,-96.426263,0,0.0,0
c912b976-f29c-4fd6-acdf-fc4068d3b66e,2024-04-20 13:23:57,4767286519011944,"fraud_Streich, Hansen and Veum",gas_transport,53.0,Elizabeth,Brady,F,Harrisberg,DE,9271,37.340386,-137.535062,768349,Mechanical engineer,1955-04-25,sim_6a609d9b-7ae4-461a-904d-c99bebf46c37,1713615837,44.450431,-116.605561,0,0.0,0
c912b976-f29c-4fd6-acdf-fc4068d3b66e,2024-04-20 14:47:22,4767286519011944,fraud_Kautzer and Sons,personal_care,22.31,Elizabeth,Brady,F,Harrisberg,DE,9271,37.340386,-137.535062,768349,Mechanical engineer,1955-04-25,sim_23fe9371-2f8f-48a4-ae81-d891033df53b,1713620842,39.752194,-75.59774,0,0.0,0
c912b976-f29c-4fd6-acdf-fc4068d3b66e,2024-04-20 17:53:27,4767286519011944,fraud_Denesik and Sons,shopping_pos,10.14,Elizabeth,Brady,F,Harrisberg,DE,9271,37.340386,-137.535062,768349,Mechanical engineer,1955-04-25,sim_ceb5251e-81bf-48a2-8fea-5d8e567fbc5b,1713632007,38.860133000000005,-82.852181,0,0.0,0
c912b976-f29c-4fd6-acdf-fc4068d3b66e,2024-04-20 22:02:29,4767286519011944,"fraud_Turcotte, Batz and Buckridge",health_fitness,7.33,Elizabeth,Brady,F,Harrisberg,DE,9271,37.340386,-137.535062,768349,Mechanical engineer,1955-04-25,sim_756a4a9f-34ea-433e-868a-1980d1e93953,1713646949,41.183829,-83.393753,0,0.0,0
c912b976-f29c-4fd6-acdf-fc4068d3b66e,2024-04-21 03:48:45,4767286519011944,fraud_Haley Group,misc_pos,8.15,Elizabeth,Brady,F,Harrisberg,DE,9271,37.340386,-137.535062,768349,Mechanical engineer,1955-04-25,sim_31cdb118-23d5-4ff4-9c4c-2461dd2aa0ce,1713667725,39.135866,-82.49278199999999,0,0.0,0
c912b976-f29c-4fd6-acdf-fc4068d3b66e,2024-04-21 09:41:32,4767286519011944,fraud_Auer-Mosciski,grocery_pos,95.75,Elizabeth,Brady,F,Harrisberg,DE,9271,37.340386,-137.535062,768349,Mechanical engineer,1955-04-25,sim_b48b2540-8608-4597-b2fb-dfc415830392,1713688892,41.53546,-80.515397,0,0.0,0
c912b976-f29c-4fd6-acdf-fc4068d3b66e,2024-04-21 13:48:46,4767286519011944,fraud_Kunze Inc,grocery_pos,187.4,Elizabeth,Brady,F,Harrisberg,DE,9271,37.340386,-137.535062,768349,Mechanical engineer,1955-04-25,sim_4e1b5fda-5faa-41b2-ad53-8f2f124ec91d,1713703726,34.341421999999994,-86.550942,0,0.0,0
c912b976-f29c-4fd6-acdf-fc4068d3b66e,2024-04-21 14:43:12,4767286519011944,"fraud_Roberts, Ryan and Smith",personal_care,79.51,Elizabeth,Brady,F,Harrisberg,DE,9271,37.340386,-137.535062,768349,Mechanical engineer,1955-04-25,sim_9deaadf7-3ae7-4ff3-9cc1-07eef6e38ae4,1713706992,40.266771000000006,-80.410966,0,0.0,0
c912b976-f29c-4fd6-acdf-fc4068d3b66e,2024-04-21 19:21:10,4767286519011944,fraud_Wisozk and Sons,misc_pos,3.34,Elizabeth,Brady,F,Harrisberg,DE,9271,37.340386,-137.535062,768349,Mechanical engineer,1955-04-25,sim_bfa499b9-b8a2-44a8-975a-f5517089b347,1713723670,44.397173,-74.07938299999999,0,0.0,0
c912b976-f29c-4fd6-acdf-fc4068d3b66e,2024-04-21 19:55:03,4767286519011944,fraud_Reynolds-Schinner,misc_pos,10.88,Elizabeth,Brady,F,Harrisberg,DE,9271,37.340386,-137.535062,768349,Mechanical engineer,1955-04-25,sim_fdeeddf3-c9a5-4ce9-9ea9-26458176efe3,1713725703,38.633071,-76.42959599999999,0,0.0,0
c912b976-f29c-4fd6-acdf-fc4068d3b66e,2024-04-21 21:24:13,4767286519011944,"fraud_Torp, Muller and Borer",health_fitness,37.94,Elizabeth,Brady,F,Harrisberg,DE,9271,37.340386,-137.535062,768349,Mechanical engineer,1955-04-25,sim_31b8515c-f00c-4b6f-b862-85954d40ecfc,1713731053,34.806323,-92.501472,0,0.0,0
c912b976-f29c-4fd6-acdf-fc4068d3b66e,2024-04-21 23:33:42,4767286519011944,fraud_Romaguera and Sons,travel,6.75,Elizabeth,Brady,F,Harrisberg,DE,9271,37.340386,-137.535062,768349,Mechanical engineer,1955-04-25,sim_1b5d4b53-cfcd-416d-aac3-4f30a54381e1,1713738822,34.732906,-80.76021999999999,0,0.0,0
c912b976-f29c-4fd6-acdf-fc4068d3b66e,2024-04-22 00:19:49,4767286519011944,"fraud_Bins, Balistreri and Beatty",shopping_pos,129.87,Elizabeth,Brady,F,Harrisberg,DE,9271,37.340386,-137.535062,768349,Mechanical engineer,1955-04-25,sim_f62ce55d-950f-4b13-b296-f72de327f72c,1713741589,35.23141,-103.16757,0,0.0,0
c912b976-f29c-4fd6-acdf-fc4068d3b66e,2024-04-22 01:46:45,4767286519011944,fraud_Flatley Group,misc_pos,3.6,Elizabeth,Brady,F,Harrisberg,DE,9271,37.340386,-137.535062,768349,Mechanical engineer,1955-04-25,sim_694a3d29-1ff0-49a2-b986-2a1a2c979449,1713746805,45.561176,-122.12669,0,0.0,0
c912b976-f29c-4fd6-acdf-fc4068d3b66e,2024-04-22 02:45:21,4767286519011944,fraud_Klocko LLC,misc_net,2.71,Elizabeth,Brady,F,Harrisberg,DE,9271,37.340386,-137.535062,768349,Mechanical engineer,1955-04-25,sim_6018aa18-20f7-4e57-9027-cefcb5d25d96,1713750321,39.921622,-80.263172,0,0.0,0
c912b976-f29c-4fd6-acdf-fc4068d3b66e,2024-04-22 05:07:18,4767286519011944,fraud_Gottlieb-Hansen,personal_care,24.82,Elizabeth,Brady,F,Harrisberg,DE,9271,37.340386,-137.535062,768349,Mechanical engineer,1955-04-25,sim_fc1aa087-f974-4913-95fe-24f0f9140e0e,1713758838,26.316792,-82.800844,0,0.0,0
c912b976-f29c-4fd6-acdf-fc4068d3b66e,2024-04-22 10:12:41,4767286519011944,fraud_Friesen-Stamm,gas_transport,42.25,Elizabeth,Brady,F,Harrisberg,DE,9271,37.340386,-137.535062,768349,Mechanical engineer,1955-04-25,sim_87ae77d0-d359-4e9e-87e4-05c9428159f8,1713777161,39.738023,-77.868572,0,0.0,0
c912b976-f29c-4fd6-acdf-fc4068d3b66e,2024-04-22 11:41:00,4767286519011944,fraud_Schmeler Inc,misc_pos,8.51,Elizabeth,Brady,F,Harrisberg,DE,9271,37.340386,-137.535062,768349,Mechanical engineer,1955-04-25,sim_c7d56b75-6e54-4ae8-b6e5-25f93588dcf2,1713782460,39.639275,-78.054411,0,0.0,0
c912b976-f29c-4fd6-acdf-fc4068d3b66e,2024-04-22 15:25:22,4767286519011944,fraud_Strosin-Cruickshank,grocery_pos,282.54,Elizabeth,Brady,F,Harrisberg,DE,9271,37.340386,-137.535062,768349,Mechanical engineer,1955-04-25,sim_4788a8da-bb3c-420f-8ce5-b47f9371de34,1713795922,48.552067,-118.828143,1,0.72,1
c912b976-f29c-4fd6-acdf-fc4068d3b66e,2024-04-22 18:54:29,4767286519011944,"fraud_Wuckert, Wintheiser and Friesen",home,30.65,Elizabeth,Brady,F,Harrisberg,DE,9271,37.340386,-137.535062,768349,Mechanical engineer,1955-04-25,sim_12e2a28e-374a-419a-8f60-dca6063b58f0,1713808469,39.887573,-75.369423,0,0.0,0
c912b976-f29c-4fd6-acdf-fc4068d3b66e,2024-04-22 19:24:30,4767286519011944,fraud_Smitham-Boehm,grocery_net,42.21,Elizabeth,Brady,F,Harrisberg,DE,9271,37.340386,-137.535062,768349,Mechanical engineer,1955-04-25,sim_c25ed66a-07fd-4c91-ba06-3743e9a7fb96,1713810270,33.887056,-111.466781,0,0.0,0
c912b976-f29c-4fd6-acdf-fc4068d3b66e,2024-04-23 00:12:38,4767286519011944,"fraud_Graham, Hegmann and Hammes",food_dining,52.02,Elizabeth,Brady,F,Harrisberg,DE,9271,37.340386,-137.535062,768349,Mechanical engineer,1955-04-25,sim_f45fc484-da8a-4dbb-9a02-9bcdd1da5127,1713827558,46.513942,-122.680359,0,0.0,0
c912b976-f29c-4fd6-acdf-fc4068d3b66e,2024-04-23 02:54:08,4767286519011944,fraud_Hammes-Beatty,kids_pets,39.79,Elizabeth,Brady,F,Harrisberg,DE,9271,37.340386,-137.535062,768349,Mechanical engineer,1955-04-25,sim_e31d7903-ef37-495d-a8f7-9074cf29fd8d,1713837248,43.913308,-86.99015,0,0.0,0
c912b976-f29c-4fd6-acdf-fc4068d3b66e,2024-04-23 05:09:43,4767286519011944,"fraud_Moore, Williamson and Emmerich",home,32.18,Elizabeth,Brady,F,Harrisberg,DE,9271,37.340386,-137.535062,768349,Mechanical engineer,1955-04-25,sim_ca415900-8ecc-4a07-acc1-1c0d3a013fae,1713845383,41.067131,-97.935903,0,0.0,0
c912b976-f29c-4fd6-acdf-fc4068d3b66e,2024-04-23 09:51:32,4767286519011944,fraud_Harris Inc,gas_transport,70.55,Elizabeth,Brady,F,Harrisberg,DE,9271,37.340386,-137.535062,768349,Mechanical engineer,1955-04-25,sim_f575fff7-8dfb-488a-9e5c-30a64ef94334,1713862292,38.185635,-86.33574,0,0.0,0
c912b976-f29c-4fd6-acdf-fc4068d3b66e,2024-04-23 11:10:10,4767286519011944,fraud_Bartoletti and Sons,personal_care,15.71,Elizabeth,Brady,F,Harrisberg,DE,9271,37.340386,-137.535062,768349,Mechanical engineer,1955-04-25,sim_cf00bc19-485f-4d16-b996-455bbe313e72,1713867010,44.154461,-74.045854,0,0.0,0
c912b976-f29c-4fd6-acdf-fc4068d3b66e,2024-04-23 12:23:54,4767286519011944,fraud_Emard Inc,gas_transport,67.46,Elizabeth,Brady,F,Harrisberg,DE,9271,37.340386,-137.535062,768349,Mechanical engineer,1955-04-25,sim_b9515834-5340-416b-931d-71b6bc904bdc,1713871434,41.762158,-92.634609,0,0.0,0
c912b976-f29c-4fd6-acdf-fc4068d3b66e,2024-04-23 16:37:03,4767286519011944,"fraud_Lubowitz, Terry and Stracke",personal_care,140.31,Elizabeth,Brady,F,Harrisberg,DE,9271,37.340386,-137.535062,768349,Mechanical engineer,1955-04-25,sim_8c06e02a-6f11-4c4d-a535-a03c82f81531,1713886623,33.255346,-110.864519,0,0.0,0
c912b976-f29c-4fd6-acdf-fc4068d3b66e,2024-04-23 21:08:04,4767286519011944,fraud_Kozey-Boehm,shopping_net,9.9,Elizabeth,Brady,F,Harrisberg,DE,9271,37.340386,-137.535062,768349,Mechanical engineer,1955-04-25,sim_b9731b61-4636-4991-a306-a3540d36e25e,1713902884,30.821272,-95.691646,0,0.0,0
c912b976-f29c-4fd6-acdf-fc4068d3b66e,2024-04-24 01:50:42,4767286519011944,fraud_Gutmann-Upton,misc_pos,235.27,Elizabeth,Brady,F,Harrisberg,DE,9271,37.340386,-137.535062,768349,Mechanical engineer,1955-04-25,sim_2ca0935c-d365-4539-b6ad-0d208c12fcb7,1713919842,45.338147,-119.618828,0,0.0,0
c912b976-f29c-4fd6-acdf-fc4068d3b66e,2024-04-24 04:31:50,4767286519011944,fraud_Lebsack and Sons,misc_net,8.51,Elizabeth,Brady,F,Harrisberg,DE,9271,37.340386,-137.535062,768349,Mechanical engineer,1955-04-25,sim_1c55959a-593a-43d8-a11e-4587f4c6ca0b,1713929510,42.314234,-95.567725,0,0.0,0
c912b976-f29c-4fd6-acdf-fc4068d3b66e,2024-04-24 08:29:27,4767286519011944,fraud_Ruecker Group,misc_net,178.9,Elizabeth,Brady,F,Harrisberg,DE,9271,37.340386,-137.535062,768349,Mechanical engineer,1955-04-25,sim_6e09e4a0-bf31-41ca-9670-ac8964852f25,1713943767,32.827749,-96.167654,0,0.0,0
c912b976-f29c-4fd6-acdf-fc4068d3b66e,2024-04-24 09:45:10,4767286519011944,"fraud_Tromp, Kerluke and Glover",grocery_net,116.08,Elizabeth,Brady,F,Harrisberg,DE,9271,37.340386,-137.535062,768349,Mechanical engineer,1955-04-25,sim_7d40d7b3-ee45-4340-993a-9b1080f87240,1713948310,27.812872,-83.205874,0,0.0,0
c912b976-f29c-4fd6-acdf-fc4068d3b66e,2024-04-24 14:35:20,4767286519011944,fraud_Corwin-Collins,gas_transport,89.82,Elizabeth,Brady,F,Harrisberg,DE,9271,37.340386,-137.535062,768349,Mechanical engineer,1955-04-25,sim_a1504008-4079-437c-9bfd-d3f0dfe38be9,1713965720,43.428517,-78.11054200000001,0,0.0,0
c912b976-f29c-4fd6-acdf-fc4068d3b66e,2024-04-24 16:34:17,4767286519011944,fraud_Morissette-Schaefer,personal_care,78.69,Elizabeth,Brady,F,Harrisberg,DE,9271,37.340386,-137.535062,768349,Mechanical engineer,1955-04-25,sim_d029fed6-c7b9-4e72-8c85-6f8871d0b5f9,1713972857,40.090571,-82.613947,0,0.0,0
c912b976-f29c-4fd6-acdf-fc4068d3b66e,2024-04-24 19:48:00,4767286519011944,fraud_Volkman Ltd,misc_net,473.33,Elizabeth,Brady,F,Harrisberg,DE,9271,37.340386,-137.535062,768349,Mechanical engineer,1955-04-25,sim_c5f154c4-f728-440a-a1c1-e74b3f8b47d8,1713984480,34.701691,-91.614879,0,0.03,0
c912b976-f29c-4fd6-acdf-fc4068d3b66e,2024-04-25 00:11:02,4767286519011944,fraud_Turner LLC,travel,2.02,Elizabeth,Brady,F,Harrisberg,DE,9271,37.340386,-137.535062,768349,Mechanical engineer,1955-04-25,sim_2653110a-017e-48fb-9bd1-6416d6f62698,1714000262,38.834673,-109.017067,0,0.0,0
c912b976-f29c-4fd6-acdf-fc4068d3b66e,2024-04-25 00:46:29,4767286519011944,fraud_Watsica LLC,personal_care,33.04,Elizabeth,Brady,F,Harrisberg,DE,9271,37.340386,-137.535062,768349,Mechanical engineer,1955-04-25,sim_f7cdd3fc-caa2-40f5-ae01-1080587023a0,1714002389,48.434132,-93.503372,0,0.0,0
c912b976-f29c-4fd6-acdf-fc4068d3b66e,2024-04-25 05:50:14,4767286519011944,fraud_Stamm-Rodriguez,misc_pos,20.21,Elizabeth,Brady,F,Harrisberg,DE,9271,37.340386,-137.535062,768349,Mechanical engineer,1955-04-25,sim_44af262f-87e8-404b-8016-3cdd5ae39b97,1714020614,35.239524,-118.884697,0,0.0,0
c912b976-f29c-4fd6-acdf-fc4068d3b66e,2024-04-25 10:55:50,4767286519011944,fraud_Ruecker Group,misc_net,10.52,Elizabeth,Brady,F,Harrisberg,DE,9271,37.340386,-137.535062,768349,Mechanical engineer,1955-04-25,sim_177b8ce4-8801-4da8-82c1-2a222e2e6e10,1714038950,32.715983,-85.54475500000001,0,0.0,0
c912b976-f29c-4fd6-acdf-fc4068d3b66e,2024-04-25 12:48:08,4767286519011944,fraud_Jakubowski Inc,home,43.58,Elizabeth,Brady,F,Harrisberg,DE,9271,37.340386,-137.535062,768349,Mechanical engineer,1955-04-25,sim_493bde63-7f82-48df-b8c9-254bc183eb76,1714045688,32.569054,-87.766622,0,0.0,0
c912b976-f29c-4fd6-acdf-fc4068d3b66e,2024-04-25 15:40:59,4767286519011944,fraud_Bednar Group,misc_net,5.78,Elizabeth,Brady,F,Harrisberg,DE,9271,37.340386,-137.535062,768349,Mechanical engineer,1955-04-25,sim_4f0f4b6b-0fd0-4f04-b355-39d63c989c30,1714056059,40.598555,-88.717021,0,0.0,0
c912b976-f29c-4fd6-acdf-fc4068d3b66e,2024-04-25 17:09:36,4767286519011944,fraud_Cruickshank-Mills,entertainment,46.52,Elizabeth,Brady,F,Harrisberg,DE,9271,37.340386,-137.535062,768349,Mechanical engineer,1955-04-25,sim_88473a5a-3a16-492c-a004-43ed0427fa88,1714061376,33.343482,-90.464114,0,0.0,0
c912b976-f29c-4fd6-acdf-fc4068d3b66e,2024-04-25 19:05:11,4767286519011944,fraud_Corwin-Collins,gas_transport,80.33,Elizabeth,Brady,F,Harrisberg,DE,9271,37.340386,-137.535062,768349,Mechanical engineer,1955-04-25,sim_e95fd625-7d7d-43ac-9f1b-6601a8d488f6,1714068311,34.111996999999995,-87.10297299999999,0,0.0,0
c912b976-f29c-4fd6-acdf-fc4068d3b66e,2024-04-26 00:42:33,4767286519011944,fraud_Heidenreich PLC,grocery_pos,53.9,Elizabeth,Brady,F,Harrisberg,DE,9271,37.340386,-137.535062,768349,Mechanical engineer,1955-04-25,sim_08d921e6-e140-4da8-b241-707a70579686,1714088553,39.971341,-84.993548,0,0.0,0
c912b976-f29c-4fd6-acdf-fc4068d3b66e,2024-04-26 04:14:15,4767286519011944,fraud_McCullough LLC,misc_pos,306.28,Elizabeth,Brady,F,Harrisberg,DE,9271,37.340386,-137.535062,768349,Mechanical engineer,1955-04-25,sim_3f553c52-1753-4b87-aaa7-04e0f9356871,1714101255,33.354642,-82.527407,0,0.0,0
c912b976-f29c-4fd6-acdf-fc4068d3b66e,2024-04-26 04:45:46,4767286519011944,fraud_Kirlin and Sons,personal_care,88.68,Elizabeth,Brady,F,Harrisberg,DE,9271,37.340386,-137.535062,768349,Mechanical engineer,1955-04-25,sim_79f80c29-1189-4daa-aac5-54788232e8ca,1714103146,44.646286,-123.593837,0,0.0,0
c912b976-f29c-4fd6-acdf-fc4068d3b66e,2024-04-26 08:44:35,4767286519011944,fraud_Berge-Hills,kids_pets,52.03,Elizabeth,Brady,F,Harrisberg,DE,9271,37.340386,-137.535062,768349,Mechanical engineer,1955-04-25,sim_5534c725-f13d-436d-a21d-eae589f11fac,1714117475,39.241269,-105.430201,0,0.0,0
c912b976-f29c-4fd6-acdf-fc4068d3b66e,2024-04-26 09:41:36,4767286519011944,fraud_Botsford PLC,home,54.6,Elizabeth,Brady,F,Harrisberg,DE,9271,37.340386,-137.535062,768349,Mechanical engineer,1955-04-25,sim_1033f8b6-8ecc-427d-9039-5b88c38979da,1714120896,40.298102,-101.835447,0,0.0,0
c912b976-f29c-4fd6-acdf-fc4068d3b66e,2024-04-26 10:34:55,4767286519011944,fraud_Greenholt Ltd,health_fitness,29.64,Elizabeth,Brady,F,Harrisberg,DE,9271,37.340386,-137.535062,768349,Mechanical engineer,1955-04-25,sim_5e34f403-7c1f-4183-8763-75deaaf99323,1714124095,31.561313,-86.611841,0,0.0,0
c912b976-f29c-4fd6-acdf-fc4068d3b66e,2024-04-26 12:13:46,4767286519011944,fraud_Christiansen-Gusikowski,misc_pos,2.45,Elizabeth,Brady,F,Harrisberg,DE,9271,37.340386,-137.535062,768349,Mechanical engineer,1955-04-25,sim_9cc4b2aa-6206-4963-8b8a-80b5342c66b6,1714130026,35.169163,-112.324118,0,0.0,0
c912b976-f29c-4fd6-acdf-fc4068d3b66e,2024-04-26 16:05:05,4767286519011944,fraud_Wilkinson PLC,kids_pets,71.34,Elizabeth,Brady,F,Harrisberg,DE,9271,37.340386,-137.535062,768349,Mechanical engineer,1955-04-25,sim_9cff8ab7-e8f4-4fb7-8a92-747c2e9940a7,1714143905,28.89386,-82.690221,0,0.0,0
c912b976-f29c-4fd6-acdf-fc4068d3b66e,2024-04-26 16:18:52,4767286519011944,fraud_Romaguera and Sons,travel,4.73,Elizabeth,Brady,F,Harrisberg,DE,9271,37.340386,-137.535062,768349,Mechanical engineer,1955-04-25,sim_5ddfe34c-30bd-43eb-ad33-742b828c6243,1714144732,41.739484,-79.8036,0,0.0,0
c912b976-f29c-4fd6-acdf-fc4068d3b66e,2024-04-26 18:45:07,4767286519011944,fraud_Ledner-Pfannerstill,gas_transport,87.51,Elizabeth,Brady,F,Harrisberg,DE,9271,37.340386,-137.535062,768349,Mechanical engineer,1955-04-25,sim_9770f92f-4170-4902-8aac-7f5a9deb8e43,1714153507,40.385004,-109.559269,0,0.0,0
c912b976-f29c-4fd6-acdf-fc4068d3b66e,2024-04-26 19:06:25,4767286519011944,"fraud_Lang, Towne and Schuppe",kids_pets,53.38,Elizabeth,Brady,F,Harrisberg,DE,9271,37.340386,-137.535062,768349,Mechanical engineer,1955-04-25,sim_4bde5a0d-c1f4-41f9-853b-7a4850f60891,1714154785,43.276506,-96.178709,0,0.0,0
c912b976-f29c-4fd6-acdf-fc4068d3b66e,2024-04-27 00:38:58,4767286519011944,fraud_Simonis-Prohaska,misc_pos,1.88,Elizabeth,Brady,F,Harrisberg,DE,9271,37.340386,-137.535062,768349,Mechanical engineer,1955-04-25,sim_81c40932-6acc-42a8-8d9e-1ecd1cfe0f5b,1714174738,33.845399,-117.312399,0,0.0,0
c912b976-f29c-4fd6-acdf-fc4068d3b66e,2024-04-27 00:54:58,4767286519011944,"fraud_Hauck, Dietrich and Funk",kids_pets,72.3,Elizabeth,Brady,F,Harrisberg,DE,9271,37.340386,-137.535062,768349,Mechanical engineer,1955-04-25,sim_0968fd9d-e2d4-485b-a3a9-38a48fb04320,1714175698,47.196295,-96.445149,0,0.0,0
c912b976-f29c-4fd6-acdf-fc4068d3b66e,2024-04-27 05:04:26,4767286519011944,fraud_Boyer PLC,misc_pos,1.66,Elizabeth,Brady,F,Harrisberg,DE,9271,37.340386,-137.535062,768349,Mechanical engineer,1955-04-25,sim_bca93bf9-3df1-4aa6-83f0-163e9b4405a1,1714190666,37.285903000000005,-121.859455,0,0.0,0
c912b976-f29c-4fd6-acdf-fc4068d3b66e,2024-04-27 08:59:31,4767286519011944,fraud_Gottlieb Group,kids_pets,36.67,Elizabeth,Brady,F,Harrisberg,DE,9271,37.340386,-137.535062,768349,Mechanical engineer,1955-04-25,sim_04e98db8-4c54-4122-a494-14acfd334c97,1714204771,38.734475,-122.114479,0,0.0,0
c912b976-f29c-4fd6-acdf-fc4068d3b66e,2024-04-27 11:35:34,4767286519011944,fraud_McKenzie-Huels,food_dining,71.35,Elizabeth,Brady,F,Harrisberg,DE,9271,37.340386,-137.535062,768349,Mechanical engineer,1955-04-25,sim_7143e2b0-390b-488d-827c-b14096fa0c71,1714214134,36.780835,-95.204295,0,0.0,0
c912b976-f29c-4fd6-acdf-fc4068d3b66e,2024-04-27 16:21:07,4767286519011944,"fraud_Hermiston, Pacocha and Smith",health_fitness,125.34,Elizabeth,Brady,F,Harrisberg,DE,9271,37.340386,-137.535062,768349,Mechanical engineer,1955-04-25,sim_6d19f6ae-6cf1-4852-8e63-f0991909e280,1714231267,38.024173,-110.330216,0,0.0,0
c912b976-f29c-4fd6-acdf-fc4068d3b66e,2024-04-27 21:59:02,4767286519011944,fraud_Hudson-Ratke,grocery_pos,124.39,Elizabeth,Brady,F,Harrisberg,DE,9271,37.340386,-137.535062,768349,Mechanical engineer,1955-04-25,sim_30fb7247-cf0f-49b7-b775-ea983d5b0634,1714251542,32.234106,-103.03117,0,0.0,0
c912b976-f29c-4fd6-acdf-fc4068d3b66e,2024-04-28 02:59:25,4767286519011944,fraud_Brown-Greenholt,entertainment,76.42,Elizabeth,Brady,F,Harrisberg,DE,9271,37.340386,-137.535062,768349,Mechanical engineer,1955-04-25,sim_1dea3121-b42d-4ecd-a523-3b118b214505,1714269565,33.567553000000004,-90.998464,0,0.0,0
c912b976-f29c-4fd6-acdf-fc4068d3b66e,2024-04-28 06:42:18,4767286519011944,fraud_Dickinson Ltd,personal_care,85.91,Elizabeth,Brady,F,Harrisberg,DE,9271,37.340386,-137.535062,768349,Mechanical engineer,1955-04-25,sim_e16e474d-835a-49cd-ab56-24b675e52cc5,1714282938,38.684495,-112.775893,0,0.0,0
c912b976-f29c-4fd6-acdf-fc4068d3b66e,2024-04-28 07:01:13,4767286519011944,"fraud_Schmeler, Bashirian and Price",shopping_net,25.38,Elizabeth,Brady,F,Harrisberg,DE,9271,37.340386,-137.535062,768349,Mechanical engineer,1955-04-25,sim_84d64262-e35d-4617-be07-2bc935eb0009,1714284073,34.129148,-117.355838,0,0.0,0
c912b976-f29c-4fd6-acdf-fc4068d3b66e,2024-04-28 09:13:31,4767286519011944,fraud_Johns Inc,entertainment,53.89,Elizabeth,Brady,F,Harrisberg,DE,9271,37.340386,-137.535062,768349,Mechanical engineer,1955-04-25,sim_207e44bd-0f0f-4830-bda3-5e989b0f2fcb,1714292011,34.254818,-86.149902,0,0.0,0
c912b976-f29c-4fd6-acdf-fc4068d3b66e,2024-04-28 12:02:59,4767286519011944,"fraud_Streich, Hansen and Veum",gas_transport,92.52,Elizabeth,Brady,F,Harrisberg,DE,9271,37.340386,-137.535062,768349,Mechanical engineer,1955-04-25,sim_480a938c-0c94-4d09-a778-e8a1bcdd23ea,1714302179,45.989656,-93.866982,0,0.0,0
c912b976-f29c-4fd6-acdf-fc4068d3b66e,2024-04-28 15:34:14,4767286519011944,fraud_Rolfson-Kunde,personal_care,20.25,Elizabeth,Brady,F,Harrisberg,DE,9271,37.340386,-137.535062,768349,Mechanical engineer,1955-04-25,sim_5cca3252-725b-42f2-86f5-8ab455463152,1714314854,49.804009,-117.548785,0,0.02,0
c912b976-f29c-4fd6-acdf-fc4068d3b66e,2024-04-28 17:11:10,4767286519011944,fraud_Kutch-Wilderman,home,48.48,Elizabeth,Brady,F,Harrisberg,DE,9271,37.340386,-137.535062,768349,Mechanical engineer,1955-04-25,sim_deaa56ac-539c-435c-9af2-3eaa76821ed7,1714320670,41.159479,-74.880948,0,0.0,0
c912b976-f29c-4fd6-acdf-fc4068d3b66e,2024-04-28 20:51:29,4767286519011944,fraud_Turcotte-Halvorson,misc_pos,368.78,Elizabeth,Brady,F,Harrisberg,DE,9271,37.340386,-137.535062,768349,Mechanical engineer,1955-04-25,sim_d858c9c3-5c7c-479e-b199-b0fc1dfec407,1714333889,38.424121,-77.202587,0,0.0,0
c912b976-f29c-4fd6-acdf-fc4068d3b66e,2024-04-29 00:23:08,4767286519011944,fraud_Schoen-Quigley,kids_pets,134.34,Elizabeth,Brady,F,Harrisberg,DE,9271,37.340386,-137.535062,768349,Mechanical engineer,1955-04-25,sim_ade01ee7-99d8-4714-af45-e9e0fed58b3f,1714346588,36.968416,-91.189584,0,0.0,0
c912b976-f29c-4fd6-acdf-fc4068d3b66e,2024-04-29 02:09:00,4767286519011944,"fraud_Tillman, Fritsch and Schmitt",misc_net,3.09,Elizabeth,Brady,F,Harrisberg,DE,9271,37.340386,-137.535062,768349,Mechanical engineer,1955-04-25,sim_68f4492b-0ebe-4d9e-b998-7b8feffb5a3c,1714352940,32.795611,-82.163414,0,0.0,0
c912b976-f29c-4fd6-acdf-fc4068d3b66e,2024-04-29 07:05:14,4767286519011944,fraud_Stoltenberg-Beatty,shopping_pos,57.69,Elizabeth,Brady,F,Harrisberg,DE,9271,37.340386,-137.535062,768349,Mechanical engineer,1955-04-25,sim_dfa9ae28-7923-4fbd-8be9-aa4cb1904772,1714370714,39.39974,-77.556476,0,0.0,0
c912b976-f29c-4fd6-acdf-fc4068d3b66e,2024-04-29 07:56:00,4767286519011944,fraud_Monahan-Morar,personal_care,19.31,Elizabeth,Brady,F,Harrisberg,DE,9271,37.340386,-137.535062,768349,Mechanical engineer,1955-04-25,sim_214b069e-47b5-4572-8259-4c8c4276d529,1714373760,38.475649,-97.634488,0,0.0,0
c912b976-f29c-4fd6-acdf-fc4068d3b66e,2024-04-29 12:25:01,4767286519011944,fraud_Upton PLC,entertainment,311.78,Elizabeth,Brady,F,Harrisberg,DE,9271,37.340386,-137.535062,768349,Mechanical engineer,1955-04-25,sim_8b21c800-f0ec-4766-a234-1c9bbe2c9f1e,1714389901,36.580288,-96.706596,0,0.0,0
c912b976-f29c-4fd6-acdf-fc4068d3b66e,2024-04-29 13:20:38,4767286519011944,fraud_Weber and Sons,food_dining,47.89,Elizabeth,Brady,F,Harrisberg,DE,9271,37.340386,-137.535062,768349,Mechanical engineer,1955-04-25,sim_b2d0a259-b0ba-4e6e-a781-259fc4141dee,1714393238,42.824083,-70.591801,0,0.0,0
c912b976-f29c-4fd6-acdf-fc4068d3b66e,2024-04-29 19:14:08,4767286519011944,fraud_Spencer-Runolfsson,misc_pos,39.5,Elizabeth,Brady,F,Harrisberg,DE,9271,37.340386,-137.535062,768349,Mechanical engineer,1955-04-25,sim_299e4ac9-d994-4d05-aa88-f51e8785a516,1714414448,29.45588,-98.91373,0,0.0,0
c912b976-f29c-4fd6-acdf-fc4068d3b66e,2024-04-29 21:56:06,4767286519011944,fraud_Pacocha-Weissnat,kids_pets,26.67,Elizabeth,Brady,F,Harrisberg,DE,9271,37.340386,-137.535062,768349,Mechanical engineer,1955-04-25,sim_14e21548-509f-4220-9aa6-6f4d76eb641b,1714424166,37.120017,-122.093225,0,0.0,0
c912b976-f29c-4fd6-acdf-fc4068d3b66e,2024-04-30 01:04:06,4767286519011944,fraud_McCullough Group,grocery_net,85.42,Elizabeth,Brady,F,Harrisberg,DE,9271,37.340386,-137.535062,768349,Mechanical engineer,1955-04-25,sim_89e62b3a-4160-40f6-87f5-644d35f43618,1714435446,34.268697,-119.483001,0,0.0,0
c912b976-f29c-4fd6-acdf-fc4068d3b66e,2024-04-30 06:59:26,4767286519011944,"fraud_Roob, Conn and Tremblay",shopping_pos,5.15,Elizabeth,Brady,F,Harrisberg,DE,9271,37.340386,-137.535062,768349,Mechanical engineer,1955-04-25,sim_1f12739f-8a78-4ba7-b341-cabf599a43c5,1714456766,42.741595,-72.16635600000001,0,0.0,0
c912b976-f29c-4fd6-acdf-fc4068d3b66e,2024-04-30 09:20:03,4767286519011944,"fraud_Monahan, Bogisich and Ledner",misc_pos,199.28,Elizabeth,Brady,F,Harrisberg,DE,9271,37.340386,-137.535062,768349,Mechanical engineer,1955-04-25,sim_acc6a033-df10-43b1-9e8c-d4fe869c1564,1714465203,49.145948,-121.826786,0,0.0,0
c912b976-f29c-4fd6-acdf-fc4068d3b66e,2024-04-30 11:38:38,4767286519011944,"fraud_Kutch, Hermiston and Farrell",gas_transport,69.82,Elizabeth,Brady,F,Harrisberg,DE,9271,37.340386,-137.535062,768349,Mechanical engineer,1955-04-25,sim_92513c0c-0338-4760-ae6d-f0f2b2dd6772,1714473518,44.933225,-72.47014899999999,0,0.0,0
c912b976-f29c-4fd6-acdf-fc4068d3b66e,2024-04-30 12:34:30,4767286519011944,"fraud_Hermiston, Pacocha and Smith",health_fitness,76.59,Elizabeth,Brady,F,Harrisberg,DE,9271,37.340386,-137.535062,768349,Mechanical engineer,1955-04-25,sim_77d37f65-05b6-4c64-8d02-e6efa7e2c578,1714476870,34.0264,-87.833541,0,0.0,0
c912b976-f29c-4fd6-acdf-fc4068d3b66e,2024-04-30 14:21:29,4767286519011944,fraud_Torphy-Goyette,shopping_pos,9.08,Elizabeth,Brady,F,Harrisberg,DE,9271,37.340386,-137.535062,768349,Mechanical engineer,1955-04-25,sim_e5314092-5812-4f84-9c41-e8f1ef21468d,1714483289,34.744986,-117.539377,0,0.0,0
c912b976-f29c-4fd6-acdf-fc4068d3b66e,2024-04-30 17:16:56,4767286519011944,fraud_Price Inc,shopping_net,5.08,Elizabeth,Brady,F,Harrisberg,DE,9271,37.340386,-137.535062,768349,Mechanical engineer,1955-04-25,sim_7f81872e-e3df-4467-9ea4-5106dfd555d2,1714493816,36.735344,-114.355377,0,0.0,0
c912b976-f29c-4fd6-acdf-fc4068d3b66e,2024-04-30 19:48:19,4767286519011944,fraud_Hudson-Grady,shopping_pos,200.81,Elizabeth,Brady,F,Harrisberg,DE,9271,37.340386,-137.535062,768349,Mechanical engineer,1955-04-25,sim_6fe32b8c-600d-4aa8-86c7-d04b5c677218,1714502899,64.64550799999999,-164.842861,0,0.0,0
c912b976-f29c-4fd6-acdf-fc4068d3b66e,2024-04-30 21:40:09,4767286519011944,fraud_Donnelly LLC,entertainment,24.07,Elizabeth,Brady,F,Harrisberg,DE,9271,37.340386,-137.535062,768349,Mechanical engineer,1955-04-25,sim_542a98a2-ddb5-4d63-8083-44afc21d5575,1714509609,42.255284,-92.678032,0,0.0,0
c912b976-f29c-4fd6-acdf-fc4068d3b66e,2024-05-01 02:25:05,4767286519011944,fraud_Johns-Hoeger,entertainment,3.03,Elizabeth,Brady,F,Harrisberg,DE,9271,37.340386,-137.535062,768349,Mechanical engineer,1955-04-25,sim_44db4a51-9238-4659-8534-53d08093428e,1714526705,41.217336,-98.510105,0,0.0,0
c912b976-f29c-4fd6-acdf-fc4068d3b66e,2024-05-01 06:07:52,4767286519011944,fraud_Pagac LLC,shopping_pos,80.2,Elizabeth,Brady,F,Harrisberg,DE,9271,37.340386,-137.535062,768349,Mechanical engineer,1955-04-25,sim_8ae723d7-7659-4381-84a1-89665e0dccaf,1714540072,38.279744,-94.892442,0,0.0,0
c912b976-f29c-4fd6-acdf-fc4068d3b66e,2024-05-01 10:38:50,4767286519011944,fraud_Fisher Inc,shopping_net,8.52,Elizabeth,Brady,F,Harrisberg,DE,9271,37.340386,-137.535062,768349,Mechanical engineer,1955-04-25,sim_c7bab8d3-5d9a-49c7-92ee-514dcff8f207,1714556330,34.194790999999995,-81.294258,0,0.0,0
c912b976-f29c-4fd6-acdf-fc4068d3b66e,2024-05-01 13:28:03,4767286519011944,"fraud_Wintheiser, Dietrich and Schimmel",misc_pos,70.48,Elizabeth,Brady,F,Harrisberg,DE,9271,37.340386,-137.535062,768349,Mechanical engineer,1955-04-25,sim_72af5275-7797-44cc-8881-cc538e81a39a,1714566483,34.041319,-86.297914,0,0.0,0
c912b976-f29c-4fd6-acdf-fc4068d3b66e,2024-05-01 14:01:46,4767286519011944,fraud_Eichmann-Russel,misc_pos,63.97,Elizabeth,Brady,F,Harrisberg,DE,9271,37.340386,-137.535062,768349,Mechanical engineer,1955-04-25,sim_86e96d2c-4494-4244-bb15-c95730a14f96,1714568506,40.362857,-87.502586,0,0.0,0
c912b976-f29c-4fd6-acdf-fc4068d3b66e,2024-05-01 14:27:35,4767286519011944,"fraud_Schultz, Simonis and Little",grocery_pos,310.66,Elizabeth,Brady,F,Harrisberg,DE,9271,37.340386,-137.535062,768349,Mechanical engineer,1955-04-25,sim_ecb4de6e-adb6-44b1-95fb-f1e80fb84441,1714570055,43.994376,-93.363526,1,0.84,1
c912b976-f29c-4fd6-acdf-fc4068d3b66e,2024-05-01 18:44:55,4767286519011944,fraud_Boyer PLC,shopping_net,5.3,Elizabeth,Brady,F,Harrisberg,DE,9271,37.340386,-137.535062,768349,Mechanical engineer,1955-04-25,sim_b973ed6e-1c68-4ec0-af18-87bb8e873d89,1714585495,33.845036,-96.012089,0,0.0,0
c912b976-f29c-4fd6-acdf-fc4068d3b66e,2024-05-01 21:11:26,4767286519011944,fraud_Prohaska-Murray,gas_transport,39.16,Elizabeth,Brady,F,Harrisberg,DE,9271,37.340386,-137.535062,768349,Mechanical engineer,1955-04-25,sim_b345e6f8-1c16-4f84-afc1-3925ff57dbe6,1714594286,43.701633,-70.41317099999999,0,0.0,0
c912b976-f29c-4fd6-acdf-fc4068d3b66e,2024-05-02 01:36:51,4767286519011944,"fraud_Baumbach, Strosin and Nicolas",shopping_pos,161.4,Elizabeth,Brady,F,Harrisberg,DE,9271,37.340386,-137.535062,768349,Mechanical engineer,1955-04-25,sim_359dc1aa-5ed7-485a-94a7-0cf587ed8aa6,1714610211,48.482322,-122.85164,0,0.0,0
c912b976-f29c-4fd6-acdf-fc4068d3b66e,2024-05-02 03:51:12,4767286519011944,fraud_Bogisich Inc,grocery_pos,46.78,Elizabeth,Brady,F,Harrisberg,DE,9271,37.340386,-137.535062,768349,Mechanical engineer,1955-04-25,sim_05603639-5f27-4f6e-8975-2e9fd43da1b9,1714618272,38.425323,-98.219844,0,0.0,0
c912b976-f29c-4fd6-acdf-fc4068d3b66e,2024-05-02 06:50:15,4767286519011944,"fraud_Casper, Hand and Zulauf",grocery_pos,90.04,Elizabeth,Brady,F,Harrisberg,DE,9271,37.340386,-137.535062,768349,Mechanical engineer,1955-04-25,sim_08f8f3e2-9077-4922-82b0-67ae6ebd8ef3,1714629015,30.48885,-85.381527,0,0.0,0
c912b976-f29c-4fd6-acdf-fc4068d3b66e,2024-05-02 11:27:37,4767286519011944,fraud_Kunze Inc,grocery_pos,54.93,Elizabeth,Brady,F,Harrisberg,DE,9271,37.340386,-137.535062,768349,Mechanical engineer,1955-04-25,sim_008224f0-2d04-4cd8-bb0f-384f8ba1dd6d,1714645657,35.380943,-96.209082,0,0.0,0
c912b976-f29c-4fd6-acdf-fc4068d3b66e,2024-05-02 16:51:37,4767286519011944,fraud_Block-Parisian,misc_net,9.92,Elizabeth,Brady,F,Harrisberg,DE,9271,37.340386,-137.535062,768349,Mechanical engineer,1955-04-25,sim_c53e5c1a-367b-4614-9e67-cec7bce1a9c7,1714665097,42.944657,-89.008021,0,0.0,0
c912b976-f29c-4fd6-acdf-fc4068d3b66e,2024-05-02 22:07:41,4767286519011944,fraud_Grimes LLC,entertainment,42.76,Elizabeth,Brady,F,Harrisberg,DE,9271,37.340386,-137.535062,768349,Mechanical engineer,1955-04-25,sim_e596ce55-4c10-4837-a70a-f2fe50e8d491,1714684061,32.934024,-88.159875,0,0.0,0
c912b976-f29c-4fd6-acdf-fc4068d3b66e,2024-05-03 03:02:39,4767286519011944,"fraud_Bernier, Volkman and Hoeger",misc_net,3.97,Elizabeth,Brady,F,Harrisberg,DE,9271,37.340386,-137.535062,768349,Mechanical engineer,1955-04-25,sim_0a49972e-f4db-4ff9-89a8-d1188fa0ea31,1714701759,33.472679,-117.70872,0,0.0,0
c912b976-f29c-4fd6-acdf-fc4068d3b66e,2024-05-03 03:52:30,4767286519011944,fraud_Kozey-Kuhlman,personal_care,56.4,Elizabeth,Brady,F,Harrisberg,DE,9271,37.340386,-137.535062,768349,Mechanical engineer,1955-04-25,sim_1655ad6f-79a6-4d26-8acf-1c5290bc9d04,1714704750,32.230295,-117.550656,0,0.0,0
c912b976-f29c-4fd6-acdf-fc4068d3b66e,2024-05-03 06:49:24,4767286519011944,fraud_Prosacco LLC,personal_care,48.72,Elizabeth,Brady,F,Harrisberg,DE,9271,37.340386,-137.535062,768349,Mechanical engineer,1955-04-25,sim_0c62a689-a74f-4036-92ef-d3ffb127a78a,1714715364,38.915074,-86.734434,0,0.0,0
c912b976-f29c-4fd6-acdf-fc4068d3b66e,2024-05-03 06:51:02,4767286519011944,"fraud_Huel, Hammes and Witting",grocery_pos,112.73,Elizabeth,Brady,F,Harrisberg,DE,9271,37.340386,-137.535062,768349,Mechanical engineer,1955-04-25,sim_ef7638bd-d779-462a-8252-eb9bbaaa2908,1714715462,38.977873,-77.362668,0,0.0,0
c912b976-f29c-4fd6-acdf-fc4068d3b66e,2024-05-03 10:21:18,4767286519011944,fraud_O'Hara-Wilderman,food_dining,100.15,Elizabeth,Brady,F,Harrisberg,DE,9271,37.340386,-137.535062,768349,Mechanical engineer,1955-04-25,sim_7cd8b751-971a-4aa4-9794-6c98cd69e73c,1714728078,39.502907,-104.2935,0,0.0,0
c912b976-f29c-4fd6-acdf-fc4068d3b66e,2024-05-03 13:31:28,4767286519011944,fraud_Gleason-Macejkovic,shopping_net,7.48,Elizabeth,Brady,F,Harrisberg,DE,9271,37.340386,-137.535062,768349,Mechanical engineer,1955-04-25,sim_004775f2-73ff-4fa6-b680-7e81bc6e352e,1714739488,34.79289,-107.289711,0,0.0,0
c912b976-f29c-4fd6-acdf-fc4068d3b66e,2024-05-03 17:30:36,4767286519011944,"fraud_Koss, Hansen and Lueilwitz",home,250.02,Elizabeth,Brady,F,Harrisberg,DE,9271,37.340386,-137.535062,768349,Mechanical engineer,1955-04-25,sim_15a81bd4-9f10-477a-8a9c-75457f35a3be,1714753836,39.832897,-104.033405,0,0.0,0
c912b976-f29c-4fd6-acdf-fc4068d3b66e,2024-05-03 20:40:46,4767286519011944,fraud_Daugherty LLC,kids_pets,90.64,Elizabeth,Brady,F,Harrisberg,DE,9271,37.340386,-137.535062,768349,Mechanical engineer,1955-04-25,sim_c53c6d59-341e-4af6-8402-0067203108bf,1714765246,39.858822,-74.017815,0,0.0,0
c912b976-f29c-4fd6-acdf-fc4068d3b66e,2024-05-04 00:05:17,4767286519011944,fraud_Kemmer-Buckridge,misc_pos,872.81,Elizabeth,Brady,F,Harrisberg,DE,9271,37.340386,-137.535062,768349,Mechanical engineer,1955-04-25,sim_e8f4d8ab-ef65-475e-a999-8507f9bda97e,1714777517,35.908315,-88.708683,0,0.0,0
c912b976-f29c-4fd6-acdf-fc4068d3b66e,2024-05-04 00:42:04,4767286519011944,"fraud_Schoen, Nienow and Bauch",personal_care,20.61,Elizabeth,Brady,F,Harrisberg,DE,9271,37.340386,-137.535062,768349,Mechanical engineer,1955-04-25,sim_324d73ed-4c04-4b55-adee-d6904a296056,1714779724,39.19886,-76.197723,0,0.0,0
c912b976-f29c-4fd6-acdf-fc4068d3b66e,2024-05-04 04:43:25,4767286519011944,fraud_Pacocha-O'Reilly,grocery_pos,166.89,Elizabeth,Brady,F,Harrisberg,DE,9271,37.340386,-137.535062,768349,Mechanical engineer,1955-04-25,sim_e1d98fab-d168-4e9b-b868-d4a234a1732a,1714794205,32.586387,-89.692339,0,0.0,0
c912b976-f29c-4fd6-acdf-fc4068d3b66e,2024-05-04 07:51:18,4767286519011944,"fraud_Bernhard, Grant and Langworth",shopping_pos,69.12,Elizabeth,Brady,F,Harrisberg,DE,9271,37.340386,-137.535062,768349,Mechanical engineer,1955-04-25,sim_51384b5b-4107-4731-b64b-459bd6da2e8b,1714805478,38.206418,-110.164532,0,0.0,0
c912b976-f29c-4fd6-acdf-fc4068d3b66e,2024-05-04 08:15:03,4767286519011944,fraud_Cummerata-Jones,gas_transport,53.5,Elizabeth,Brady,F,Harrisberg,DE,9271,37.340386,-137.535062,768349,Mechanical engineer,1955-04-25,sim_e5c9d87b-7104-4b84-ad79-6faf50b981cd,1714806903,40.600089,-122.986403,0,0.0,0
c912b976-f29c-4fd6-acdf-fc4068d3b66e,2024-05-04 09:01:22,4767286519011944,"fraud_Bahringer, Osinski and Block",food_dining,2.42,Elizabeth,Brady,F,Harrisberg,DE,9271,37.340386,-137.535062,768349,Mechanical engineer,1955-04-25,sim_c960560e-7947-45e2-9867-f14ef2da6a31,1714809682,49.178512,-93.8317,0,0.0,0
c912b976-f29c-4fd6-acdf-fc4068d3b66e,2024-05-04 14:37:30,4767286519011944,fraud_Ullrich Ltd,kids_pets,128.73,Elizabeth,Brady,F,Harrisberg,DE,9271,37.340386,-137.535062,768349,Mechanical engineer,1955-04-25,sim_5adb338b-5ffe-42a0-8b5b-9fc89cb68b59,1714829850,38.499119,-89.917283,0,0.0,0
c912b976-f29c-4fd6-acdf-fc4068d3b66e,2024-05-04 17:37:05,4767286519011944,fraud_Dietrich-Fadel,health_fitness,10.82,Elizabeth,Brady,F,Harrisberg,DE,9271,37.340386,-137.535062,768349,Mechanical engineer,1955-04-25,sim_0e8f1cda-be1d-4bfe-b97f-5ff47daf54db,1714840625,38.908704,-76.996015,0,0.0,0
c912b976-f29c-4fd6-acdf-fc4068d3b66e,2024-05-04 21:58:01,4767286519011944,fraud_Connelly PLC,food_dining,64.77,Elizabeth,Brady,F,Harrisberg,DE,9271,37.340386,-137.535062,768349,Mechanical engineer,1955-04-25,sim_972a589f-1bd9-400d-b680-e0f801c06590,1714856281,42.183413,-82.981391,0,0.0,0
c912b976-f29c-4fd6-acdf-fc4068d3b66e,2024-05-04 23:04:42,4767286519011944,fraud_Halvorson Group,misc_pos,35.13,Elizabeth,Brady,F,Harrisberg,DE,9271,37.340386,-137.535062,768349,Mechanical engineer,1955-04-25,sim_eeb8482c-7ee5-42d0-a336-0ef467844d66,1714860282,39.162328,-86.244625,0,0.0,0
c912b976-f29c-4fd6-acdf-fc4068d3b66e,2024-05-04 23:23:08,4767286519011944,"fraud_Greenfelder, Bartoletti and Davis",misc_net,2.17,Elizabeth,Brady,F,Harrisberg,DE,9271,37.340386,-137.535062,768349,Mechanical engineer,1955-04-25,sim_3e770a2d-e742-49ac-bc0a-1d63d3a7a1ce,1714861388,41.505944,-74.21598399999999,0,0.0,0
c912b976-f29c-4fd6-acdf-fc4068d3b66e,2024-05-05 03:37:14,4767286519011944,"fraud_Walter, Hettinger and Kessler",personal_care,4.74,Elizabeth,Brady,F,Harrisberg,DE,9271,37.340386,-137.535062,768349,Mechanical engineer,1955-04-25,sim_dfb0b911-5cac-4b32-95a1-0a4a17e6880a,1714876634,24.973261,-82.02866800000001,0,0.0,0
c912b976-f29c-4fd6-acdf-fc4068d3b66e,2024-05-05 08:43:02,4767286519011944,fraud_Flatley-Durgan,misc_net,51.62,Elizabeth,Brady,F,Harrisberg,DE,9271,37.340386,-137.535062,768349,Mechanical engineer,1955-04-25,sim_b3bf311e-63b6-4732-b8c6-7e6f5725cbfa,1714894982,32.806001,-92.553183,0,0.0,0
c912b976-f29c-4fd6-acdf-fc4068d3b66e,2024-05-05 14:31:16,4767286519011944,fraud_Rau and Sons,grocery_pos,85.79,Elizabeth,Brady,F,Harrisberg,DE,9271,37.340386,-137.535062,768349,Mechanical engineer,1955-04-25,sim_0d63b87e-bedd-4e50-8065-e84ceb189e4a,1714915876,35.293671,-99.343016,0,0.0,0
c912b976-f29c-4fd6-acdf-fc4068d3b66e,2024-05-05 20:26:35,4767286519011944,fraud_Rutherford-Mertz,grocery_pos,92.58,Elizabeth,Brady,F,Harrisberg,DE,9271,37.340386,-137.535062,768349,Mechanical engineer,1955-04-25,sim_55401ebf-4a64-46ef-b0da-3d79d9496238,1714937195,33.969314000000004,-116.375682,0,0.01,0
c912b976-f29c-4fd6-acdf-fc4068d3b66e,2024-05-05 22:49:30,4767286519011944,fraud_Schmidt and Sons,shopping_net,2.75,Elizabeth,Brady,F,Harrisberg,DE,9271,37.340386,-137.535062,768349,Mechanical engineer,1955-04-25,sim_cfcfe20b-d35b-49e7-93ac-51c81e606c46,1714945770,39.761119,-74.344946,0,0.0,0
c912b976-f29c-4fd6-acdf-fc4068d3b66e,2024-05-06 04:12:32,4767286519011944,fraud_Conroy-Emard,food_dining,62.66,Elizabeth,Brady,F,Harrisberg,DE,9271,37.340386,-137.535062,768349,Mechanical engineer,1955-04-25,sim_e60d217a-fa59-4086-9415-654cb7f683b3,1714965152,35.459121,-102.281317,0,0.0,0
c912b976-f29c-4fd6-acdf-fc4068d3b66e,2024-05-06 05:17:23,4767286519011944,fraud_Conroy-Cruickshank,gas_transport,50.97,Elizabeth,Brady,F,Harrisberg,DE,9271,37.340386,-137.535062,768349,Mechanical engineer,1955-04-25,sim_65add7b1-04d8-46d9-bb81-2538e625aa7b,1714969043,36.470407,-88.54002,0,0.0,0
c912b976-f29c-4fd6-acdf-fc4068d3b66e,2024-05-06 06:37:11,4767286519011944,fraud_Bartoletti-Wunsch,gas_transport,68.04,Elizabeth,Brady,F,Harrisberg,DE,9271,37.340386,-137.535062,768349,Mechanical engineer,1955-04-25,sim_57415103-d5a2-43db-b468-e3527dd8013a,1714973831,40.338451,-80.687331,0,0.0,0
c912b976-f29c-4fd6-acdf-fc4068d3b66e,2024-05-06 08:01:01,4767286519011944,fraud_Padberg-Sauer,home,51.93,Elizabeth,Brady,F,Harrisberg,DE,9271,37.340386,-137.535062,768349,Mechanical engineer,1955-04-25,sim_f06b63a9-3f57-41b2-9a1f-a609cad16d69,1714978861,36.301927,-95.71608,0,0.0,0
c912b976-f29c-4fd6-acdf-fc4068d3b66e,2024-05-06 09:39:11,4767286519011944,fraud_Pouros-Conroy,shopping_pos,323.65,Elizabeth,Brady,F,Harrisberg,DE,9271,37.340386,-137.535062,768349,Mechanical engineer,1955-04-25,sim_204989f0-2779-45cc-ad17-a93d4a71baaf,1714984751,33.662264,-91.736389,0,0.0,0
c912b976-f29c-4fd6-acdf-fc4068d3b66e,2024-05-06 11:06:27,4767286519011944,fraud_Heidenreich PLC,grocery_pos,102.79,Elizabeth,Brady,F,Harrisberg,DE,9271,37.340386,-137.535062,768349,Mechanical engineer,1955-04-25,sim_622daf85-b9a2-4eb4-8aff-93be6ba20912,1714989987,48.493147,-101.867108,0,0.0,0
c912b976-f29c-4fd6-acdf-fc4068d3b66e,2024-05-06 13:26:22,4767286519011944,fraud_Pouros-Haag,shopping_pos,3.38,Elizabeth,Brady,F,Harrisberg,DE,9271,37.340386,-137.535062,768349,Mechanical engineer,1955-04-25,sim_1efe2c5b-dfcb-4ec3-9095-0269a32be361,1714998382,37.782265,-85.60480799999999,0,0.0,0
c912b976-f29c-4fd6-acdf-fc4068d3b66e,2024-05-06 14:00:06,4767286519011944,fraud_Yost-Rogahn,personal_care,49.54,Elizabeth,Brady,F,Harrisberg,DE,9271,37.340386,-137.535062,768349,Mechanical engineer,1955-04-25,sim_a6718c1e-6954-4276-af91-4aa69b50c9e5,1715000406,30.340913,-91.286945,0,0.0,0
c912b976-f29c-4fd6-acdf-fc4068d3b66e,2024-05-06 17:36:39,4767286519011944,fraud_Stamm-Rodriguez,misc_pos,6.19,Elizabeth,Brady,F,Harrisberg,DE,9271,37.340386,-137.535062,768349,Mechanical engineer,1955-04-25,sim_c6bf2058-0cd2-464a-a91c-612e0da20c3c,1715013399,39.406316,-90.212242,0,0.0,0
c912b976-f29c-4fd6-acdf-fc4068d3b66e,2024-05-06 23:01:30,4767286519011944,fraud_Daugherty-Thompson,food_dining,1.71,Elizabeth,Brady,F,Harrisberg,DE,9271,37.340386,-137.535062,768349,Mechanical engineer,1955-04-25,sim_b43e992e-6ce7-4196-82b5-fb7d8a0d057e,1715032890,47.067497,-97.725262,0,0.0,0
c912b976-f29c-4fd6-acdf-fc4068d3b66e,2024-05-07 00:02:38,4767286519011944,fraud_Hammes-Beatty,kids_pets,5.85,Elizabeth,Brady,F,Harrisberg,DE,9271,37.340386,-137.535062,768349,Mechanical engineer,1955-04-25,sim_7c810c9b-254f-4f97-8eaa-2cec473ec0f2,1715036558,28.959102,-81.711349,0,0.0,0
c912b976-f29c-4fd6-acdf-fc4068d3b66e,2024-05-07 03:31:13,4767286519011944,fraud_Waelchi Inc,kids_pets,102.21,Elizabeth,Brady,F,Harrisberg,DE,9271,37.340386,-137.535062,768349,Mechanical engineer,1955-04-25,sim_1f65277c-778c-4426-b23e-d83cc7adc87a,1715049073,40.849288,-80.68991,0,0.0,0
c912b976-f29c-4fd6-acdf-fc4068d3b66e,2024-05-07 07:44:00,4767286519011944,"fraud_Robel, Cummerata and Prosacco",gas_transport,72.33,Elizabeth,Brady,F,Harrisberg,DE,9271,37.340386,-137.535062,768349,Mechanical engineer,1955-04-25,sim_5243a906-dedf-49b8-a4ad-2ab8e8d37906,1715064240,40.303495,-75.196866,0,0.0,0
c912b976-f29c-4fd6-acdf-fc4068d3b66e,2024-05-07 09:49:33,4767286519011944,"fraud_Rowe, Batz and Goodwin",grocery_pos,104.94,Elizabeth,Brady,F,Harrisberg,DE,9271,37.340386,-137.535062,768349,Mechanical engineer,1955-04-25,sim_61b89393-b801-40ec-b6df-96760b6e7b15,1715071773,31.882957,-96.043394,0,0.0,0
c912b976-f29c-4fd6-acdf-fc4068d3b66e,2024-05-07 12:32:46,4767286519011944,fraud_Jacobi and Sons,shopping_pos,436.53,Elizabeth,Brady,F,Harrisberg,DE,9271,37.340386,-137.535062,768349,Mechanical engineer,1955-04-25,sim_d8063073-f4b7-4a9e-92b5-e659dc1ab72d,1715081566,41.422148,-124.301023,0,0.01,0
c912b976-f29c-4fd6-acdf-fc4068d3b66e,2024-05-07 17:37:36,4767286519011944,"fraud_Wuckert, Wintheiser and Friesen",home,38.54,Elizabeth,Brady,F,Harrisberg,DE,9271,37.340386,-137.535062,768349,Mechanical engineer,1955-04-25,sim_d74c0041-a6be-4edc-94d5-be50047ec6e6,1715099856,42.489357,-82.977138,0,0.0,0
c912b976-f29c-4fd6-acdf-fc4068d3b66e,2024-05-07 18:26:41,4767286519011944,fraud_Bogisich Inc,grocery_pos,86.41,Elizabeth,Brady,F,Harrisberg,DE,9271,37.340386,-137.535062,768349,Mechanical engineer,1955-04-25,sim_0fd5bb42-e2d9-4fbe-830a-db3cb1d890e8,1715102801,34.762449,-100.934838,0,0.0,0
c912b976-f29c-4fd6-acdf-fc4068d3b66e,2024-05-07 22:18:57,4767286519011944,fraud_Schumm PLC,shopping_net,41.43,Elizabeth,Brady,F,Harrisberg,DE,9271,37.340386,-137.535062,768349,Mechanical engineer,1955-04-25,sim_8a75a66d-e54e-46fc-80cf-006a927c0b8f,1715116737,36.069571,-91.662753,0,0.0,0
c912b976-f29c-4fd6-acdf-fc4068d3b66e,2024-05-07 23:09:37,4767286519011944,fraud_Wilkinson PLC,kids_pets,54.5,Elizabeth,Brady,F,Harrisberg,DE,9271,37.340386,-137.535062,768349,Mechanical engineer,1955-04-25,sim_f1f06b5b-04b4-47af-8901-f041d34d2a03,1715119777,29.020027,-95.407014,0,0.0,0
c912b976-f29c-4fd6-acdf-fc4068d3b66e,2024-05-07 23:10:53,4767286519011944,fraud_Beer-Jast,kids_pets,256.5,Elizabeth,Brady,F,Harrisberg,DE,9271,37.340386,-137.535062,768349,Mechanical engineer,1955-04-25,sim_78998fd5-1d0b-49e6-9b07-563c931ba289,1715119853,39.61893,-79.187475,0,0.0,0
c912b976-f29c-4fd6-acdf-fc4068d3b66e,2024-05-08 04:41:36,4767286519011944,fraud_Morissette LLC,entertainment,126.1,Elizabeth,Brady,F,Harrisberg,DE,9271,37.340386,-137.535062,768349,Mechanical engineer,1955-04-25,sim_ce6ff4e8-7c30-4fb0-abbf-36c5c0000a2b,1715139696,42.193414,-95.786736,0,0.0,0
c912b976-f29c-4fd6-acdf-fc4068d3b66e,2024-05-08 09:02:35,4767286519011944,fraud_Jacobi and Sons,shopping_pos,242.65,Elizabeth,Brady,F,Harrisberg,DE,9271,37.340386,-137.535062,768349,Mechanical engineer,1955-04-25,sim_186b261b-9aaf-4881-955d-b3862ef43875,1715155355,29.672819,-80.907511,0,0.0,0
c912b976-f29c-4fd6-acdf-fc4068d3b66e,2024-05-08 10:48:19,4767286519011944,"fraud_Lowe, Dietrich and Erdman",kids_pets,97.19,Elizabeth,Brady,F,Harrisberg,DE,9271,37.340386,-137.535062,768349,Mechanical engineer,1955-04-25,sim_b0bc25b5-3777-4b4f-838a-4cbc0fe701ba,1715161699,35.326198,-80.84038699999999,0,0.0,0
c912b976-f29c-4fd6-acdf-fc4068d3b66e,2024-05-08 12:24:38,4767286519011944,fraud_Schmeler-Howe,personal_care,69.6,Elizabeth,Brady,F,Harrisberg,DE,9271,37.340386,-137.535062,768349,Mechanical engineer,1955-04-25,sim_55513813-8e71-439f-8a92-ca671b46c061,1715167478,30.149279,-95.221016,0,0.0,0
c912b976-f29c-4fd6-acdf-fc4068d3b66e,2024-05-08 17:14:17,4767286519011944,"fraud_Lubowitz, Terry and Stracke",personal_care,44.54,Elizabeth,Brady,F,Harrisberg,DE,9271,37.340386,-137.535062,768349,Mechanical engineer,1955-04-25,sim_7690a3c0-fa1c-4a74-95e4-2b970d731d21,1715184857,28.357347,-95.693929,0,0.0,0
c912b976-f29c-4fd6-acdf-fc4068d3b66e,2024-05-08 18:54:29,4767286519011944,"fraud_Hills, Hegmann and Schaefer",health_fitness,1.41,Elizabeth,Brady,F,Harrisberg,DE,9271,37.340386,-137.535062,768349,Mechanical engineer,1955-04-25,sim_323bec99-481e-4e60-b700-690eff82388c,1715190869,39.630695,-90.24867,0,0.0,0
c912b976-f29c-4fd6-acdf-fc4068d3b66e,2024-05-08 19:22:19,4767286519011944,fraud_Schiller Ltd,personal_care,35.0,Elizabeth,Brady,F,Harrisberg,DE,9271,37.340386,-137.535062,768349,Mechanical engineer,1955-04-25,sim_d99eac92-2112-4dce-ab03-0e1d3b93c414,1715192539,27.198018,-79.899728,0,0.0,0
c912b976-f29c-4fd6-acdf-fc4068d3b66e,2024-05-08 19:58:34,4767286519011944,"fraud_Lang, Towne and Schuppe",kids_pets,60.15,Elizabeth,Brady,F,Harrisberg,DE,9271,37.340386,-137.535062,768349,Mechanical engineer,1955-04-25,sim_842ce66c-5b0a-43c7-bb10-d479b65f529e,1715194714,40.756123,-77.465204,0,0.0,0
c912b976-f29c-4fd6-acdf-fc4068d3b66e,2024-05-08 21:07:40,4767286519011944,fraud_Cormier LLC,shopping_net,938.98,Elizabeth,Brady,F,Harrisberg,DE,9271,37.340386,-137.535062,768349,Mechanical engineer,1955-04-25,sim_b8f8d4ba-9812-42c8-a630-66b0804b3f50,1715198860,35.224605,-116.022758,1,0.88,1
c912b976-f29c-4fd6-acdf-fc4068d3b66e,2024-05-08 21:49:30,4767286519011944,"fraud_Gottlieb, Considine and Schultz",shopping_net,74.71,Elizabeth,Brady,F,Harrisberg,DE,9271,37.340386,-137.535062,768349,Mechanical engineer,1955-04-25,sim_6f8b832e-1fd3-4a98-a230-7300934e8b4d,1715201370,43.782605,-95.517204,0,0.0,0
c912b976-f29c-4fd6-acdf-fc4068d3b66e,2024-05-09 02:05:55,4767286519011944,fraud_Gottlieb-Hansen,personal_care,16.4,Elizabeth,Brady,F,Harrisberg,DE,9271,37.340386,-137.535062,768349,Mechanical engineer,1955-04-25,sim_d37ba9c4-fec1-4a39-a805-d4e7418de923,1715216755,32.765177,-116.49596499999998,0,0.0,0
c912b976-f29c-4fd6-acdf-fc4068d3b66e,2024-05-09 03:57:53,4767286519011944,fraud_Cummings LLC,gas_transport,64.33,Elizabeth,Brady,F,Harrisberg,DE,9271,37.340386,-137.535062,768349,Mechanical engineer,1955-04-25,sim_0aec90a3-c476-4f09-8563-964335d49fa6,1715223473,33.066899,-80.016909,0,0.0,0
c912b976-f29c-4fd6-acdf-fc4068d3b66e,2024-05-09 05:55:46,4767286519011944,"fraud_Reichert, Huels and Hoppe",shopping_net,11.55,Elizabeth,Brady,F,Harrisberg,DE,9271,37.340386,-137.535062,768349,Mechanical engineer,1955-04-25,sim_bc9b9654-ef25-45f7-8a99-dcbfdef1b411,1715230546,31.935433000000003,-94.777123,0,0.0,0
c912b976-f29c-4fd6-acdf-fc4068d3b66e,2024-05-09 07:22:07,4767286519011944,"fraud_Fadel, Mertz and Rippin",entertainment,1.41,Elizabeth,Brady,F,Harrisberg,DE,9271,37.340386,-137.535062,768349,Mechanical engineer,1955-04-25,sim_f2cdbe05-3a77-4cb8-9938-c4ee8bc2e3b8,1715235727,42.159444,-77.382409,0,0.0,0
c912b976-f29c-4fd6-acdf-fc4068d3b66e,2024-05-09 08:19:15,4767286519011944,fraud_Jaskolski-Vandervort,misc_net,1.04,Elizabeth,Brady,F,Harrisberg,DE,9271,37.340386,-137.535062,768349,Mechanical engineer,1955-04-25,sim_d5bc4127-2ece-4ca2-a060-0d5552dfe38e,1715239155,37.211962,-97.945211,0,0.0,0
c912b976-f29c-4fd6-acdf-fc4068d3b66e,2024-05-09 13:20:07,4767286519011944,"fraud_Conroy, Balistreri and Gorczany",health_fitness,21.27,Elizabeth,Brady,F,Harrisberg,DE,9271,37.340386,-137.535062,768349,Mechanical engineer,1955-04-25,sim_12086990-5961-40f5-91ad-864ebb1279f0,1715257207,43.769556,-74.784624,0,0.0,0
c912b976-f29c-4fd6-acdf-fc4068d3b66e,2024-05-09 17:50:56,4767286519011944,"fraud_Raynor, Reinger and Hagenes",gas_transport,72.64,Elizabeth,Brady,F,Harrisberg,DE,9271,37.340386,-137.535062,768349,Mechanical engineer,1955-04-25,sim_4d12152c-c26e-4a03-acf7-02cacc44a86a,1715273456,42.20954,-80.109538,0,0.0,0
c912b976-f29c-4fd6-acdf-fc4068d3b66e,2024-05-09 21:05:52,4767286519011944,fraud_Ankunding LLC,shopping_net,3.08,Elizabeth,Brady,F,Harrisberg,DE,9271,37.340386,-137.535062,768349,Mechanical engineer,1955-04-25,sim_482553db-bdd5-4175-ab73-aa92d8c181b0,1715285152,31.471603,-96.31997,0,0.0,0
c912b976-f29c-4fd6-acdf-fc4068d3b66e,2024-05-09 23:28:29,4767286519011944,fraud_Klein Group,entertainment,178.09,Elizabeth,Brady,F,Harrisberg,DE,9271,37.340386,-137.535062,768349,Mechanical engineer,1955-04-25,sim_624a0a13-0839-43eb-b0e3-1a0db79deb29,1715293709,32.989925,-94.824189,0,0.0,0
c912b976-f29c-4fd6-acdf-fc4068d3b66e,2024-05-10 01:21:51,4767286519011944,fraud_Hickle Group,shopping_pos,2.19,Elizabeth,Brady,F,Harrisberg,DE,9271,37.340386,-137.535062,768349,Mechanical engineer,1955-04-25,sim_2bdad553-4b56-4343-9afb-5340277fd2f7,1715300511,30.196683,-99.023185,0,0.0,0
c912b976-f29c-4fd6-acdf-fc4068d3b66e,2024-05-10 06:43:54,4767286519011944,"fraud_Raynor, Feest and Miller",gas_transport,62.26,Elizabeth,Brady,F,Harrisberg,DE,9271,37.340386,-137.535062,768349,Mechanical engineer,1955-04-25,sim_198952ec-6143-4502-8af6-da0c5837c65d,1715319834,39.419597,-100.013807,0,0.0,0
c912b976-f29c-4fd6-acdf-fc4068d3b66e,2024-05-10 08:13:24,4767286519011944,fraud_Prohaska-Murray,gas_transport,61.04,Elizabeth,Brady,F,Harrisberg,DE,9271,37.340386,-137.535062,768349,Mechanical engineer,1955-04-25,sim_d10e9e87-fbe9-4b3c-a752-7fe5592b8dad,1715325204,36.888436,-90.790754,0,0.0,0
c912b976-f29c-4fd6-acdf-fc4068d3b66e,2024-05-10 11:34:35,4767286519011944,fraud_Ebert-Daugherty,travel,4.82,Elizabeth,Brady,F,Harrisberg,DE,9271,37.340386,-137.535062,768349,Mechanical engineer,1955-04-25,sim_d13e21b6-7357-4120-adbf-0ff4482f2d20,1715337275,30.882837,-90.950703,0,0.0,0
c912b976-f29c-4fd6-acdf-fc4068d3b66e,2024-05-10 14:03:06,4767286519011944,fraud_Medhurst Inc,home,26.63,Elizabeth,Brady,F,Harrisberg,DE,9271,37.340386,-137.535062,768349,Mechanical engineer,1955-04-25,sim_d3a56c2b-9480-4b16-b5c6-71d1a4a9d656,1715346186,28.45106,-82.421761,0,0.0,0
c912b976-f29c-4fd6-acdf-fc4068d3b66e,2024-05-10 14:14:44,4767286519011944,fraud_Dare-Gibson,health_fitness,71.44,Elizabeth,Brady,F,Harrisberg,DE,9271,37.340386,-137.535062,768349,Mechanical engineer,1955-04-25,sim_9eb8b2bc-1241-44f8-9898-43f9f2c3870d,1715346884,39.056649,-77.04155300000001,0,0.0,0
c912b976-f29c-4fd6-acdf-fc4068d3b66e,2024-05-10 17:24:26,4767286519011944,"fraud_Hoppe, Harris and Bednar",entertainment,289.26,Elizabeth,Brady,F,Harrisberg,DE,9271,37.340386,-137.535062,768349,Mechanical engineer,1955-04-25,sim_329fa78c-1aa0-4b2e-8b00-93f97d626eda,1715358266,30.716435,-88.23853000000001,0,0.0,0
c912b976-f29c-4fd6-acdf-fc4068d3b66e,2024-05-10 22:43:46,4767286519011944,fraud_Brown Inc,kids_pets,85.8,Elizabeth,Brady,F,Harrisberg,DE,9271,37.340386,-137.535062,768349,Mechanical engineer,1955-04-25,sim_f977b7cc-3c70-4183-8b23-de156cee5022,1715377426,31.567881,-98.306994,0,0.0,0
c912b976-f29c-4fd6-acdf-fc4068d3b66e,2024-05-11 04:01:50,4767286519011944,fraud_Donnelly LLC,entertainment,50.39,Elizabeth,Brady,F,Harrisberg,DE,9271,37.340386,-137.535062,768349,Mechanical engineer,1955-04-25,sim_bff0bdcd-335f-4b7e-ba68-06e1413a6e01,1715396510,43.542122,-77.988862,0,0.0,0
c912b976-f29c-4fd6-acdf-fc4068d3b66e,2024-05-11 05:06:47,4767286519011944,fraud_Friesen-D'Amore,gas_transport,38.36,Elizabeth,Brady,F,Harrisberg,DE,9271,37.340386,-137.535062,768349,Mechanical engineer,1955-04-25,sim_22e57d64-45d8-4606-b32a-5d4dbe07ea0a,1715400407,42.294791,-110.667502,0,0.0,0
c912b976-f29c-4fd6-acdf-fc4068d3b66e,2024-05-11 06:11:50,4767286519011944,fraud_Reilly LLC,home,91.78,Elizabeth,Brady,F,Harrisberg,DE,9271,37.340386,-137.535062,768349,Mechanical engineer,1955-04-25,sim_26d97947-e25f-4017-866d-9900d7048ff3,1715404310,43.003186,-77.883279,0,0.0,0
c912b976-f29c-4fd6-acdf-fc4068d3b66e,2024-05-11 09:53:33,4767286519011944,fraud_Schmitt Ltd,misc_net,27.74,Elizabeth,Brady,F,Harrisberg,DE,9271,37.340386,-137.535062,768349,Mechanical engineer,1955-04-25,sim_cba11af0-01bb-483e-b3c2-c7bd68f1063a,1715417613,34.858194,-89.175784,0,0.0,0
c912b976-f29c-4fd6-acdf-fc4068d3b66e,2024-05-11 09:56:10,4767286519011944,fraud_Wiza LLC,misc_pos,4.24,Elizabeth,Brady,F,Harrisberg,DE,9271,37.340386,-137.535062,768349,Mechanical engineer,1955-04-25,sim_1b8fcdf8-b35a-4211-91f7-4b36b1f36a7c,1715417770,39.691672,-75.497251,0,0.0,0
c912b976-f29c-4fd6-acdf-fc4068d3b66e,2024-05-11 15:21:20,4767286519011944,"fraud_Kerluke, Kertzmann and Wiza",misc_net,4.0,Elizabeth,Brady,F,Harrisberg,DE,9271,37.340386,-137.535062,768349,Mechanical engineer,1955-04-25,sim_ebd23224-5f41-4124-816f-ad8e181b3ec2,1715437280,31.131305,-100.296404,0,0.0,0
c912b976-f29c-4fd6-acdf-fc4068d3b66e,2024-05-11 15:56:37,4767286519011944,fraud_Langworth LLC,personal_care,87.14,Elizabeth,Brady,F,Harrisberg,DE,9271,37.340386,-137.535062,768349,Mechanical engineer,1955-04-25,sim_9b51534f-538f-4db9-a53e-e691c5985915,1715439397,39.492569,-111.146107,0,0.0,0
c912b976-f29c-4fd6-acdf-fc4068d3b66e,2024-05-11 17:55:24,4767286519011944,"fraud_McDermott, Osinski and Morar",home,7.39,Elizabeth,Brady,F,Harrisberg,DE,9271,37.340386,-137.535062,768349,Mechanical engineer,1955-04-25,sim_6f55c77a-29f2-45db-b523-303cc718174d,1715446524,40.598781,-88.634812,0,0.0,0
c912b976-f29c-4fd6-acdf-fc4068d3b66e,2024-05-11 23:43:05,4767286519011944,fraud_Schumm PLC,shopping_net,3.59,Elizabeth,Brady,F,Harrisberg,DE,9271,37.340386,-137.535062,768349,Mechanical engineer,1955-04-25,sim_84926acc-39ba-4c54-85a1-d8adece845ad,1715467385,34.749028,-81.95909,0,0.0,0
c912b976-f29c-4fd6-acdf-fc4068d3b66e,2024-05-12 02:18:14,4767286519011944,fraud_Lemke-Gutmann,shopping_net,56.66,Elizabeth,Brady,F,Harrisberg,DE,9271,37.340386,-137.535062,768349,Mechanical engineer,1955-04-25,sim_920551fa-6cde-4c2a-a941-dde80c2fdb7e,1715476694,31.696396000000004,-85.461117,0,0.0,0
c912b976-f29c-4fd6-acdf-fc4068d3b66e,2024-05-12 02:47:04,4767286519011944,"fraud_Mueller, Gerhold and Mueller",health_fitness,46.69,Elizabeth,Brady,F,Harrisberg,DE,9271,37.340386,-137.535062,768349,Mechanical engineer,1955-04-25,sim_b0a73195-8422-4f88-8c22-b64c1208477a,1715478424,41.916469,-74.178954,0,0.0,0
c912b976-f29c-4fd6-acdf-fc4068d3b66e,2024-05-12 02:54:49,4767286519011944,fraud_Watsica LLC,personal_care,14.91,Elizabeth,Brady,F,Harrisberg,DE,9271,37.340386,-137.535062,768349,Mechanical engineer,1955-04-25,sim_7a30c1c0-6bd9-4830-8a78-c6f5632583e9,1715478889,38.020749,-75.320809,0,0.0,0
c912b976-f29c-4fd6-acdf-fc4068d3b66e,2024-05-12 05:35:47,4767286519011944,fraud_Frami Group,entertainment,90.43,Elizabeth,Brady,F,Harrisberg,DE,9271,37.340386,-137.535062,768349,Mechanical engineer,1955-04-25,sim_5599bceb-b06d-4f16-85a9-1b9e4ff32077,1715488547,34.188714000000004,-119.154297,0,0.0,0
c912b976-f29c-4fd6-acdf-fc4068d3b66e,2024-05-12 09:11:24,4767286519011944,fraud_Pacocha-Weissnat,kids_pets,18.79,Elizabeth,Brady,F,Harrisberg,DE,9271,37.340386,-137.535062,768349,Mechanical engineer,1955-04-25,sim_e0797279-d78b-4e22-a5e5-3fee7d291741,1715501484,36.328194,-97.523703,0,0.03,0
c912b976-f29c-4fd6-acdf-fc4068d3b66e,2024-05-12 14:57:08,4767286519011944,fraud_Kuhic LLC,shopping_net,12.56,Elizabeth,Brady,F,Harrisberg,DE,9271,37.340386,-137.535062,768349,Mechanical engineer,1955-04-25,sim_52e99d42-52b5-4881-919e-0a773132e0d4,1715522228,38.50768,-85.062613,0,0.0,0
c912b976-f29c-4fd6-acdf-fc4068d3b66e,2024-05-12 18:45:07,4767286519011944,"fraud_Wintheiser, Dietrich and Schimmel",misc_pos,1.69,Elizabeth,Brady,F,Harrisberg,DE,9271,37.340386,-137.535062,768349,Mechanical engineer,1955-04-25,sim_d49d1f7a-90cc-4165-99ee-256d846f5499,1715535907,43.04708,-88.764701,0,0.0,0
c912b976-f29c-4fd6-acdf-fc4068d3b66e,2024-05-12 20:00:37,4767286519011944,"fraud_Swaniawski, Bahringer and Ledner",grocery_net,64.58,Elizabeth,Brady,F,Harrisberg,DE,9271,37.340386,-137.535062,768349,Mechanical engineer,1955-04-25,sim_d780f5d0-3b04-4994-a8c7-6b282678d9b4,1715540437,33.791341,-119.052604,0,0.0,0
c912b976-f29c-4fd6-acdf-fc4068d3b66e,2024-05-12 21:05:55,4767286519011944,fraud_Reynolds-Schinner,misc_pos,30.49,Elizabeth,Brady,F,Harrisberg,DE,9271,37.340386,-137.535062,768349,Mechanical engineer,1955-04-25,sim_d9492c80-30ce-489f-8d97-cf3e8606fb84,1715544355,40.429345,-120.046474,0,0.0,0
c912b976-f29c-4fd6-acdf-fc4068d3b66e,2024-05-13 01:24:47,4767286519011944,fraud_Roob LLC,grocery_net,49.54,Elizabeth,Brady,F,Harrisberg,DE,9271,37.340386,-137.535062,768349,Mechanical engineer,1955-04-25,sim_39815449-62a4-4930-9f19-b0765afb068a,1715559887,47.300298,-97.216522,0,0.0,0
c912b976-f29c-4fd6-acdf-fc4068d3b66e,2024-05-13 02:51:08,4767286519011944,fraud_Streich Ltd,home,102.5,Elizabeth,Brady,F,Harrisberg,DE,9271,37.340386,-137.535062,768349,Mechanical engineer,1955-04-25,sim_9ddc9698-6fe2-4105-a869-145540aca5ef,1715565068,32.855841,-86.52041,0,0.0,0
c912b976-f29c-4fd6-acdf-fc4068d3b66e,2024-05-13 08:03:36,4767286519011944,fraud_DuBuque LLC,grocery_pos,58.17,Elizabeth,Brady,F,Harrisberg,DE,9271,37.340386,-137.535062,768349,Mechanical engineer,1955-04-25,sim_84a8af65-11c8-4b4f-87cc-3f2c7322927f,1715583816,45.536982,-93.818873,0,0.0,0
c912b976-f29c-4fd6-acdf-fc4068d3b66e,2024-05-13 11:44:26,4767286519011944,fraud_Padberg-Welch,grocery_pos,76.86,Elizabeth,Brady,F,Harrisberg,DE,9271,37.340386,-137.535062,768349,Mechanical engineer,1955-04-25,sim_0dc63a5d-1577-4676-a7df-21157ca3d352,1715597066,42.795335,-78.525051,0,0.0,0
c912b976-f29c-4fd6-acdf-fc4068d3b66e,2024-05-13 13:26:20,4767286519011944,fraud_Huels-Hahn,gas_transport,83.4,Elizabeth,Brady,F,Harrisberg,DE,9271,37.340386,-137.535062,768349,Mechanical engineer,1955-04-25,sim_b08d23e0-999d-4173-87b8-2e30391807b9,1715603180,34.935864,-82.855173,0,0.0,0
c912b976-f29c-4fd6-acdf-fc4068d3b66e,2024-05-13 14:06:24,4767286519011944,fraud_Kuphal-Bartoletti,misc_net,26.55,Elizabeth,Brady,F,Harrisberg,DE,9271,37.340386,-137.535062,768349,Mechanical engineer,1955-04-25,sim_37b3f085-5ce3-44d8-8c1b-7a3e245eee56,1715605584,36.105328,-90.365832,0,0.0,0
c912b976-f29c-4fd6-acdf-fc4068d3b66e,2024-05-13 16:57:09,4767286519011944,fraud_Champlin-Casper,home,75.59,Elizabeth,Brady,F,Harrisberg,DE,9271,37.340386,-137.535062,768349,Mechanical engineer,1955-04-25,sim_b857e5e7-2838-432a-840c-ada6e858ec57,1715615829,40.553628,-79.549758,0,0.0,0
c912b976-f29c-4fd6-acdf-fc4068d3b66e,2024-05-13 20:22:57,4767286519011944,"fraud_Goyette, Howell and Collier",shopping_pos,1037.68,Elizabeth,Brady,F,Harrisberg,DE,9271,37.340386,-137.535062,768349,Mechanical engineer,1955-04-25,sim_e7c6eda6-f769-4c1c-82e7-78fbd8274f2d,1715628177,38.042895,-81.45004899999999,0,0.02,0
c912b976-f29c-4fd6-acdf-fc4068d3b66e,2024-05-13 23:02:31,4767286519011944,fraud_Donnelly PLC,misc_net,4.31,Elizabeth,Brady,F,Harrisberg,DE,9271,37.340386,-137.535062,768349,Mechanical engineer,1955-04-25,sim_3dc1b488-2abb-4bb5-8572-5dc0f423aa00,1715637751,32.539519,-90.984986,0,0.01,0
c912b976-f29c-4fd6-acdf-fc4068d3b66e,2024-05-14 04:07:51,4767286519011944,fraud_Rau and Sons,grocery_pos,148.49,Elizabeth,Brady,F,Harrisberg,DE,9271,37.340386,-137.535062,768349,Mechanical engineer,1955-04-25,sim_2da8d433-f824-4040-8ba6-dfff83bbc994,1715656071,28.04989,-97.318163,0,0.0,0
c912b976-f29c-4fd6-acdf-fc4068d3b66e,2024-05-14 08:43:32,4767286519011944,fraud_Kerluke Inc,misc_net,8.38,Elizabeth,Brady,F,Harrisberg,DE,9271,37.340386,-137.535062,768349,Mechanical engineer,1955-04-25,sim_fd9c1f36-95a0-47a7-8730-c1b258dc9f8a,1715672612,38.601584,-115.849162,0,0.0,0
c912b976-f29c-4fd6-acdf-fc4068d3b66e,2024-05-14 08:53:12,4767286519011944,fraud_McCullough LLC,misc_pos,4.67,Elizabeth,Brady,F,Harrisberg,DE,9271,37.340386,-137.535062,768349,Mechanical engineer,1955-04-25,sim_a275b25c-f2cd-400a-b1e3-dc7ca9c6d5e8,1715673192,39.852187,-92.466577,0,0.01,0
c912b976-f29c-4fd6-acdf-fc4068d3b66e,2024-05-14 09:05:34,4767286519011944,fraud_Bartoletti-Wunsch,gas_transport,69.62,Elizabeth,Brady,F,Harrisberg,DE,9271,37.340386,-137.535062,768349,Mechanical engineer,1955-04-25,sim_75a51100-6cce-40ab-9ade-a2ef6de79877,1715673934,30.949742,-88.361489,0,0.0,0
c912b976-f29c-4fd6-acdf-fc4068d3b66e,2024-05-14 10:50:58,4767286519011944,"fraud_Schumm, Bauch and Ondricka",grocery_pos,60.04,Elizabeth,Brady,F,Harrisberg,DE,9271,37.340386,-137.535062,768349,Mechanical engineer,1955-04-25,sim_22aa373c-2ec1-4a85-b0cc-b84195237a28,1715680258,41.102803,-75.201103,0,0.0,0
c912b976-f29c-4fd6-acdf-fc4068d3b66e,2024-05-14 13:15:07,4767286519011944,fraud_Bahringer-Streich,food_dining,9.67,Elizabeth,Brady,F,Harrisberg,DE,9271,37.340386,-137.535062,768349,Mechanical engineer,1955-04-25,sim_603d4731-f66b-46dd-8058-8fe384f59b20,1715688907,32.508101,-80.19358199999999,0,0.0,0
c912b976-f29c-4fd6-acdf-fc4068d3b66e,2024-05-14 16:54:35,4767286519011944,fraud_Nolan-Williamson,kids_pets,66.06,Elizabeth,Brady,F,Harrisberg,DE,9271,37.340386,-137.535062,768349,Mechanical engineer,1955-04-25,sim_46cda219-ac95-436c-bcfd-617e57658bd0,1715702075,40.985882,-89.231803,0,0.0,0
c912b976-f29c-4fd6-acdf-fc4068d3b66e,2024-05-14 20:36:16,4767286519011944,fraud_Graham and Sons,health_fitness,46.05,Elizabeth,Brady,F,Harrisberg,DE,9271,37.340386,-137.535062,768349,Mechanical engineer,1955-04-25,sim_5fc4d55d-6621-4ca8-8250-595f6a4385dc,1715715376,41.367681,-84.441764,0,0.0,0
c912b976-f29c-4fd6-acdf-fc4068d3b66e,2024-05-15 00:57:24,4767286519011944,fraud_Harris Group,food_dining,98.08,Elizabeth,Brady,F,Harrisberg,DE,9271,37.340386,-137.535062,768349,Mechanical engineer,1955-04-25,sim_0d6a0593-e949-49c8-9014-ea27af72ad37,1715731044,42.210529,-72.178809,0,0.0,0
c912b976-f29c-4fd6-acdf-fc4068d3b66e,2024-05-15 05:11:09,4767286519011944,"fraud_Moen, Reinger and Murphy",grocery_pos,28.59,Elizabeth,Brady,F,Harrisberg,DE,9271,37.340386,-137.535062,768349,Mechanical engineer,1955-04-25,sim_fc8b2dbe-fb9d-42cf-837f-e3b74c59f1b8,1715746269,33.094305,-80.578633,0,0.0,0
c912b976-f29c-4fd6-acdf-fc4068d3b66e,2024-05-15 05:42:06,4767286519011944,fraud_Collier Inc,grocery_net,73.41,Elizabeth,Brady,F,Harrisberg,DE,9271,37.340386,-137.535062,768349,Mechanical engineer,1955-04-25,sim_d314d998-90c2-41ee-89fd-8655c6ef54f7,1715748126,35.14799,-98.948638,0,0.0,0
c912b976-f29c-4fd6-acdf-fc4068d3b66e,2024-05-15 07:29:56,4767286519011944,fraud_Smitham-Boehm,grocery_net,25.04,Elizabeth,Brady,F,Harrisberg,DE,9271,37.340386,-137.535062,768349,Mechanical engineer,1955-04-25,sim_81b292c0-386e-492b-97f9-18f089e97c0c,1715754596,38.919990000000006,-77.39285600000001,0,0.0,0
c912b976-f29c-4fd6-acdf-fc4068d3b66e,2024-05-15 12:08:01,4767286519011944,"fraud_Schiller, Blanda and Johnson",home,27.97,Elizabeth,Brady,F,Harrisberg,DE,9271,37.340386,-137.535062,768349,Mechanical engineer,1955-04-25,sim_bde30217-a1a4-418d-8f7c-e337b10d199a,1715771281,26.723049,-82.662376,0,0.0,0
c912b976-f29c-4fd6-acdf-fc4068d3b66e,2024-05-15 15:43:56,4767286519011944,"fraud_Kovacek, Dibbert and Ondricka",grocery_pos,122.82,Elizabeth,Brady,F,Harrisberg,DE,9271,37.340386,-137.535062,768349,Mechanical engineer,1955-04-25,sim_33ed06d9-e29c-4b9e-8bf2-b682b4984a67,1715784236,40.066194,-102.026263,0,0.0,0
c912b976-f29c-4fd6-acdf-fc4068d3b66e,2024-05-15 18:23:02,4767286519011944,fraud_Eichmann-Kilback,home,89.58,Elizabeth,Brady,F,Harrisberg,DE,9271,37.340386,-137.535062,768349,Mechanical engineer,1955-04-25,sim_059c6fe7-cedc-4f06-b5f2-a505e4e3adc2,1715793782,46.669678000000005,-97.033542,0,0.0,0
c912b976-f29c-4fd6-acdf-fc4068d3b66e,2024-05-15 22:54:01,4767286519011944,"fraud_Tillman, Dickinson and Labadie",gas_transport,63.52,Elizabeth,Brady,F,Harrisberg,DE,9271,37.340386,-137.535062,768349,Mechanical engineer,1955-04-25,sim_62549cfa-8722-4b32-925a-3e735d6e528f,1715810041,42.168629,-88.09051,0,0.0,0
c912b976-f29c-4fd6-acdf-fc4068d3b66e,2024-05-16 04:24:27,4767286519011944,"fraud_Monahan, Hermann and Johns",travel,7.83,Elizabeth,Brady,F,Harrisberg,DE,9271,37.340386,-137.535062,768349,Mechanical engineer,1955-04-25,sim_6284f830-2579-49d1-b113-acc688dc28f1,1715829867,40.083007,-119.388007,0,0.0,0
c912b976-f29c-4fd6-acdf-fc4068d3b66e,2024-05-16 10:05:54,4767286519011944,fraud_Hammes-Beatty,kids_pets,102.16,Elizabeth,Brady,F,Harrisberg,DE,9271,37.340386,-137.535062,768349,Mechanical engineer,1955-04-25,sim_5c759c18-4332-4a70-8570-3b33e7f19d71,1715850354,41.759132,-85.564454,0,0.0,0
c912b976-f29c-4fd6-acdf-fc4068d3b66e,2024-05-16 10:23:40,4767286519011944,fraud_Kessler Inc,travel,2.36,Elizabeth,Brady,F,Harrisberg,DE,9271,37.340386,-137.535062,768349,Mechanical engineer,1955-04-25,sim_68ed63e6-b464-463e-90e6-a7e76336380a,1715851420,40.809516,-75.936954,0,0.0,0
c912b976-f29c-4fd6-acdf-fc4068d3b66e,2024-05-16 10:57:28,4767286519011944,fraud_Zemlak Group,misc_net,3.47,Elizabeth,Brady,F,Harrisberg,DE,9271,37.340386,-137.535062,768349,Mechanical engineer,1955-04-25,sim_4c0e515d-5433-4c89-8ba6-255bab65730b,1715853448,38.833816,-82.865751,0,0.0,0
c912b976-f29c-4fd6-acdf-fc4068d3b66e,2024-05-16 15:57:16,4767286519011944,"fraud_Windler, Goodwin and Kovacek",home,76.81,Elizabeth,Brady,F,Harrisberg,DE,9271,37.340386,-137.535062,768349,Mechanical engineer,1955-04-25,sim_6c29f2f4-924d-4f4a-b611-26805a954c53,1715871436,39.479302,-75.796837,0,0.0,0
c912b976-f29c-4fd6-acdf-fc4068d3b66e,2024-05-16 17:43:00,4767286519011944,fraud_Dooley Inc,shopping_pos,13.62,Elizabeth,Brady,F,Harrisberg,DE,9271,37.340386,-137.535062,768349,Mechanical engineer,1955-04-25,sim_b7ede71e-43ec-4611-9f02-1c0c4960be49,1715877780,38.92638,-82.516862,0,0.0,0
c912b976-f29c-4fd6-acdf-fc4068d3b66e,2024-05-16 22:16:29,4767286519011944,"fraud_Terry, Johns and Bins",misc_pos,569.6,Elizabeth,Brady,F,Harrisberg,DE,9271,37.340386,-137.535062,768349,Mechanical engineer,1955-04-25,sim_4f7e50a1-d598-415b-84a8-7ccc7e1143cb,1715894189,31.894098,-83.07704,0,0.0,0
c912b976-f29c-4fd6-acdf-fc4068d3b66e,2024-05-16 23:31:18,4767286519011944,"fraud_Bahringer, Schoen and Corkery",shopping_pos,132.34,Elizabeth,Brady,F,Harrisberg,DE,9271,37.340386,-137.535062,768349,Mechanical engineer,1955-04-25,sim_6a50b3b2-f0ca-4cb2-9a95-e0a8b62fd845,1715898678,31.456515000000003,-83.513408,0,0.0,0
c912b976-f29c-4fd6-acdf-fc4068d3b66e,2024-05-17 03:43:35,4767286519011944,fraud_Friesen-Stamm,gas_transport,48.07,Elizabeth,Brady,F,Harrisberg,DE,9271,37.340386,-137.535062,768349,Mechanical engineer,1955-04-25,sim_612c8e52-317c-4962-8377-8b29c58d1fdf,1715913815,37.796853000000006,-122.987136,0,0.0,0
c912b976-f29c-4fd6-acdf-fc4068d3b66e,2024-05-17 08:03:32,4767286519011944,fraud_Lynch-Wisozk,home,84.89,Elizabeth,Brady,F,Harrisberg,DE,9271,37.340386,-137.535062,768349,Mechanical engineer,1955-04-25,sim_ba753914-40ba-44d4-a6f5-2355fd012250,1715929412,40.006309,-78.443026,0,0.0,0
c912b976-f29c-4fd6-acdf-fc4068d3b66e,2024-05-17 09:45:50,4767286519011944,fraud_Barton LLC,kids_pets,115.82,Elizabeth,Brady,F,Harrisberg,DE,9271,37.340386,-137.535062,768349,Mechanical engineer,1955-04-25,sim_c3f97186-c89e-404f-8321-7bb7bf5cb9ba,1715935550,38.758328000000006,-94.311762,0,0.0,0
c912b976-f29c-4fd6-acdf-fc4068d3b66e,2024-05-17 14:15:23,4767286519011944,fraud_Parker-Kunde,personal_care,20.18,Elizabeth,Brady,F,Harrisberg,DE,9271,37.340386,-137.535062,768349,Mechanical engineer,1955-04-25,sim_7c7faefc-5bba-49ba-8a42-f780061ea900,1715951723,33.693663,-95.829959,0,0.01,0
c912b976-f29c-4fd6-acdf-fc4068d3b66e,2024-05-17 19:07:52,4767286519011944,fraud_Kiehn-Emmerich,grocery_pos,101.01,Elizabeth,Brady,F,Harrisberg,DE,9271,37.340386,-137.535062,768349,Mechanical engineer,1955-04-25,sim_31eee220-5927-4420-8959-dc8838fccdb2,1715969272,37.767251,-89.56569499999999,0,0.0,0
c912b976-f29c-4fd6-acdf-fc4068d3b66e,2024-05-18 00:26:00,4767286519011944,"fraud_Yost, Schamberger and Windler",kids_pets,40.65,Elizabeth,Brady,F,Harrisberg,DE,9271,37.340386,-137.535062,768349,Mechanical engineer,1955-04-25,sim_118c75f6-2bf9-4f0e-be64-34bc3717cd8a,1715988360,41.672163,-76.360179,0,0.0,0
c912b976-f29c-4fd6-acdf-fc4068d3b66e,2024-05-18 01:19:38,4767286519011944,fraud_Stamm-Rodriguez,misc_pos,4.42,Elizabeth,Brady,F,Harrisberg,DE,9271,37.340386,-137.535062,768349,Mechanical engineer,1955-04-25,sim_fe14a704-db71-47c2-82c0-1096bf1ab530,1715991578,35.792977,-83.782261,0,0.0,0
c912b976-f29c-4fd6-acdf-fc4068d3b66e,2024-05-18 04:42:00,4767286519011944,fraud_Lebsack and Sons,misc_net,1.78,Elizabeth,Brady,F,Harrisberg,DE,9271,37.340386,-137.535062,768349,Mechanical engineer,1955-04-25,sim_98fb47f0-a377-4864-b82e-f4dc057d7753,1716003720,39.130987,-95.181255,0,0.0,0
c912b976-f29c-4fd6-acdf-fc4068d3b66e,2024-05-18 05:45:10,4767286519011944,fraud_Ankunding LLC,shopping_net,3.1,Elizabeth,Brady,F,Harrisberg,DE,9271,37.340386,-137.535062,768349,Mechanical engineer,1955-04-25,sim_f27eff22-f1b2-42ab-b48a-b482bff20498,1716007510,45.279663,-101.399829,0,0.0,0
c912b976-f29c-4fd6-acdf-fc4068d3b66e,2024-05-18 08:25:10,4767286519011944,"fraud_Moen, Reinger and Murphy",grocery_pos,106.38,Elizabeth,Brady,F,Harrisberg,DE,9271,37.340386,-137.535062,768349,Mechanical engineer,1955-04-25,sim_b1349edd-6518-4dc0-bbcc-065a0a89fb31,1716017110,38.091571,-84.353844,0,0.0,0
c912b976-f29c-4fd6-acdf-fc4068d3b66e,2024-05-18 11:38:47,4767286519011944,fraud_Little Ltd,kids_pets,25.52,Elizabeth,Brady,F,Harrisberg,DE,9271,37.340386,-137.535062,768349,Mechanical engineer,1955-04-25,sim_086d8b64-75e5-4713-b04b-dd5fd40f3fba,1716028727,38.037274,-109.571135,0,0.0,0
c912b976-f29c-4fd6-acdf-fc4068d3b66e,2024-05-18 14:18:49,4767286519011944,"fraud_Cole, Hills and Jewess",home,77.75,Elizabeth,Brady,F,Harrisberg,DE,9271,37.340386,-137.535062,768349,Mechanical engineer,1955-04-25,sim_8bad2889-ad6c-42a3-b2a8-7b893bb17de1,1716038329,41.038571000000005,-80.992237,0,0.0,0
c912b976-f29c-4fd6-acdf-fc4068d3b66e,2024-05-18 16:40:18,4767286519011944,fraud_Pagac LLC,shopping_pos,137.04,Elizabeth,Brady,F,Harrisberg,DE,9271,37.340386,-137.535062,768349,Mechanical engineer,1955-04-25,sim_d1361867-bf8b-41dd-8a2a-864511ff0956,1716046818,42.26274,-85.892108,0,0.0,0
c912b976-f29c-4fd6-acdf-fc4068d3b66e,2024-05-18 19:24:31,4767286519011944,fraud_Hoppe-Parisian,kids_pets,169.89,Elizabeth,Brady,F,Harrisberg,DE,9271,37.340386,-137.535062,768349,Mechanical engineer,1955-04-25,sim_cbbdb8da-89d4-4bdb-b4d8-18a294dfc9e4,1716056671,32.298688,-101.066345,0,0.0,0
c912b976-f29c-4fd6-acdf-fc4068d3b66e,2024-05-18 23:54:59,4767286519011944,fraud_Schoen Ltd,kids_pets,52.49,Elizabeth,Brady,F,Harrisberg,DE,9271,37.340386,-137.535062,768349,Mechanical engineer,1955-04-25,sim_7ccb444e-f713-4b29-a9f8-0f5ae52a9832,1716072899,38.26115,-122.973297,0,0.0,0
c912b976-f29c-4fd6-acdf-fc4068d3b66e,2024-05-19 01:17:16,4767286519011944,"fraud_Eichmann, Bogan and Rodriguez",gas_transport,65.23,Elizabeth,Brady,F,Harrisberg,DE,9271,37.340386,-137.535062,768349,Mechanical engineer,1955-04-25,sim_d693b9be-0dc7-464b-87bf-3036cc19cfa9,1716077836,44.615989,-71.10901,0,0.0,0
c912b976-f29c-4fd6-acdf-fc4068d3b66e,2024-05-19 02:52:20,4767286519011944,"fraud_Bernier, Streich and Jewess",grocery_net,6.99,Elizabeth,Brady,F,Harrisberg,DE,9271,37.340386,-137.535062,768349,Mechanical engineer,1955-04-25,sim_078e0210-2658-4d45-99b9-5c2edb183432,1716083540,39.847031,-82.573853,0,0.0,0
c912b976-f29c-4fd6-acdf-fc4068d3b66e,2024-05-19 04:58:10,4767286519011944,"fraud_Swaniawski, Nitzsche and Welch",health_fitness,165.88,Elizabeth,Brady,F,Harrisberg,DE,9271,37.340386,-137.535062,768349,Mechanical engineer,1955-04-25,sim_4c40f25b-1bab-4441-b22f-014cc953c4a8,1716091090,41.583739,-72.874966,0,0.0,0
c912b976-f29c-4fd6-acdf-fc4068d3b66e,2024-05-19 08:04:55,4767286519011944,"fraud_Baumbach, Hodkiewicz and Walsh",shopping_pos,8.24,Elizabeth,Brady,F,Harrisberg,DE,9271,37.340386,-137.535062,768349,Mechanical engineer,1955-04-25,sim_c5dc224c-4a72-4b62-960b-071ab80e908a,1716102295,38.083198,-93.721611,0,0.0,0
c912b976-f29c-4fd6-acdf-fc4068d3b66e,2024-05-19 13:36:09,4767286519011944,fraud_Huels-Hahn,gas_transport,83.01,Elizabeth,Brady,F,Harrisberg,DE,9271,37.340386,-137.535062,768349,Mechanical engineer,1955-04-25,sim_440cb107-befe-4b0c-9ab5-cca30e5dbe87,1716122169,42.982936,-79.876711,0,0.0,0
c912b976-f29c-4fd6-acdf-fc4068d3b66e,2024-05-19 13:51:02,4767286519011944,fraud_Cummerata-Hilpert,entertainment,51.38,Elizabeth,Brady,F,Harrisberg,DE,9271,37.340386,-137.535062,768349,Mechanical engineer,1955-04-25,sim_26c50dec-a5d8-41b4-99d4-b6f2d73907d0,1716123062,36.173552,-86.197125,0,0.0,0
c912b976-f29c-4fd6-acdf-fc4068d3b66e,2024-05-19 15:00:33,4767286519011944,"fraud_Bahringer, Osinski and Block",food_dining,62.59,Elizabeth,Brady,F,Harrisberg,DE,9271,37.340386,-137.535062,768349,Mechanical engineer,1955-04-25,sim_400729de-95b0-434f-8a00-d8548b423928,1716127233,40.119706,-74.762689,0,0.0,0
c912b976-f29c-4fd6-acdf-fc4068d3b66e,2024-05-19 16:38:12,4767286519011944,fraud_Kutch and Sons,grocery_pos,90.8,Elizabeth,Brady,F,Harrisberg,DE,9271,37.340386,-137.535062,768349,Mechanical engineer,1955-04-25,sim_44220790-16e2-4c56-bcfc-aa33325522f7,1716133092,26.161983,-82.573621,0,0.0,0
c912b976-f29c-4fd6-acdf-fc4068d3b66e,2024-05-19 18:40:50,4767286519011944,"fraud_Weimann, Kuhic and Beahan",shopping_pos,13.02,Elizabeth,Brady,F,Harrisberg,DE,9271,37.340386,-137.535062,768349,Mechanical engineer,1955-04-25,sim_5d511e76-edf1-4341-ba8f-5edb76b1220e,1716140450,39.832089,-110.077562,0,0.0,0
c912b976-f29c-4fd6-acdf-fc4068d3b66e,2024-05-19 20:06:07,4767286519011944,"fraud_Stroman, Hudson and Erdman",gas_transport,85.04,Elizabeth,Brady,F,Harrisberg,DE,9271,37.340386,-137.535062,768349,Mechanical engineer,1955-04-25,sim_a201f753-5505-49ea-8159-3d767d40d2e0,1716145567,40.642989,-97.963513,0,0.0,0
c912b976-f29c-4fd6-acdf-fc4068d3b66e,2024-05-20 00:41:21,4767286519011944,fraud_Dietrich-Fadel,health_fitness,76.72,Elizabeth,Brady,F,Harrisberg,DE,9271,37.340386,-137.535062,768349,Mechanical engineer,1955-04-25,sim_0b7cde35-a479-4fd9-929e-1cb41251fd10,1716162081,39.73741,-78.367035,0,0.0,0
c912b976-f29c-4fd6-acdf-fc4068d3b66e,2024-05-20 05:36:34,4767286519011944,fraud_Ruecker-Mayert,kids_pets,31.28,Elizabeth,Brady,F,Harrisberg,DE,9271,37.340386,-137.535062,768349,Mechanical engineer,1955-04-25,sim_caec2018-867a-4781-970d-d7da1277713c,1716179794,43.167866,-82.377558,0,0.0,0
c912b976-f29c-4fd6-acdf-fc4068d3b66e,2024-05-20 11:34:16,4767286519011944,"fraud_Schoen, Nienow and Bauch",personal_care,132.09,Elizabeth,Brady,F,Harrisberg,DE,9271,37.340386,-137.535062,768349,Mechanical engineer,1955-04-25,sim_b14e500b-69d9-4b47-bb69-b4b8ac8552a0,1716201256,33.045156,-94.738212,0,0.0,0
c912b976-f29c-4fd6-acdf-fc4068d3b66e,2024-05-20 15:45:50,4767286519011944,"fraud_Roberts, Daniel and Macejkovic",kids_pets,49.7,Elizabeth,Brady,F,Harrisberg,DE,9271,37.340386,-137.535062,768349,Mechanical engineer,1955-04-25,sim_e582ecb3-1bcf-4b5f-8b05-a3e2ba5cc0a7,1716216350,48.494204,-102.66532,0,0.0,0
c912b976-f29c-4fd6-acdf-fc4068d3b66e,2024-05-20 17:39:54,4767286519011944,fraud_Stark-Batz,entertainment,17.61,Elizabeth,Brady,F,Harrisberg,DE,9271,37.340386,-137.535062,768349,Mechanical engineer,1955-04-25,sim_352344a7-811b-4edf-9b04-4dfb10441681,1716223194,36.521886,-79.17000300000001,0,0.0,0
c912b976-f29c-4fd6-acdf-fc4068d3b66e,2024-05-20 21:57:35,4767286519011944,fraud_Bailey-Morar,grocery_pos,85.12,Elizabeth,Brady,F,Harrisberg,DE,9271,37.340386,-137.535062,768349,Mechanical engineer,1955-04-25,sim_887b30f1-0b2e-44d7-a743-fee27904d1e5,1716238655,30.496364,-103.500278,0,0.0,0
c912b976-f29c-4fd6-acdf-fc4068d3b66e,2024-05-21 01:48:03,4767286519011944,fraud_Ratke and Sons,health_fitness,73.27,Elizabeth,Brady,F,Harrisberg,DE,9271,37.340386,-137.535062,768349,Mechanical engineer,1955-04-25,sim_1d899b9c-0fa4-449f-97e7-b3b3f94e291e,1716252483,35.412217,-98.026488,0,0.0,0
c912b976-f29c-4fd6-acdf-fc4068d3b66e,2024-05-21 04:20:17,4767286519011944,fraud_Kuhic LLC,shopping_net,324.21,Elizabeth,Brady,F,Harrisberg,DE,9271,37.340386,-137.535062,768349,Mechanical engineer,1955-04-25,sim_400844a4-ebd9-42e4-a5cb-8865c7bed45c,1716261617,38.14956,-98.735183,0,0.0,0
c912b976-f29c-4fd6-acdf-fc4068d3b66e,2024-05-21 08:42:22,4767286519011944,"fraud_Weber, Thiel and Hammes",kids_pets,200.41,Elizabeth,Brady,F,Harrisberg,DE,9271,37.340386,-137.535062,768349,Mechanical engineer,1955-04-25,sim_0b8d6ebb-64d7-41f4-a342-5fc0160b3d43,1716277342,30.812928000000003,-88.56684399999999,0,0.0,0
c912b976-f29c-4fd6-acdf-fc4068d3b66e,2024-05-21 12:34:35,4767286519011944,fraud_Schimmel-Olson,kids_pets,152.41,Elizabeth,Brady,F,Harrisberg,DE,9271,37.340386,-137.535062,768349,Mechanical engineer,1955-04-25,sim_8aeae976-59a5-41e6-989b-a907d190e923,1716291275,41.629614,-78.13391800000001,0,0.0,0
c912b976-f29c-4fd6-acdf-fc4068d3b66e,2024-05-21 13:04:50,4767286519011944,fraud_Heller PLC,health_fitness,24.79,Elizabeth,Brady,F,Harrisberg,DE,9271,37.340386,-137.535062,768349,Mechanical engineer,1955-04-25,sim_3321cfae-969e-42d2-8848-1b8594267a3d,1716293090,40.128496000000005,-79.937315,0,0.0,0
c912b976-f29c-4fd6-acdf-fc4068d3b66e,2024-05-21 17:53:27,4767286519011944,fraud_Ruecker-Mayert,kids_pets,5.84,Elizabeth,Brady,F,Harrisberg,DE,9271,37.340386,-137.535062,768349,Mechanical engineer,1955-04-25,sim_8211c1fc-e78f-464b-8dda-3d5c8087fb92,1716310407,42.887393,-73.396073,0,0.0,0
c912b976-f29c-4fd6-acdf-fc4068d3b66e,2024-05-21 21:06:16,4767286519011944,"fraud_Langworth, Boehm and Gulgowski",shopping_net,18.72,Elizabeth,Brady,F,Harrisberg,DE,9271,37.340386,-137.535062,768349,Mechanical engineer,1955-04-25,sim_12a7984e-900e-476c-bb78-c31185997c1a,1716321976,24.416912,-80.79947800000001,0,0.0,0
c912b976-f29c-4fd6-acdf-fc4068d3b66e,2024-05-22 00:53:39,4767286519011944,fraud_Ziemann-Waters,health_fitness,74.63,Elizabeth,Brady,F,Harrisberg,DE,9271,37.340386,-137.535062,768349,Mechanical engineer,1955-04-25,sim_e75a52cc-31b5-4be9-b88b-071d329ddaac,1716335619,40.496259,-74.640404,0,0.0,0
c912b976-f29c-4fd6-acdf-fc4068d3b66e,2024-05-22 03:06:45,4767286519011944,fraud_Ratke and Sons,health_fitness,94.14,Elizabeth,Brady,F,Harrisberg,DE,9271,37.340386,-137.535062,768349,Mechanical engineer,1955-04-25,sim_13a7795c-cd81-47b2-bbe6-1b5c612af292,1716343605,40.272442,-82.920744,0,0.0,0
c912b976-f29c-4fd6-acdf-fc4068d3b66e,2024-05-22 03:23:41,4767286519011944,fraud_Stark-Batz,entertainment,77.9,Elizabeth,Brady,F,Harrisberg,DE,9271,37.340386,-137.535062,768349,Mechanical engineer,1955-04-25,sim_ab0e20b1-0167-402a-9853-93a29ae9f949,1716344621,39.772245,-76.44277199999999,0,0.0,0
c912b976-f29c-4fd6-acdf-fc4068d3b66e,2024-05-22 06:05:52,4767286519011944,fraud_Keeling-Crist,misc_pos,23.51,Elizabeth,Brady,F,Harrisberg,DE,9271,37.340386,-137.535062,768349,Mechanical engineer,1955-04-25,sim_292c9264-c73c-49c4-9ef2-c39e645b630e,1716354352,36.108663,-97.547347,0,0.0,0
c912b976-f29c-4fd6-acdf-fc4068d3b66e,2024-05-22 11:50:30,4767286519011944,"fraud_Armstrong, Walter and Gottlieb",food_dining,95.13,Elizabeth,Brady,F,Harrisberg,DE,9271,37.340386,-137.535062,768349,Mechanical engineer,1955-04-25,sim_1e413bfb-57b4-43ba-905c-efbcfe89633a,1716375030,36.821011,-86.853248,0,0.0,0
c912b976-f29c-4fd6-acdf-fc4068d3b66e,2024-05-22 15:59:51,4767286519011944,"fraud_Greenholt, Jacobi and Gleason",gas_transport,62.33,Elizabeth,Brady,F,Harrisberg,DE,9271,37.340386,-137.535062,768349,Mechanical engineer,1955-04-25,sim_f27c0821-6f6d-44b9-9a68-2727a8d0b82b,1716389991,34.511639,-99.211035,0,0.0,0
c912b976-f29c-4fd6-acdf-fc4068d3b66e,2024-05-22 20:53:23,4767286519011944,"fraud_Schaefer, Maggio and Daugherty",gas_transport,76.01,Elizabeth,Brady,F,Harrisberg,DE,9271,37.340386,-137.535062,768349,Mechanical engineer,1955-04-25,sim_9468a554-6cc4-427a-8fe0-01e8e954a34e,1716407603,34.331896,-93.470771,0,0.0,0
c912b976-f29c-4fd6-acdf-fc4068d3b66e,2024-05-22 22:08:56,4767286519011944,"fraud_Reinger, Weissnat and Strosin",food_dining,205.07,Elizabeth,Brady,F,Harrisberg,DE,9271,37.340386,-137.535062,768349,Mechanical engineer,1955-04-25,sim_2284fdd1-a270-4f39-a6ab-d7f6e84c9bf6,1716412136,40.615977,-83.701799,0,0.0,0
c912b976-f29c-4fd6-acdf-fc4068d3b66e,2024-05-22 22:17:33,4767286519011944,fraud_Parisian and Sons,gas_transport,66.87,Elizabeth,Brady,F,Harrisberg,DE,9271,37.340386,-137.535062,768349,Mechanical engineer,1955-04-25,sim_77e076c8-2a21-406e-ab17-9b5ebdedc074,1716412653,40.195626,-81.46806,0,0.0,0
c912b976-f29c-4fd6-acdf-fc4068d3b66e,2024-05-23 03:57:01,4767286519011944,"fraud_Tromp, Kerluke and Glover",grocery_net,27.08,Elizabeth,Brady,F,Harrisberg,DE,9271,37.340386,-137.535062,768349,Mechanical engineer,1955-04-25,sim_690dc1e4-d9ee-4a19-8a89-e70a942c0319,1716433021,38.941707,-86.11125,0,0.0,0
c912b976-f29c-4fd6-acdf-fc4068d3b66e,2024-05-23 06:10:14,4767286519011944,fraud_Kutch-Hegmann,grocery_net,75.18,Elizabeth,Brady,F,Harrisberg,DE,9271,37.340386,-137.535062,768349,Mechanical engineer,1955-04-25,sim_14a5c637-70a4-4798-8038-ad9b0f18aa2c,1716441014,40.113183,-72.883893,0,0.0,0
c912b976-f29c-4fd6-acdf-fc4068d3b66e,2024-05-23 08:30:02,4767286519011944,"fraud_Stokes, Christiansen and Sipes",grocery_net,28.57,Elizabeth,Brady,F,Harrisberg,DE,9271,37.340386,-137.535062,768349,Mechanical engineer,1955-04-25,sim_1139ea33-8c5d-407a-8efc-c805e1c39dae,1716449402,39.450435,-82.029791,0,0.0,0
c912b976-f29c-4fd6-acdf-fc4068d3b66e,2024-05-23 11:26:48,4767286519011944,"fraud_Schneider, Hayes and Nikolaus",food_dining,36.93,Elizabeth,Brady,F,Harrisberg,DE,9271,37.340386,-137.535062,768349,Mechanical engineer,1955-04-25,sim_d3853fa5-2067-48f6-b905-c609b491e8ae,1716460008,30.467714,-83.436038,0,0.0,0
c912b976-f29c-4fd6-acdf-fc4068d3b66e,2024-05-23 15:45:00,4767286519011944,fraud_Conroy-Emard,food_dining,68.59,Elizabeth,Brady,F,Harrisberg,DE,9271,37.340386,-137.535062,768349,Mechanical engineer,1955-04-25,sim_1dd828be-4d46-4684-96a3-653273765516,1716475500,41.771522,-73.082422,0,0.0,0
c912b976-f29c-4fd6-acdf-fc4068d3b66e,2024-05-23 16:13:10,4767286519011944,fraud_Ruecker-Mayert,kids_pets,48.23,Elizabeth,Brady,F,Harrisberg,DE,9271,37.340386,-137.535062,768349,Mechanical engineer,1955-04-25,sim_fda07fa7-b681-4126-82a8-b9588facd860,1716477190,34.043609000000004,-88.604951,0,0.0,0
c912b976-f29c-4fd6-acdf-fc4068d3b66e,2024-05-23 19:24:41,4767286519011944,"fraud_Schaefer, Fay and Hilll",entertainment,64.38,Elizabeth,Brady,F,Harrisberg,DE,9271,37.340386,-137.535062,768349,Mechanical engineer,1955-04-25,sim_309c63ef-2161-4ed1-a13d-71da431c399b,1716488681,40.625192,-76.635826,0,0.0,0
c912b976-f29c-4fd6-acdf-fc4068d3b66e,2024-05-23 20:16:15,4767286519011944,"fraud_Zemlak, Tillman and Cremin",personal_care,47.19,Elizabeth,Brady,F,Harrisberg,DE,9271,37.340386,-137.535062,768349,Mechanical engineer,1955-04-25,sim_2a1bf0c6-ac03-4614-a17f-81d33523de62,1716491775,42.817306,-72.11287,0,0.0,0
c912b976-f29c-4fd6-acdf-fc4068d3b66e,2024-05-24 01:37:32,4767286519011944,"fraud_Kovacek, Dibbert and Ondricka",grocery_pos,138.34,Elizabeth,Brady,F,Harrisberg,DE,9271,37.340386,-137.535062,768349,Mechanical engineer,1955-04-25,sim_eb4ca8e1-7424-4a64-8138-7809b02a65cf,1716511052,33.866505,-88.530048,0,0.0,0
c912b976-f29c-4fd6-acdf-fc4068d3b66e,2024-05-24 05:29:14,4767286519011944,fraud_Sporer Inc,gas_transport,59.88,Elizabeth,Brady,F,Harrisberg,DE,9271,37.340386,-137.535062,768349,Mechanical engineer,1955-04-25,sim_424dab09-ae93-4eb5-ac12-2976bb2981a0,1716524954,41.837362,-96.302839,0,0.0,0
c912b976-f29c-4fd6-acdf-fc4068d3b66e,2024-05-24 05:34:57,4767286519011944,fraud_McCullough Group,grocery_net,63.42,Elizabeth,Brady,F,Harrisberg,DE,9271,37.340386,-137.535062,768349,Mechanical engineer,1955-04-25,sim_f3196771-3a4f-4c76-91f0-4ed00b7e3e33,1716525297,44.518266,-85.929326,0,0.0,0
c912b976-f29c-4fd6-acdf-fc4068d3b66e,2024-05-24 08:44:37,4767286519011944,fraud_Torphy-Goyette,shopping_pos,88.75,Elizabeth,Brady,F,Harrisberg,DE,9271,37.340386,-137.535062,768349,Mechanical engineer,1955-04-25,sim_8985d43c-eeca-494e-b080-dbd2ac605cdd,1716536677,42.695139000000005,-78.354582,0,0.0,0
c912b976-f29c-4fd6-acdf-fc4068d3b66e,2024-05-24 12:55:13,4767286519011944,fraud_Johns Inc,entertainment,8.2,Elizabeth,Brady,F,Harrisberg,DE,9271,37.340386,-137.535062,768349,Mechanical engineer,1955-04-25,sim_60f1ae9d-3c61-4d8d-9f0c-e2d5acdfb1a4,1716551713,38.661101,-76.868799,0,0.0,0
c912b976-f29c-4fd6-acdf-fc4068d3b66e,2024-05-24 14:05:28,4767286519011944,fraud_Roob-Okuneva,health_fitness,43.9,Elizabeth,Brady,F,Harrisberg,DE,9271,37.340386,-137.535062,768349,Mechanical engineer,1955-04-25,sim_e5a3004b-f33c-4ecc-b9bf-6ea2524ca6a7,1716555928,41.345266,-88.002266,0,0.0,0
c912b976-f29c-4fd6-acdf-fc4068d3b66e,2024-05-24 17:17:03,4767286519011944,"fraud_Kling, Howe and Schneider",home,29.24,Elizabeth,Brady,F,Harrisberg,DE,9271,37.340386,-137.535062,768349,Mechanical engineer,1955-04-25,sim_35cee0ac-3825-434b-a2e0-016b8a10e0d4,1716567423,36.931511,-79.24078,0,0.0,0
c912b976-f29c-4fd6-acdf-fc4068d3b66e,2024-05-24 21:25:16,4767286519011944,fraud_Rau and Sons,grocery_pos,92.26,Elizabeth,Brady,F,Harrisberg,DE,9271,37.340386,-137.535062,768349,Mechanical engineer,1955-04-25,sim_0ba83828-69f0-4398-a923-ed31ca4bdc8b,1716582316,21.004101,-155.363339,0,0.02,0
c912b976-f29c-4fd6-acdf-fc4068d3b66e,2024-05-25 01:48:43,4767286519011944,"fraud_Heller, Gutmann and Zieme",grocery_pos,132.82,Elizabeth,Brady,F,Harrisberg,DE,9271,37.340386,-137.535062,768349,Mechanical engineer,1955-04-25,sim_cead3dfb-2363-4a5e-b292-3d9db207b467,1716598123,40.668242,-86.122517,0,0.0,0
c912b976-f29c-4fd6-acdf-fc4068d3b66e,2024-05-25 02:33:41,4767286519011944,fraud_Goyette-Gerhold,kids_pets,57.96,Elizabeth,Brady,F,Harrisberg,DE,9271,37.340386,-137.535062,768349,Mechanical engineer,1955-04-25,sim_21e3ed8d-c9a0-4a1d-99a3-eb40786566e8,1716600821,38.641338,-99.849113,0,0.0,0
c912b976-f29c-4fd6-acdf-fc4068d3b66e,2024-05-25 07:07:25,4767286519011944,fraud_Heller-Langosh,gas_transport,76.64,Elizabeth,Brady,F,Harrisberg,DE,9271,37.340386,-137.535062,768349,Mechanical engineer,1955-04-25,sim_59486822-cd16-42b9-a1fd-8f20fd1a6ec7,1716617245,38.434739,-88.368425,0,0.0,0
c912b976-f29c-4fd6-acdf-fc4068d3b66e,2024-05-25 11:24:00,4767286519011944,"fraud_Daugherty, Pouros and Beahan",shopping_pos,77.03,Elizabeth,Brady,F,Harrisberg,DE,9271,37.340386,-137.535062,768349,Mechanical engineer,1955-04-25,sim_2724cdce-6f8e-4c48-aa2b-6c7af848434f,1716632640,41.65646,-84.181735,0,0.0,0
c912b976-f29c-4fd6-acdf-fc4068d3b66e,2024-05-25 14:59:08,4767286519011944,fraud_Schumm PLC,health_fitness,2.01,Elizabeth,Brady,F,Harrisberg,DE,9271,37.340386,-137.535062,768349,Mechanical engineer,1955-04-25,sim_5614b61f-e35d-46b1-8475-87e0111f6ce2,1716645548,40.90097,-80.412368,0,0.0,0
c912b976-f29c-4fd6-acdf-fc4068d3b66e,2024-05-25 19:26:31,4767286519011944,fraud_Volkman-Predovic,shopping_net,1.59,Elizabeth,Brady,F,Harrisberg,DE,9271,37.340386,-137.535062,768349,Mechanical engineer,1955-04-25,sim_22a86842-8681-4edf-a242-6b0a64a1dd61,1716661591,41.740526,-72.19393000000001,0,0.0,0
c912b976-f29c-4fd6-acdf-fc4068d3b66e,2024-05-25 22:05:49,4767286519011944,"fraud_Romaguera, Wehner and Tromp",kids_pets,44.09,Elizabeth,Brady,F,Harrisberg,DE,9271,37.340386,-137.535062,768349,Mechanical engineer,1955-04-25,sim_fefdeb3c-6b32-4abd-94c1-4be4d6e1d7ee,1716671149,43.04302,-72.827469,0,0.0,0
c912b976-f29c-4fd6-acdf-fc4068d3b66e,2024-05-26 00:21:53,4767286519011944,fraud_Weimann-Lockman,kids_pets,53.62,Elizabeth,Brady,F,Harrisberg,DE,9271,37.340386,-137.535062,768349,Mechanical engineer,1955-04-25,sim_efe102ae-35d4-4942-9dc7-c5517de2d7e5,1716679313,34.290833,-85.222098,0,0.0,0
c912b976-f29c-4fd6-acdf-fc4068d3b66e,2024-05-26 03:19:01,4767286519011944,fraud_O'Connell-Ullrich,home,21.12,Elizabeth,Brady,F,Harrisberg,DE,9271,37.340386,-137.535062,768349,Mechanical engineer,1955-04-25,sim_dd7b766d-088f-44a8-a118-d0dd38159e81,1716689941,29.606378000000003,-90.540225,0,0.0,0
c912b976-f29c-4fd6-acdf-fc4068d3b66e,2024-05-26 03:44:23,4767286519011944,"fraud_Adams, Kovacek and Kuhlman",grocery_net,39.48,Elizabeth,Brady,F,Harrisberg,DE,9271,37.340386,-137.535062,768349,Mechanical engineer,1955-04-25,sim_5d2cff4a-f35c-4f74-9e68-edb9d3770437,1716691463,38.895449,-120.460192,0,0.0,0
c912b976-f29c-4fd6-acdf-fc4068d3b66e,2024-05-26 05:05:45,4767286519011944,fraud_Kessler Group,travel,7.43,Elizabeth,Brady,F,Harrisberg,DE,9271,37.340386,-137.535062,768349,Mechanical engineer,1955-04-25,sim_217f5025-435c-4d6d-aa64-3c7a51773fa6,1716696345,32.926186,-79.645507,0,0.0,0
c912b976-f29c-4fd6-acdf-fc4068d3b66e,2024-05-26 05:09:54,4767286519011944,fraud_McCullough LLC,misc_pos,8.3,Elizabeth,Brady,F,Harrisberg,DE,9271,37.340386,-137.535062,768349,Mechanical engineer,1955-04-25,sim_cd36de4c-45e5-41a9-a358-1cb0db652b61,1716696594,40.590611,-98.905594,0,0.0,0
c912b976-f29c-4fd6-acdf-fc4068d3b66e,2024-05-26 07:09:28,4767286519011944,"fraud_Nienow, Barrows and Romaguera",personal_care,49.97,Elizabeth,Brady,F,Harrisberg,DE,9271,37.340386,-137.535062,768349,Mechanical engineer,1955-04-25,sim_935af7e7-c9fa-4f3d-9136-93a42cf885ca,1716703768,32.672466,-84.223228,0,0.0,0
c912b976-f29c-4fd6-acdf-fc4068d3b66e,2024-05-26 11:54:12,4767286519011944,"fraud_Bernier, Volkman and Hoeger",misc_net,7.5,Elizabeth,Brady,F,Harrisberg,DE,9271,37.340386,-137.535062,768349,Mechanical engineer,1955-04-25,sim_6bd20f44-1cbd-4578-9d63-fd637282faa7,1716720852,39.819345,-84.026566,0,0.0,0
c912b976-f29c-4fd6-acdf-fc4068d3b66e,2024-05-26 15:10:53,4767286519011944,fraud_McGlynn-Heathcote,misc_net,190.14,Elizabeth,Brady,F,Harrisberg,DE,9271,37.340386,-137.535062,768349,Mechanical engineer,1955-04-25,sim_e31016e9-26cd-49d7-b0ce-62a3dae23301,1716732653,43.686941,-75.176803,0,0.0,0
c912b976-f29c-4fd6-acdf-fc4068d3b66e,2024-05-26 16:44:29,4767286519011944,fraud_Stoltenberg-Beatty,shopping_pos,119.06,Elizabeth,Brady,F,Harrisberg,DE,9271,37.340386,-137.535062,768349,Mechanical engineer,1955-04-25,sim_831f6741-ccdc-4591-9812-c830888a932a,1716738269,30.078842,-95.664536,0,0.0,0
c912b976-f29c-4fd6-acdf-fc4068d3b66e,2024-05-26 18:38:35,4767286519011944,fraud_Jewess LLC,shopping_pos,48.49,Elizabeth,Brady,F,Harrisberg,DE,9271,37.340386,-137.535062,768349,Mechanical engineer,1955-04-25,sim_28928467-928f-427b-b6d8-c684cbc9ad9f,1716745115,40.669849,-92.748864,0,0.0,0
c912b976-f29c-4fd6-acdf-fc4068d3b66e,2024-05-26 23:40:55,4767286519011944,fraud_Gaylord-Powlowski,home,126.26,Elizabeth,Brady,F,Harrisberg,DE,9271,37.340386,-137.535062,768349,Mechanical engineer,1955-04-25,sim_a567abb1-7071-4573-b59e-6293950293de,1716763255,40.47758,-75.458601,0,0.0,0
c912b976-f29c-4fd6-acdf-fc4068d3b66e,2024-05-27 04:14:51,4767286519011944,fraud_Herzog Ltd,misc_pos,9.32,Elizabeth,Brady,F,Harrisberg,DE,9271,37.340386,-137.535062,768349,Mechanical engineer,1955-04-25,sim_74e88389-036d-4d22-8845-d67b7f55a31d,1716779691,37.76089,-121.710156,0,0.0,0
c912b976-f29c-4fd6-acdf-fc4068d3b66e,2024-05-27 08:50:37,4767286519011944,"fraud_Bahringer, Schoen and Corkery",shopping_pos,9.98,Elizabeth,Brady,F,Harrisberg,DE,9271,37.340386,-137.535062,768349,Mechanical engineer,1955-04-25,sim_063f2e98-0f80-4c71-8c3b-13702180cbcd,1716796237,40.845577,-89.622446,0,0.0,0
c912b976-f29c-4fd6-acdf-fc4068d3b66e,2024-05-27 12:22:33,4767286519011944,"fraud_Ruecker, Beer and Collier",shopping_net,576.52,Elizabeth,Brady,F,Harrisberg,DE,9271,37.340386,-137.535062,768349,Mechanical engineer,1955-04-25,sim_b8c28ec9-f183-4e41-a286-814d997b1ae9,1716808953,31.203919,-97.679832,0,0.0,0
c912b976-f29c-4fd6-acdf-fc4068d3b66e,2024-05-27 12:52:20,4767286519011944,fraud_Stiedemann Inc,misc_pos,41.14,Elizabeth,Brady,F,Harrisberg,DE,9271,37.340386,-137.535062,768349,Mechanical engineer,1955-04-25,sim_f266d824-7b99-47cd-b03f-a232394d231f,1716810740,39.465529,-77.810001,0,0.0,0
